{
"type": "FeatureCollection",
"name": "landslides_NE_India",
"crs": { "type": "name", "properties": { "name": "urn:ogc:def:crs:OGC:1.3:CRS84" } },
"features": [
{ "type": "Feature", "properties": { "event_id": "NASA_GLC_1055", "source": "NASA_GLC", "event_title": "Kerseong, West Bengal ", "event_date": "07/22/2009 12:00:00 AM", "state": "Bengal", "location_description": "Kerseong, West Bengal ", "latitude": 26.8826, "longitude": 88.2788, "landslide_category": "landslide", "landslide_trigger": "downpour", "fatalities": 0, "injuries": 0, "inside_ne_polygon": false, "susceptibility_probability": null, "susceptibility_class_num": null, "susceptibility_class_name": "Unclassified" }, "geometry": { "type": "Point", "coordinates": [ 88.2788, 26.8826 ] } },
{ "type": "Feature", "properties": { "event_id": "NASA_GLC_1054", "source": "NASA_GLC", "event_title": "Gayabari,  West Bengal ", "event_date": "07/22/2009 12:00:00 AM", "state": "Bengal", "location_description": "Gayabari,  West Bengal ", "latitude": 26.8572, "longitude": 88.3143, "landslide_category": "landslide", "landslide_trigger": "downpour", "fatalities": 0, "injuries": 0, "inside_ne_polygon": false, "susceptibility_probability": null, "susceptibility_class_num": null, "susceptibility_class_name": "Unclassified" }, "geometry": { "type": "Point", "coordinates": [ 88.3143, 26.8572 ] } },
{ "type": "Feature", "properties": { "event_id": "NASA_GLC_1061", "source": "NASA_GLC", "event_title": "Bridge destroyed at 4th Mile", "event_date": "07-01-2009 05:40", "state": "nan", "location_description": "4th Mile, Lower Mangshila in North Sikkim", "latitude": 27.478, "longitude": 88.527, "landslide_category": "landslide", "landslide_trigger": "downpour", "fatalities": 0, "injuries": 0, "inside_ne_polygon": true, "susceptibility_probability": 0.9749, "susceptibility_class_num": 5.0, "susceptibility_class_name": "Very High (80-100%)" }, "geometry": { "type": "Point", "coordinates": [ 88.527, 27.478 ] } },
{ "type": "Feature", "properties": { "event_id": "NASA_GLC_2164", "source": "NASA_GLC", "event_title": "Chingai-Kuingai(Quingai) route (16 kms), Chingai subdivision, Ukhrul district, Manipur", "event_date": "07/29/2010 11:00:00 PM", "state": "Manipur", "location_description": "Chingai-Kuingai(Quingai) route (16 kms), Chingai subdivision, Ukhrul district, Manipur", "latitude": 25.3098633, "longitude": 94.48214677, "landslide_category": "landslide", "landslide_trigger": "downpour", "fatalities": 0, "injuries": 0, "inside_ne_polygon": true, "susceptibility_probability": 0.9341, "susceptibility_class_num": 5.0, "susceptibility_class_name": "Very High (80-100%)" }, "geometry": { "type": "Point", "coordinates": [ 94.48214677, 25.3098633 ] } },
{ "type": "Feature", "properties": { "event_id": "NASA_GLC_9965", "source": "NASA_GLC", "event_title": "Landslide in Nagaland", "event_date": "09-05-2016 18:04", "state": "nan", "location_description": "Mokochung, Nagaland, India", "latitude": 26.324724, "longitude": 94.514651, "landslide_category": "landslide", "landslide_trigger": "rain", "fatalities": 0, "injuries": 0, "inside_ne_polygon": true, "susceptibility_probability": 0.9846, "susceptibility_class_num": 5.0, "susceptibility_class_name": "Very High (80-100%)" }, "geometry": { "type": "Point", "coordinates": [ 94.514651, 26.324724 ] } },
{ "type": "Feature", "properties": { "event_id": "NASA_GLC_9853", "source": "NASA_GLC", "event_title": "Landslide in Dzongu", "event_date": "08/16/2016 07:22:00 PM", "state": "nan", "location_description": "Dzongu, Sikkim, India", "latitude": 27.593, "longitude": 88.492, "landslide_category": "landslide", "landslide_trigger": "rain", "fatalities": 0, "injuries": 0, "inside_ne_polygon": true, "susceptibility_probability": 0.8684, "susceptibility_class_num": 5.0, "susceptibility_class_name": "Very High (80-100%)" }, "geometry": { "type": "Point", "coordinates": [ 88.492, 27.593 ] } },
{ "type": "Feature", "properties": { "event_id": "NASA_GLC_4569", "source": "NASA_GLC", "event_title": "North Skkimm Hwy between, Chungthang and Mangan, North Skimm (9 landslides)", "event_date": "09/19/2012 12:00:00 AM", "state": "nan", "location_description": "North Skkimm Hwy between, Chungthang and Mangan, North Skimm (9 landslides)", "latitude": 27.8385, "longitude": 88.556, "landslide_category": "landslide", "landslide_trigger": "downpour", "fatalities": 20, "injuries": 0, "inside_ne_polygon": true, "susceptibility_probability": 0.9479, "susceptibility_class_num": 5.0, "susceptibility_class_name": "Very High (80-100%)" }, "geometry": { "type": "Point", "coordinates": [ 88.556, 27.8385 ] } },
{ "type": "Feature", "properties": { "event_id": "NASA_GLC_4571", "source": "NASA_GLC", "event_title": " Chungthang and Pegong. Houses, between Rangma and Chungthang ", "event_date": "09/19/2012 12:00:00 AM", "state": "nan", "location_description": " Chungthang and Pegong. Houses, between Rangma and Chungthang ", "latitude": 27.6558, "longitude": 88.605, "landslide_category": "landslide", "landslide_trigger": "downpour", "fatalities": 0, "injuries": 0, "inside_ne_polygon": true, "susceptibility_probability": 0.966, "susceptibility_class_num": 5.0, "susceptibility_class_name": "Very High (80-100%)" }, "geometry": { "type": "Point", "coordinates": [ 88.605, 27.6558 ] } },
{ "type": "Feature", "properties": { "event_id": "NASA_GLC_9966", "source": "NASA_GLC", "event_title": "Landslide in Wokha-Merapani Road", "event_date": "09-05-2016 18:04", "state": "nan", "location_description": "Wokha, India", "latitude": 26.092493, "longitude": 94.257523, "landslide_category": "landslide", "landslide_trigger": "rain", "fatalities": 0, "injuries": 0, "inside_ne_polygon": true, "susceptibility_probability": 0.9857, "susceptibility_class_num": 5.0, "susceptibility_class_name": "Very High (80-100%)" }, "geometry": { "type": "Point", "coordinates": [ 94.257523, 26.092493 ] } },
{ "type": "Feature", "properties": { "event_id": "NASA_GLC_5122", "source": "NASA_GLC", "event_title": "National Highway 29 Between Patkai Bridge And Kukidolong, Nagaland", "event_date": "07/17/2013 12:00:00 AM", "state": "Nāgāland", "location_description": "National Highway 29 Between Patkai Bridge And Kukidolong, Nagaland", "latitude": 25.7658, "longitude": 93.9413, "landslide_category": "mudslide", "landslide_trigger": "rain", "fatalities": 0, "injuries": 0, "inside_ne_polygon": true, "susceptibility_probability": 0.7361, "susceptibility_class_num": 4.0, "susceptibility_class_name": "High (60-80%)" }, "geometry": { "type": "Point", "coordinates": [ 93.9413, 25.7658 ] } },
{ "type": "Feature", "properties": { "event_id": "NASA_GLC_5123", "source": "NASA_GLC", "event_title": "National Highway 2 Near Meriema Village, 10 Km Away From Kohima", "event_date": "07/17/2013 12:00:00 AM", "state": "Nāgāland", "location_description": "National Highway 2 Near Meriema Village, 10 Km Away From Kohima", "latitude": 25.7131, "longitude": 94.0885, "landslide_category": "mudslide", "landslide_trigger": "rain", "fatalities": 0, "injuries": 0, "inside_ne_polygon": true, "susceptibility_probability": 0.9628, "susceptibility_class_num": 5.0, "susceptibility_class_name": "Very High (80-100%)" }, "geometry": { "type": "Point", "coordinates": [ 94.0885, 25.7131 ] } },
{ "type": "Feature", "properties": { "event_id": "NASA_GLC_9943", "source": "NASA_GLC", "event_title": "5 landslides hit port of Chittagong", "event_date": "06/13/2017 03:17:00 PM", "state": "nan", "location_description": "Chittagong, Bangladesh", "latitude": 22.35037081, "longitude": 91.83258101, "landslide_category": "landslide", "landslide_trigger": "continuous_rain", "fatalities": 33, "injuries": 0, "inside_ne_polygon": false, "susceptibility_probability": null, "susceptibility_class_num": null, "susceptibility_class_name": "Unclassified" }, "geometry": { "type": "Point", "coordinates": [ 91.83258101, 22.35037081 ] } },
{ "type": "Feature", "properties": { "event_id": "NASA_GLC_9984", "source": "NASA_GLC", "event_title": "Landslide along Wokha-Merapani road", "event_date": "07-01-2017 16:00", "state": "nan", "location_description": "Wokha Sadar Sub-District, Wokha, Nagaland", "latitude": 26.1445447, "longitude": 94.24416766, "landslide_category": "landslide", "landslide_trigger": "downpour", "fatalities": 0, "injuries": 0, "inside_ne_polygon": true, "susceptibility_probability": 0.8719, "susceptibility_class_num": 5.0, "susceptibility_class_name": "Very High (80-100%)" }, "geometry": { "type": "Point", "coordinates": [ 94.24416766, 26.1445447 ] } },
{ "type": "Feature", "properties": { "event_id": "NASA_GLC_9940", "source": "NASA_GLC", "event_title": "Landslide in Panikhaiti kills girl", "event_date": "07-03-2017 15:17", "state": "nan", "location_description": "Panikhaiti, Kamrup Metropolitan, Assam State, India", "latitude": 26.20450454, "longitude": 91.87202793, "landslide_category": "landslide", "landslide_trigger": "continuous_rain", "fatalities": 1, "injuries": 0, "inside_ne_polygon": true, "susceptibility_probability": 0.1262, "susceptibility_class_num": 1.0, "susceptibility_class_name": "Very Low (0-20%)" }, "geometry": { "type": "Point", "coordinates": [ 91.87202793, 26.20450454 ] } },
{ "type": "Feature", "properties": { "event_id": "NASA_GLC_9941", "source": "NASA_GLC", "event_title": "Landslide blocks road", "event_date": "07-02-2017 15:17", "state": "nan", "location_description": "Deppochhari (??), Rangamati Hill District, Bangladesh", "latitude": 22.77997113, "longitude": 92.03513581, "landslide_category": "landslide", "landslide_trigger": "continuous_rain", "fatalities": 0, "injuries": 0, "inside_ne_polygon": false, "susceptibility_probability": null, "susceptibility_class_num": null, "susceptibility_class_name": "Unclassified" }, "geometry": { "type": "Point", "coordinates": [ 92.03513581, 22.77997113 ] } },
{ "type": "Feature", "properties": { "event_id": "NASA_GLC_9974", "source": "NASA_GLC", "event_title": "Landslide blocks road", "event_date": "07-04-2017 16:00", "state": "nan", "location_description": "AH1, Mao-Maram, Senapati, Manipur, 795150", "latitude": 25.4976444, "longitude": 94.12901274, "landslide_category": "landslide", "landslide_trigger": "continuous_rain", "fatalities": 0, "injuries": 0, "inside_ne_polygon": true, "susceptibility_probability": 0.9858, "susceptibility_class_num": 5.0, "susceptibility_class_name": "Very High (80-100%)" }, "geometry": { "type": "Point", "coordinates": [ 94.12901274, 25.4976444 ] } },
{ "type": "Feature", "properties": { "event_id": "NASA_GLC_9972", "source": "NASA_GLC", "event_title": "Fatal landslide in Chandrapur", "event_date": "07-03-2017 16:00", "state": "nan", "location_description": "Chandrapur, Kamrup Metropolitan, Assam", "latitude": 26.22247247, "longitude": 91.92053028, "landslide_category": "landslide", "landslide_trigger": "continuous_rain", "fatalities": 1, "injuries": 0, "inside_ne_polygon": true, "susceptibility_probability": 0.1268, "susceptibility_class_num": 1.0, "susceptibility_class_name": "Very Low (0-20%)" }, "geometry": { "type": "Point", "coordinates": [ 91.92053028, 26.22247247 ] } },
{ "type": "Feature", "properties": { "event_id": "NASA_GLC_9951", "source": "NASA_GLC", "event_title": "Landslide hits Jorabat", "event_date": "07-03-2017 14:33", "state": "nan", "location_description": "Jorabat, Assam State, India", "latitude": 26.1061808, "longitude": 91.85158907, "landslide_category": "landslide", "landslide_trigger": "downpour", "fatalities": 0, "injuries": 0, "inside_ne_polygon": true, "susceptibility_probability": 0.0793, "susceptibility_class_num": 1.0, "susceptibility_class_name": "Very Low (0-20%)" }, "geometry": { "type": "Point", "coordinates": [ 91.85158907, 26.1061808 ] } },
{ "type": "Feature", "properties": { "event_id": "NASA_GLC_9952", "source": "NASA_GLC", "event_title": "Landslide hits Jorabat", "event_date": "07-03-2017 14:33", "state": "nan", "location_description": "Sonapur, Kamrup Metropolitan, Assam", "latitude": 26.10430759, "longitude": 91.86227824, "landslide_category": "landslide", "landslide_trigger": "downpour", "fatalities": 0, "injuries": 0, "inside_ne_polygon": true, "susceptibility_probability": 0.5068, "susceptibility_class_num": 3.0, "susceptibility_class_name": "Moderate (40-60%)" }, "geometry": { "type": "Point", "coordinates": [ 91.86227824, 26.10430759 ] } },
{ "type": "Feature", "properties": { "event_id": "NASA_GLC_9942", "source": "NASA_GLC", "event_title": "20 landslides hit Rangamati Hill District", "event_date": "06/13/2017 03:17:00 PM", "state": "nan", "location_description": "Rangamati Hill District, Bangladesh", "latitude": 22.74955141, "longitude": 92.22099982, "landslide_category": "landslide", "landslide_trigger": "continuous_rain", "fatalities": 105, "injuries": 0, "inside_ne_polygon": false, "susceptibility_probability": null, "susceptibility_class_num": null, "susceptibility_class_name": "Unclassified" }, "geometry": { "type": "Point", "coordinates": [ 92.22099982, 22.74955141 ] } },
{ "type": "Feature", "properties": { "event_id": "NASA_GLC_9699", "source": "NASA_GLC", "event_title": "Bangladesh Landslides, Lakhsmichhari", "event_date": "06/13/2017 06:48:00 PM", "state": "nan", "location_description": "nan", "latitude": 22.80452414, "longitude": 91.91261915, "landslide_category": "landslide", "landslide_trigger": "downpour", "fatalities": 2, "injuries": 0, "inside_ne_polygon": false, "susceptibility_probability": null, "susceptibility_class_num": null, "susceptibility_class_name": "Unclassified" }, "geometry": { "type": "Point", "coordinates": [ 91.91261915, 22.80452414 ] } },
{ "type": "Feature", "properties": { "event_id": "NASA_GLC_9998", "source": "NASA_GLC", "event_title": "Landslide in Daporijo", "event_date": "07-04-2017 19:39", "state": "nan", "location_description": "Abotani Colony, Daporijo Township, Arunachal Pradesh, India", "latitude": 27.98531715, "longitude": 94.21263589, "landslide_category": "landslide", "landslide_trigger": "rain", "fatalities": 0, "injuries": 0, "inside_ne_polygon": true, "susceptibility_probability": 0.7024, "susceptibility_class_num": 4.0, "susceptibility_class_name": "High (60-80%)" }, "geometry": { "type": "Point", "coordinates": [ 94.21263589, 27.98531715 ] } },
{ "type": "Feature", "properties": { "event_id": "NASA_GLC_9983", "source": "NASA_GLC", "event_title": "Landslides blocks Wokha-Merapani Road", "event_date": "07-01-2017 16:00", "state": "nan", "location_description": "Wokha Sadar Sub-District, Wokha, Nagaland", "latitude": 26.11613908, "longitude": 94.24222574, "landslide_category": "landslide", "landslide_trigger": "continuous_rain", "fatalities": 0, "injuries": 0, "inside_ne_polygon": true, "susceptibility_probability": 0.8562, "susceptibility_class_num": 5.0, "susceptibility_class_name": "Very High (80-100%)" }, "geometry": { "type": "Point", "coordinates": [ 94.24222574, 26.11613908 ] } },
{ "type": "Feature", "properties": { "event_id": "NASA_GLC_9993", "source": "NASA_GLC", "event_title": "Landslide along Daporijo-Dumporijo road", "event_date": "07-04-2017 19:39", "state": "nan", "location_description": "Daporijo-Dumporijo road, Arunachal Pradesh, India", "latitude": 27.97875751, "longitude": 94.26296826, "landslide_category": "landslide", "landslide_trigger": "rain", "fatalities": 0, "injuries": 0, "inside_ne_polygon": true, "susceptibility_probability": 0.4617, "susceptibility_class_num": 3.0, "susceptibility_class_name": "Moderate (40-60%)" }, "geometry": { "type": "Point", "coordinates": [ 94.26296826, 27.97875751 ] } },
{ "type": "Feature", "properties": { "event_id": "NASA_GLC_9976", "source": "NASA_GLC", "event_title": "Landslide blocks NH-55", "event_date": "07-05-2017 16:00", "state": "nan", "location_description": "Kurseong, Darjeeling, West Bengal, India", "latitude": 26.90298048, "longitude": 88.29518925000001, "landslide_category": "landslide", "landslide_trigger": "continuous_rain", "fatalities": 0, "injuries": 0, "inside_ne_polygon": false, "susceptibility_probability": null, "susceptibility_class_num": null, "susceptibility_class_name": "Unclassified" }, "geometry": { "type": "Point", "coordinates": [ 88.29518925, 26.90298048 ] } },
{ "type": "Feature", "properties": { "event_id": "NASA_GLC_9989", "source": "NASA_GLC", "event_title": "Landslide damages road", "event_date": "06/28/2017 04:00:00 PM", "state": "nan", "location_description": "Aizawl, Mizoram State, India", "latitude": 23.69461107, "longitude": 92.87641207, "landslide_category": "landslide", "landslide_trigger": "other", "fatalities": 0, "injuries": 0, "inside_ne_polygon": true, "susceptibility_probability": 0.8059, "susceptibility_class_num": 5.0, "susceptibility_class_name": "Very High (80-100%)" }, "geometry": { "type": "Point", "coordinates": [ 92.87641207, 23.69461107 ] } },
{ "type": "Feature", "properties": { "event_id": "NASA_GLC_9982", "source": "NASA_GLC", "event_title": "Landslide blocks roads", "event_date": "07-01-2017 16:00", "state": "nan", "location_description": "Chuchuyimpang, Mokokchung, Nagaland", "latitude": 26.3312531, "longitude": 94.55427723, "landslide_category": "landslide", "landslide_trigger": "downpour", "fatalities": 0, "injuries": 0, "inside_ne_polygon": true, "susceptibility_probability": 0.9816, "susceptibility_class_num": 5.0, "susceptibility_class_name": "Very High (80-100%)" }, "geometry": { "type": "Point", "coordinates": [ 94.55427723, 26.3312531 ] } },
{ "type": "Feature", "properties": { "event_id": "NASA_GLC_9994", "source": "NASA_GLC", "event_title": "Landslide obstructs road, breaks water pipe", "event_date": "07-06-2017 19:39", "state": "nan", "location_description": "Alubari, Darjeeling, West Bengal, India", "latitude": 27.02149311, "longitude": 88.25902123, "landslide_category": "landslide", "landslide_trigger": "continuous_rain", "fatalities": 0, "injuries": 0, "inside_ne_polygon": false, "susceptibility_probability": null, "susceptibility_class_num": null, "susceptibility_class_name": "Unclassified" }, "geometry": { "type": "Point", "coordinates": [ 88.25902123, 27.02149311 ] } },
{ "type": "Feature", "properties": { "event_id": "NASA_GLC_9746", "source": "NASA_GLC", "event_title": "Landslide in Kalay, Sagiang", "event_date": "06-05-2017 13:34", "state": "nan", "location_description": "Kalaywa Township, Sagiang region, about 6 miles from Kalaywa", "latitude": 23.19807165, "longitude": 94.29816252000001, "landslide_category": "rock_fall", "landslide_trigger": "unknown", "fatalities": 0, "injuries": 0, "inside_ne_polygon": false, "susceptibility_probability": null, "susceptibility_class_num": null, "susceptibility_class_name": "Unclassified" }, "geometry": { "type": "Point", "coordinates": [ 94.29816252, 23.19807165 ] } },
{ "type": "Feature", "properties": { "event_id": "NASA_GLC_9829", "source": "NASA_GLC", "event_title": "Landslide in Chimpu", "event_date": "06/19/2017 01:15:00 PM", "state": "nan", "location_description": "nan", "latitude": 27.06992579, "longitude": 93.6146564, "landslide_category": "landslide", "landslide_trigger": "unknown", "fatalities": 1, "injuries": 0, "inside_ne_polygon": true, "susceptibility_probability": 0.0138, "susceptibility_class_num": 1.0, "susceptibility_class_name": "Very Low (0-20%)" }, "geometry": { "type": "Point", "coordinates": [ 93.6146564, 27.06992579 ] } },
{ "type": "Feature", "properties": { "event_id": "NASA_GLC_9877", "source": "NASA_GLC", "event_title": "Landslide blocks NH-2 between Pherzawl and Bukpi", "event_date": "06/26/2017 01:20:00 PM", "state": "nan", "location_description": "NH-2, Pherzawl District, Manipur State, India", "latitude": 24.21988831, "longitude": 93.20266204000001, "landslide_category": "landslide", "landslide_trigger": "downpour", "fatalities": 0, "injuries": 0, "inside_ne_polygon": true, "susceptibility_probability": 0.4611, "susceptibility_class_num": 3.0, "susceptibility_class_name": "Moderate (40-60%)" }, "geometry": { "type": "Point", "coordinates": [ 93.20266204, 24.21988831 ] } },
{ "type": "Feature", "properties": { "event_id": "NASA_GLC_9771", "source": "NASA_GLC", "event_title": "Hakhha Landslide, Zayhuang Ward", "event_date": "05/29/2017 01:34:00 PM", "state": "nan", "location_description": "Hakha in Zayhuang Ward", "latitude": 22.65620215, "longitude": 93.61589869, "landslide_category": "landslide", "landslide_trigger": "continuous_rain", "fatalities": 0, "injuries": 0, "inside_ne_polygon": false, "susceptibility_probability": null, "susceptibility_class_num": null, "susceptibility_class_name": "Unclassified" }, "geometry": { "type": "Point", "coordinates": [ 93.61589869, 22.65620215 ] } },
{ "type": "Feature", "properties": { "event_id": "NASA_GLC_9750", "source": "NASA_GLC", "event_title": "Flood, Landslide in Assam", "event_date": "06-04-2017 13:34", "state": "nan", "location_description": "Dima Hasao district", "latitude": 25.15246863, "longitude": 92.94670614, "landslide_category": "landslide", "landslide_trigger": "continuous_rain", "fatalities": 0, "injuries": 0, "inside_ne_polygon": true, "susceptibility_probability": 0.823, "susceptibility_class_num": 5.0, "susceptibility_class_name": "Very High (80-100%)" }, "geometry": { "type": "Point", "coordinates": [ 92.94670614, 25.15246863 ] } },
{ "type": "Feature", "properties": { "event_id": "NASA_GLC_9876", "source": "NASA_GLC", "event_title": "Landslide cuts off NH 2", "event_date": "06/27/2017 01:20:00 PM", "state": "nan", "location_description": "NH 2, Manipur State, India", "latitude": 24.30415689, "longitude": 93.18182448, "landslide_category": "landslide", "landslide_trigger": "downpour", "fatalities": 0, "injuries": 0, "inside_ne_polygon": true, "susceptibility_probability": 0.837, "susceptibility_class_num": 5.0, "susceptibility_class_name": "Very High (80-100%)" }, "geometry": { "type": "Point", "coordinates": [ 93.18182448, 24.30415689 ] } },
{ "type": "Feature", "properties": { "event_id": "NASA_GLC_9869", "source": "NASA_GLC", "event_title": "Landslide at Longding", "event_date": "08/16/2016 12:40:00 PM", "state": "nan", "location_description": "Longding, India", "latitude": 26.88161, "longitude": 95.399897, "landslide_category": "landslide", "landslide_trigger": "other", "fatalities": 1, "injuries": 0, "inside_ne_polygon": true, "susceptibility_probability": 0.6373, "susceptibility_class_num": 4.0, "susceptibility_class_name": "High (60-80%)" }, "geometry": { "type": "Point", "coordinates": [ 95.399897, 26.88161 ] } },
{ "type": "Feature", "properties": { "event_id": "NASA_GLC_9733", "source": "NASA_GLC", "event_title": "Landslide in Tripura", "event_date": "06-03-2017 13:20", "state": "nan", "location_description": "Vidyamohan Chowdhury Para (???) of remote Dhalai district", "latitude": 23.86469956, "longitude": 91.8949662, "landslide_category": "landslide", "landslide_trigger": "continuous_rain", "fatalities": 3, "injuries": 1, "inside_ne_polygon": true, "susceptibility_probability": 0.0155, "susceptibility_class_num": 1.0, "susceptibility_class_name": "Very Low (0-20%)" }, "geometry": { "type": "Point", "coordinates": [ 91.8949662, 23.86469956 ] } },
{ "type": "Feature", "properties": { "event_id": "NASA_GLC_9741", "source": "NASA_GLC", "event_title": "Landslide in Darjeeling area, Sonada", "event_date": "06-05-2017 13:34", "state": "nan", "location_description": "Daragoan (?) in Sonada area, Darjeeling", "latitude": 26.9653186, "longitude": 88.2667225, "landslide_category": "landslide", "landslide_trigger": "rain", "fatalities": 1, "injuries": 2, "inside_ne_polygon": false, "susceptibility_probability": null, "susceptibility_class_num": null, "susceptibility_class_name": "Unclassified" }, "geometry": { "type": "Point", "coordinates": [ 88.2667225, 26.9653186 ] } },
{ "type": "Feature", "properties": { "event_id": "NASA_GLC_9721", "source": "NASA_GLC", "event_title": "Landslide in Rangamati Area", "event_date": "06-12-2017 13:27", "state": "nan", "location_description": "Between Rangamati town and Kaptai", "latitude": 22.59420297, "longitude": 92.16404889, "landslide_category": "landslide", "landslide_trigger": "rain", "fatalities": 2, "injuries": 0, "inside_ne_polygon": false, "susceptibility_probability": null, "susceptibility_class_num": null, "susceptibility_class_name": "Unclassified" }, "geometry": { "type": "Point", "coordinates": [ 92.16404889, 22.59420297 ] } },
{ "type": "Feature", "properties": { "event_id": "NASA_GLC_9697", "source": "NASA_GLC", "event_title": "Massive Landslides in Bangladesh, Rangmati", "event_date": "06/13/2017 06:48:00 PM", "state": "nan", "location_description": "nan", "latitude": 22.65242372, "longitude": 92.15898865, "landslide_category": "landslide", "landslide_trigger": "downpour", "fatalities": 18, "injuries": 0, "inside_ne_polygon": false, "susceptibility_probability": null, "susceptibility_class_num": null, "susceptibility_class_name": "Unclassified" }, "geometry": { "type": "Point", "coordinates": [ 92.15898865, 22.65242372 ] } },
{ "type": "Feature", "properties": { "event_id": "NASA_GLC_9701", "source": "NASA_GLC", "event_title": "Bangladesh Landslides, Lakhsmichhari", "event_date": "06/13/2017 06:48:00 PM", "state": "nan", "location_description": "nan", "latitude": 22.80452414, "longitude": 91.91261915, "landslide_category": "landslide", "landslide_trigger": "downpour", "fatalities": 2, "injuries": 0, "inside_ne_polygon": false, "susceptibility_probability": null, "susceptibility_class_num": null, "susceptibility_class_name": "Unclassified" }, "geometry": { "type": "Point", "coordinates": [ 91.91261915, 22.80452414 ] } },
{ "type": "Feature", "properties": { "event_id": "NASA_GLC_9703", "source": "NASA_GLC", "event_title": "Landslides in Bangladesh, Chittagong", "event_date": "06/13/2017 06:48:00 PM", "state": "nan", "location_description": "nan", "latitude": 22.44394492, "longitude": 91.97239273, "landslide_category": "landslide", "landslide_trigger": "downpour", "fatalities": 50, "injuries": 0, "inside_ne_polygon": false, "susceptibility_probability": null, "susceptibility_class_num": null, "susceptibility_class_name": "Unclassified" }, "geometry": { "type": "Point", "coordinates": [ 91.97239273, 22.44394492 ] } },
{ "type": "Feature", "properties": { "event_id": "NASA_GLC_9743", "source": "NASA_GLC", "event_title": "Landslide near Itangar", "event_date": "06-04-2017 13:34", "state": "nan", "location_description": "Poma River, west of Itangar", "latitude": 27.05909317, "longitude": 93.54235868000001, "landslide_category": "landslide", "landslide_trigger": "unknown", "fatalities": 0, "injuries": 0, "inside_ne_polygon": true, "susceptibility_probability": 0.3512, "susceptibility_class_num": 2.0, "susceptibility_class_name": "Low (20-40%)" }, "geometry": { "type": "Point", "coordinates": [ 93.54235868, 27.05909317 ] } },
{ "type": "Feature", "properties": { "event_id": "NASA_GLC_9834", "source": "NASA_GLC", "event_title": "Landslide in Itanagar", "event_date": "06/21/2017 06:51:00 PM", "state": "nan", "location_description": "Poma, 6km away from Itanagar", "latitude": 27.05880384, "longitude": 93.54136779, "landslide_category": "landslide", "landslide_trigger": "rain", "fatalities": 0, "injuries": 0, "inside_ne_polygon": true, "susceptibility_probability": 0.6631, "susceptibility_class_num": 4.0, "susceptibility_class_name": "High (60-80%)" }, "geometry": { "type": "Point", "coordinates": [ 93.54136779, 27.05880384 ] } },
{ "type": "Feature", "properties": { "event_id": "NASA_GLC_9789", "source": "NASA_GLC", "event_title": "Retaining wall collapse in Nongpoh", "event_date": "05/26/2017 04:59:00 PM", "state": "nan", "location_description": "St Paul's Secondary School, Nongpoh", "latitude": 25.907233, "longitude": 91.881892, "landslide_category": "landslide", "landslide_trigger": "rain", "fatalities": 0, "injuries": 3, "inside_ne_polygon": true, "susceptibility_probability": 0.8363, "susceptibility_class_num": 5.0, "susceptibility_class_name": "Very High (80-100%)" }, "geometry": { "type": "Point", "coordinates": [ 91.881892, 25.907233 ] } },
{ "type": "Feature", "properties": { "event_id": "NASA_GLC_9742", "source": "NASA_GLC", "event_title": "Landslide in Kohima", "event_date": "06-02-2017 13:34", "state": "nan", "location_description": "The road that connects civil secretariat and medical college site towards BSF camp at Nhachüko, Kohima", "latitude": 25.67061161, "longitude": 94.11844319, "landslide_category": "landslide", "landslide_trigger": "continuous_rain", "fatalities": 0, "injuries": 0, "inside_ne_polygon": true, "susceptibility_probability": 0.9612, "susceptibility_class_num": 5.0, "susceptibility_class_name": "Very High (80-100%)" }, "geometry": { "type": "Point", "coordinates": [ 94.11844319, 25.67061161 ] } },
{ "type": "Feature", "properties": { "event_id": "NASA_GLC_9875", "source": "NASA_GLC", "event_title": "Landslide destroys section of National Highway 2", "event_date": "06/26/2017 01:20:00 PM", "state": "nan", "location_description": "NH 2, Manipur State, India", "latitude": 24.32420539, "longitude": 93.15020652, "landslide_category": "landslide", "landslide_trigger": "downpour", "fatalities": 0, "injuries": 0, "inside_ne_polygon": true, "susceptibility_probability": 0.8914, "susceptibility_class_num": 5.0, "susceptibility_class_name": "Very High (80-100%)" }, "geometry": { "type": "Point", "coordinates": [ 93.15020652, 24.32420539 ] } },
{ "type": "Feature", "properties": { "event_id": "NASA_GLC_9715", "source": "NASA_GLC", "event_title": "Landslide in Rangamati Area", "event_date": "06-12-2017 13:27", "state": "nan", "location_description": "Between Rangamati town and Kaptai", "latitude": 22.59420297, "longitude": 92.16404889, "landslide_category": "landslide", "landslide_trigger": "rain", "fatalities": 2, "injuries": 0, "inside_ne_polygon": false, "susceptibility_probability": null, "susceptibility_class_num": null, "susceptibility_class_name": "Unclassified" }, "geometry": { "type": "Point", "coordinates": [ 92.16404889, 22.59420297 ] } },
{ "type": "Feature", "properties": { "event_id": "NASA_GLC_9712", "source": "NASA_GLC", "event_title": "Landslide in Aizawl, kills 2", "event_date": "06-10-2017 13:27", "state": "nan", "location_description": "nan", "latitude": 23.73354779, "longitude": 92.74744512, "landslide_category": "landslide", "landslide_trigger": "rain", "fatalities": 2, "injuries": 0, "inside_ne_polygon": true, "susceptibility_probability": 0.8244, "susceptibility_class_num": 5.0, "susceptibility_class_name": "Very High (80-100%)" }, "geometry": { "type": "Point", "coordinates": [ 92.74744512, 23.73354779 ] } },
{ "type": "Feature", "properties": { "event_id": "NASA_GLC_9704", "source": "NASA_GLC", "event_title": "Mudslide in Eastern Manipur", "event_date": "06-12-2017 13:27", "state": "nan", "location_description": "Khaivarentang village (??) in Ukhrul, Manipur", "latitude": 25.11956675, "longitude": 94.36416626, "landslide_category": "mudslide", "landslide_trigger": "continuous_rain", "fatalities": 0, "injuries": 0, "inside_ne_polygon": true, "susceptibility_probability": 0.9961, "susceptibility_class_num": 5.0, "susceptibility_class_name": "Very High (80-100%)" }, "geometry": { "type": "Point", "coordinates": [ 94.36416626, 25.11956675 ] } },
{ "type": "Feature", "properties": { "event_id": "NASA_GLC_9745", "source": "NASA_GLC", "event_title": "Landslide in Kamalpur", "event_date": "06-03-2017 13:34", "state": "nan", "location_description": "Kamalpur", "latitude": 24.19467451, "longitude": 91.82931979, "landslide_category": "landslide", "landslide_trigger": "rain", "fatalities": 3, "injuries": 1, "inside_ne_polygon": true, "susceptibility_probability": 0.0065, "susceptibility_class_num": 1.0, "susceptibility_class_name": "Very Low (0-20%)" }, "geometry": { "type": "Point", "coordinates": [ 91.82931979, 24.19467451 ] } },
{ "type": "Feature", "properties": { "event_id": "NASA_GLC_9698", "source": "NASA_GLC", "event_title": "Massive Landslides in Bangladesh, Rangmati", "event_date": "06/13/2017 06:48:00 PM", "state": "nan", "location_description": "nan", "latitude": 22.65242372, "longitude": 92.15898865, "landslide_category": "landslide", "landslide_trigger": "downpour", "fatalities": 18, "injuries": 0, "inside_ne_polygon": false, "susceptibility_probability": null, "susceptibility_class_num": null, "susceptibility_class_name": "Unclassified" }, "geometry": { "type": "Point", "coordinates": [ 92.15898865, 22.65242372 ] } },
{ "type": "Feature", "properties": { "event_id": "NASA_GLC_9934", "source": "NASA_GLC", "event_title": "Landslide blocks road", "event_date": "07-01-2017 15:17", "state": "nan", "location_description": "Bhalukpong, West Kameng, Arunachal Pradesh", "latitude": 27.01145644, "longitude": 92.64204045, "landslide_category": "landslide", "landslide_trigger": "continuous_rain", "fatalities": 0, "injuries": 0, "inside_ne_polygon": true, "susceptibility_probability": 0.6277, "susceptibility_class_num": 4.0, "susceptibility_class_name": "High (60-80%)" }, "geometry": { "type": "Point", "coordinates": [ 92.64204045, 27.01145644 ] } },
{ "type": "Feature", "properties": { "event_id": "NASA_GLC_9785", "source": "NASA_GLC", "event_title": "Rockslide in North Sikkim", "event_date": "05/26/2017 01:34:00 PM", "state": "nan", "location_description": "Toong-Sankalang road between Saffo and Ship-Gyer, North Sikkim", "latitude": 27.54295099, "longitude": 88.59676956, "landslide_category": "landslide", "landslide_trigger": "rain", "fatalities": 0, "injuries": 0, "inside_ne_polygon": true, "susceptibility_probability": 0.9669, "susceptibility_class_num": 5.0, "susceptibility_class_name": "Very High (80-100%)" }, "geometry": { "type": "Point", "coordinates": [ 88.59676956, 27.54295099 ] } },
{ "type": "Feature", "properties": { "event_id": "NASA_GLC_9904", "source": "NASA_GLC", "event_title": "Mudslide near Kohima", "event_date": "08/25/2016 06:59:00 PM", "state": "nan", "location_description": "Near Kohima, Nagaland, India", "latitude": 25.660517, "longitude": 94.104931, "landslide_category": "mudslide", "landslide_trigger": "rain", "fatalities": 0, "injuries": 0, "inside_ne_polygon": true, "susceptibility_probability": 0.9708, "susceptibility_class_num": 5.0, "susceptibility_class_name": "Very High (80-100%)" }, "geometry": { "type": "Point", "coordinates": [ 94.104931, 25.660517 ] } },
{ "type": "Feature", "properties": { "event_id": "NASA_GLC_9931", "source": "NASA_GLC", "event_title": "NH-2 blocked by landslide along Imphal-Dimapur section", "event_date": "06/30/2017 03:17:00 PM", "state": "nan", "location_description": "Torrential downpour causes road-blocking lansdlide along NH-2 near Bimparao village", "latitude": 25.06657276, "longitude": 93.9310888, "landslide_category": "landslide", "landslide_trigger": "downpour", "fatalities": 0, "injuries": 0, "inside_ne_polygon": true, "susceptibility_probability": 0.2542, "susceptibility_class_num": 2.0, "susceptibility_class_name": "Low (20-40%)" }, "geometry": { "type": "Point", "coordinates": [ 93.9310888, 25.06657276 ] } },
{ "type": "Feature", "properties": { "event_id": "NASA_GLC_9917", "source": "NASA_GLC", "event_title": "Landslide in Silchar", "event_date": "09-01-2016 14:32", "state": "nan", "location_description": "Silchar, Assam, India", "latitude": 24.768609, "longitude": 92.821182, "landslide_category": "landslide", "landslide_trigger": "flooding", "fatalities": 4, "injuries": 0, "inside_ne_polygon": true, "susceptibility_probability": 0.0073, "susceptibility_class_num": 1.0, "susceptibility_class_name": "Very Low (0-20%)" }, "geometry": { "type": "Point", "coordinates": [ 92.821182, 24.768609 ] } },
{ "type": "Feature", "properties": { "event_id": "NASA_GLC_9932", "source": "NASA_GLC", "event_title": "Landslide near Dree Festival Ground", "event_date": "07-01-2017 15:17", "state": "nan", "location_description": "Dree Festival Ground, NH-415, Arunachal Pradesh, India", "latitude": 27.10647226, "longitude": 93.65975252, "landslide_category": "landslide", "landslide_trigger": "downpour", "fatalities": 0, "injuries": 0, "inside_ne_polygon": true, "susceptibility_probability": 0.7138, "susceptibility_class_num": 4.0, "susceptibility_class_name": "High (60-80%)" }, "geometry": { "type": "Point", "coordinates": [ 93.65975252, 27.10647226 ] } },
{ "type": "Feature", "properties": { "event_id": "NASA_GLC_9935", "source": "NASA_GLC", "event_title": "House in Itanagar washed away by landslide", "event_date": "07-01-2017 15:17", "state": "nan", "location_description": "Sanglo Potum (??), Itanagar, Papum Pare, Arunachal Pradesh", "latitude": 27.08168565, "longitude": 93.60815652, "landslide_category": "landslide", "landslide_trigger": "continuous_rain", "fatalities": 0, "injuries": 0, "inside_ne_polygon": true, "susceptibility_probability": 0.2002, "susceptibility_class_num": 2.0, "susceptibility_class_name": "Low (20-40%)" }, "geometry": { "type": "Point", "coordinates": [ 93.60815652, 27.08168565 ] } },
{ "type": "Feature", "properties": { "event_id": "NASA_GLC_9797", "source": "NASA_GLC", "event_title": "Mudslide in on Sarli-Damin road", "event_date": "05/24/2017 08:14:00 PM", "state": "nan", "location_description": "Sarli-Damin road in Kurung Kumey district, near Lee village", "latitude": 27.769793, "longitude": 93.50995626, "landslide_category": "mudslide", "landslide_trigger": "rain", "fatalities": 1, "injuries": 0, "inside_ne_polygon": true, "susceptibility_probability": 0.9148, "susceptibility_class_num": 5.0, "susceptibility_class_name": "Very High (80-100%)" }, "geometry": { "type": "Point", "coordinates": [ 93.50995626, 27.769793 ] } },
{ "type": "Feature", "properties": { "event_id": "NASA_GLC_9770", "source": "NASA_GLC", "event_title": "Landslide in Mizoram, off of Aizawl", "event_date": "06-01-2017 13:34", "state": "nan", "location_description": "Hunthar Area, NH 54, off of Aizawl", "latitude": 23.73941422, "longitude": 92.71505961, "landslide_category": "landslide", "landslide_trigger": "tropical_cyclone", "fatalities": 0, "injuries": 0, "inside_ne_polygon": true, "susceptibility_probability": 0.9892, "susceptibility_class_num": 5.0, "susceptibility_class_name": "Very High (80-100%)" }, "geometry": { "type": "Point", "coordinates": [ 92.71505961, 23.73941422 ] } },
{ "type": "Feature", "properties": { "event_id": "NASA_GLC_9933", "source": "NASA_GLC", "event_title": "Landslide threatens orphanage with collapse", "event_date": "06/30/2017 03:17:00 PM", "state": "nan", "location_description": "Jollang, Itanagar Sub-District, Papum Pare, Arunachal Pradesh, 791123", "latitude": 27.04768643, "longitude": 93.61899644, "landslide_category": "landslide", "landslide_trigger": "downpour", "fatalities": 0, "injuries": 0, "inside_ne_polygon": true, "susceptibility_probability": 0.7439, "susceptibility_class_num": 4.0, "susceptibility_class_name": "High (60-80%)" }, "geometry": { "type": "Point", "coordinates": [ 93.61899644, 27.04768643 ] } },
{ "type": "Feature", "properties": { "event_id": "NASA_GLC_9948", "source": "NASA_GLC", "event_title": "Landslide causes Ukhrul-Imphal road to sink", "event_date": "07-01-2017 14:33", "state": "nan", "location_description": "NH-150, Ukhrul Central, Ukhrul, Manipur, 795142", "latitude": 24.95178179, "longitude": 94.20340026, "landslide_category": "landslide", "landslide_trigger": "rain", "fatalities": 0, "injuries": 0, "inside_ne_polygon": true, "susceptibility_probability": 0.3346, "susceptibility_class_num": 2.0, "susceptibility_class_name": "Low (20-40%)" }, "geometry": { "type": "Point", "coordinates": [ 94.20340026, 24.95178179 ] } },
{ "type": "Feature", "properties": { "event_id": "NASA_GLC_9949", "source": "NASA_GLC", "event_title": "Landslide opposite Jorabat Police Outpost", "event_date": "07-03-2017 14:33", "state": "nan", "location_description": "G S Road, Sonapur, Kamrup Metropolitan, Assam, 781141", "latitude": 26.10035658, "longitude": 91.87351723, "landslide_category": "landslide", "landslide_trigger": "downpour", "fatalities": 0, "injuries": 0, "inside_ne_polygon": true, "susceptibility_probability": 0.191, "susceptibility_class_num": 1.0, "susceptibility_class_name": "Very Low (0-20%)" }, "geometry": { "type": "Point", "coordinates": [ 91.87351723, 26.10035658 ] } },
{ "type": "Feature", "properties": { "event_id": "NASA_GLC_10004", "source": "NASA_GLC", "event_title": "Landslide damages house", "event_date": "07-10-2017 14:21", "state": "nan", "location_description": "Dispur, Kamrup Metropolitan, Assam", "latitude": 26.14547804, "longitude": 91.79364785, "landslide_category": "landslide", "landslide_trigger": "continuous_rain", "fatalities": 0, "injuries": 0, "inside_ne_polygon": true, "susceptibility_probability": 0.0936, "susceptibility_class_num": 1.0, "susceptibility_class_name": "Very Low (0-20%)" }, "geometry": { "type": "Point", "coordinates": [ 91.79364785, 26.14547804 ] } },
{ "type": "Feature", "properties": { "event_id": "NASA_GLC_311", "source": "NASA_GLC", "event_title": "Betbunia", "event_date": "10/15/2007 12:00:00 AM", "state": "Khulna", "location_description": "Betbunia", "latitude": 22.5333, "longitude": 89.4, "landslide_category": "mudslide", "landslide_trigger": "rain", "fatalities": 3, "injuries": 0, "inside_ne_polygon": false, "susceptibility_probability": null, "susceptibility_class_num": null, "susceptibility_class_name": "Unclassified" }, "geometry": { "type": "Point", "coordinates": [ 89.4, 22.5333 ] } },
{ "type": "Feature", "properties": { "event_id": "NASA_GLC_7370", "source": "NASA_GLC", "event_title": "between Moltuk to New Songjang village", "event_date": "08-01-2015 00:00", "state": "Manipur", "location_description": "between Moltuk to New Songjang village", "latitude": 24.1419, "longitude": 94.1078, "landslide_category": "landslide", "landslide_trigger": "continuous_rain", "fatalities": 0, "injuries": 0, "inside_ne_polygon": true, "susceptibility_probability": 0.9726, "susceptibility_class_num": 5.0, "susceptibility_class_name": "Very High (80-100%)" }, "geometry": { "type": "Point", "coordinates": [ 94.1078, 24.1419 ] } },
{ "type": "Feature", "properties": { "event_id": "NASA_GLC_2312", "source": "NASA_GLC", "event_title": "the lateral highway, Dzong viewpoint, Trongsa", "event_date": "08/23/2010 07:00:00 AM", "state": "Tongsa", "location_description": "the lateral highway, Dzong viewpoint, Trongsa", "latitude": 27.5, "longitude": 90.5034, "landslide_category": "landslide", "landslide_trigger": "downpour", "fatalities": 0, "injuries": 0, "inside_ne_polygon": false, "susceptibility_probability": null, "susceptibility_class_num": null, "susceptibility_class_name": "Unclassified" }, "geometry": { "type": "Point", "coordinates": [ 90.5034, 27.5 ] } },
{ "type": "Feature", "properties": { "event_id": "NASA_GLC_5084", "source": "NASA_GLC", "event_title": "National Highway 2 Near Phesama Village Close To Kisama Naha Heritage Site, Kohima District, Nagaland", "event_date": "07-12-2013 23:00", "state": "Nāgāland", "location_description": "National Highway 2 Near Phesama Village Close To Kisama Naha Heritage Site, Kohima District, Nagaland", "latitude": 25.616, "longitude": 94.1167, "landslide_category": "landslide", "landslide_trigger": "downpour", "fatalities": 0, "injuries": 0, "inside_ne_polygon": true, "susceptibility_probability": 0.9735, "susceptibility_class_num": 5.0, "susceptibility_class_name": "Very High (80-100%)" }, "geometry": { "type": "Point", "coordinates": [ 94.1167, 25.616 ] } },
{ "type": "Feature", "properties": { "event_id": "NASA_GLC_3986", "source": "NASA_GLC", "event_title": "Singamari, Darhelling, West Bengal", "event_date": "09/25/2011 12:00:00 AM", "state": "Bengal", "location_description": "Singamari, Darhelling, West Bengal", "latitude": 27.0605, "longitude": 88.255, "landslide_category": "landslide", "landslide_trigger": "downpour", "fatalities": 0, "injuries": 0, "inside_ne_polygon": false, "susceptibility_probability": null, "susceptibility_class_num": null, "susceptibility_class_name": "Unclassified" }, "geometry": { "type": "Point", "coordinates": [ 88.255, 27.0605 ] } },
{ "type": "Feature", "properties": { "event_id": "NASA_GLC_2566", "source": "NASA_GLC", "event_title": "Sahong, Tabu and Pani village under Tadubi police station of Senapati district, NH-39", "event_date": "10-08-2010 00:00", "state": "Nāgāland", "location_description": "Sahong, Tabu and Pani village under Tadubi police station of Senapati district, NH-39", "latitude": 25.4769, "longitude": 94.1351, "landslide_category": "mudslide", "landslide_trigger": "downpour", "fatalities": 0, "injuries": 0, "inside_ne_polygon": true, "susceptibility_probability": 0.9623, "susceptibility_class_num": 5.0, "susceptibility_class_name": "Very High (80-100%)" }, "geometry": { "type": "Point", "coordinates": [ 94.1351, 25.4769 ] } },
{ "type": "Feature", "properties": { "event_id": "NASA_GLC_1050", "source": "NASA_GLC", "event_title": "Darjeeling (between Tin Dharia and Rongtong)", "event_date": "07-03-2009 00:00", "state": "Bengal", "location_description": "Darjeeling (between Tin Dharia and Rongtong)", "latitude": 26.87324244, "longitude": 88.29184021, "landslide_category": "landslide", "landslide_trigger": "rain", "fatalities": 0, "injuries": 0, "inside_ne_polygon": false, "susceptibility_probability": null, "susceptibility_class_num": null, "susceptibility_class_name": "Unclassified" }, "geometry": { "type": "Point", "coordinates": [ 88.29184021, 26.87324244 ] } },
{ "type": "Feature", "properties": { "event_id": "NASA_GLC_1109", "source": "NASA_GLC", "event_title": "Lumding-Badarpur section in North Cachar Hills district", "event_date": "08/20/2009 12:00:00 AM", "state": "Assam", "location_description": "Lumding-Badarpur section in North Cachar Hills district", "latitude": 25.5215, "longitude": 93.1645, "landslide_category": "landslide", "landslide_trigger": "downpour", "fatalities": 0, "injuries": 0, "inside_ne_polygon": true, "susceptibility_probability": 0.006, "susceptibility_class_num": 1.0, "susceptibility_class_name": "Very Low (0-20%)" }, "geometry": { "type": "Point", "coordinates": [ 93.1645, 25.5215 ] } },
{ "type": "Feature", "properties": { "event_id": "NASA_GLC_1961", "source": "NASA_GLC", "event_title": "Ishok Chingphu(?), Bishnupur, Assam", "event_date": "06-09-2010 14:15", "state": "Meghālaya", "location_description": "Ishok Chingphu(?), Bishnupur, Assam", "latitude": 25.8833, "longitude": 91.2, "landslide_category": "landslide", "landslide_trigger": "downpour", "fatalities": 0, "injuries": 0, "inside_ne_polygon": true, "susceptibility_probability": 0.0954, "susceptibility_class_num": 1.0, "susceptibility_class_name": "Very Low (0-20%)" }, "geometry": { "type": "Point", "coordinates": [ 91.2, 25.8833 ] } },
{ "type": "Feature", "properties": { "event_id": "NASA_GLC_595", "source": "NASA_GLC", "event_title": "Kurseong sub division", "event_date": "06/20/2008 12:00:00 AM", "state": "Bengal", "location_description": "Kurseong sub division", "latitude": 26.885, "longitude": 88.2778, "landslide_category": "landslide", "landslide_trigger": "rain", "fatalities": 0, "injuries": 0, "inside_ne_polygon": false, "susceptibility_probability": null, "susceptibility_class_num": null, "susceptibility_class_name": "Unclassified" }, "geometry": { "type": "Point", "coordinates": [ 88.2778, 26.885 ] } },
{ "type": "Feature", "properties": { "event_id": "NASA_GLC_2578", "source": "NASA_GLC", "event_title": "NH-39 in Karong area, Manipur", "event_date": "10-09-2010 00:00", "state": "Nāgāland", "location_description": "NH-39 in Karong area, Manipur", "latitude": 25.3179, "longitude": 94.0462, "landslide_category": "landslide", "landslide_trigger": "downpour", "fatalities": 0, "injuries": 0, "inside_ne_polygon": true, "susceptibility_probability": 0.8057, "susceptibility_class_num": 5.0, "susceptibility_class_name": "Very High (80-100%)" }, "geometry": { "type": "Point", "coordinates": [ 94.0462, 25.3179 ] } },
{ "type": "Feature", "properties": { "event_id": "NASA_GLC_322", "source": "NASA_GLC", "event_title": "National Highway 53 at Nungba in Tamenglong district of Manipur", "event_date": "10/21/2007 12:00:00 AM", "state": "Assam", "location_description": "National Highway 53 at Nungba in Tamenglong district of Manipur", "latitude": 24.75, "longitude": 93.4333, "landslide_category": "landslide", "landslide_trigger": "rain", "fatalities": 0, "injuries": 0, "inside_ne_polygon": true, "susceptibility_probability": 0.9558, "susceptibility_class_num": 5.0, "susceptibility_class_name": "Very High (80-100%)" }, "geometry": { "type": "Point", "coordinates": [ 93.4333, 24.75 ] } },
{ "type": "Feature", "properties": { "event_id": "NASA_GLC_6020", "source": "NASA_GLC", "event_title": " Purba Satchhari village in Sadar upazila", "event_date": "05-10-2014 09:00", "state": "Sylhet", "location_description": " Purba Satchhari village in Sadar upazila", "latitude": 24.5784, "longitude": 91.7227, "landslide_category": "landslide", "landslide_trigger": "rain", "fatalities": 0, "injuries": 0, "inside_ne_polygon": false, "susceptibility_probability": null, "susceptibility_class_num": null, "susceptibility_class_name": "Unclassified" }, "geometry": { "type": "Point", "coordinates": [ 91.7227, 24.5784 ] } },
{ "type": "Feature", "properties": { "event_id": "NASA_GLC_2117", "source": "NASA_GLC", "event_title": "Punakha-Gasa rd", "event_date": "07/22/2010 12:00:00 AM", "state": "Gasa", "location_description": "Punakha-Gasa rd", "latitude": 27.8122, "longitude": 89.9019, "landslide_category": "landslide", "landslide_trigger": "downpour", "fatalities": 0, "injuries": 0, "inside_ne_polygon": false, "susceptibility_probability": null, "susceptibility_class_num": null, "susceptibility_class_name": "Unclassified" }, "geometry": { "type": "Point", "coordinates": [ 89.9019, 27.8122 ] } },
{ "type": "Feature", "properties": { "event_id": "NASA_GLC_5552", "source": "NASA_GLC", "event_title": "Ukhrul, Manipur", "event_date": "09/24/2013 12:00:00 AM", "state": "Manipur", "location_description": "Ukhrul, Manipur", "latitude": 25.0985, "longitude": 94.3619, "landslide_category": "landslide", "landslide_trigger": "unknown", "fatalities": 0, "injuries": 0, "inside_ne_polygon": true, "susceptibility_probability": 0.9602, "susceptibility_class_num": 5.0, "susceptibility_class_name": "Very High (80-100%)" }, "geometry": { "type": "Point", "coordinates": [ 94.3619, 25.0985 ] } },
{ "type": "Feature", "properties": { "event_id": "NASA_GLC_3621", "source": "NASA_GLC", "event_title": "St Mary's Hill, 3 km from Kurseong, West Bengal", "event_date": "06/17/2011 12:00:00 AM", "state": "Bengal", "location_description": "St Mary's Hill, 3 km from Kurseong, West Bengal", "latitude": 26.88, "longitude": 88.28, "landslide_category": "mudslide", "landslide_trigger": "downpour", "fatalities": 4, "injuries": 0, "inside_ne_polygon": false, "susceptibility_probability": null, "susceptibility_class_num": null, "susceptibility_class_name": "Unclassified" }, "geometry": { "type": "Point", "coordinates": [ 88.28, 26.88 ] } },
{ "type": "Feature", "properties": { "event_id": "NASA_GLC_1993", "source": "NASA_GLC", "event_title": "Kurseong sub-division, Road between Kurseong and New Jalpaiguri", "event_date": "06/16/2010 12:00:00 AM", "state": "Bengal", "location_description": "Kurseong sub-division, Road between Kurseong and New Jalpaiguri", "latitude": 26.8073, "longitude": 88.3162, "landslide_category": "landslide", "landslide_trigger": "downpour", "fatalities": 0, "injuries": 0, "inside_ne_polygon": false, "susceptibility_probability": null, "susceptibility_class_num": null, "susceptibility_class_name": "Unclassified" }, "geometry": { "type": "Point", "coordinates": [ 88.3162, 26.8073 ] } },
{ "type": "Feature", "properties": { "event_id": "NASA_GLC_7031", "source": "NASA_GLC", "event_title": "Bop, Sikkim", "event_date": "05/24/2015 12:00:00 AM", "state": "Sikkim", "location_description": "Bop, Sikkim", "latitude": 27.6163, "longitude": 88.6586, "landslide_category": "landslide", "landslide_trigger": "unknown", "fatalities": 0, "injuries": 0, "inside_ne_polygon": true, "susceptibility_probability": 0.9724, "susceptibility_class_num": 5.0, "susceptibility_class_name": "Very High (80-100%)" }, "geometry": { "type": "Point", "coordinates": [ 88.6586, 27.6163 ] } },
{ "type": "Feature", "properties": { "event_id": "NASA_GLC_5834", "source": "NASA_GLC", "event_title": " Chittagong", "event_date": "02-03-2014 00:00", "state": "Chittagong", "location_description": " Chittagong", "latitude": 22.3475, "longitude": 91.8123, "landslide_category": "landslide", "landslide_trigger": "unknown", "fatalities": 1, "injuries": 1, "inside_ne_polygon": false, "susceptibility_probability": null, "susceptibility_class_num": null, "susceptibility_class_name": "Unclassified" }, "geometry": { "type": "Point", "coordinates": [ 91.8123, 22.3475 ] } },
{ "type": "Feature", "properties": { "event_id": "NASA_GLC_9073", "source": "NASA_GLC", "event_title": "Burma", "event_date": "12/17/2015 12:00:00 AM", "state": "Sagain", "location_description": "Burma", "latitude": 22.1306, "longitude": 95.5488, "landslide_category": "landslide", "landslide_trigger": "mining", "fatalities": 1, "injuries": 0, "inside_ne_polygon": false, "susceptibility_probability": null, "susceptibility_class_num": null, "susceptibility_class_name": "Unclassified" }, "geometry": { "type": "Point", "coordinates": [ 95.5488, 22.1306 ] } },
{ "type": "Feature", "properties": { "event_id": "NASA_GLC_2025", "source": "NASA_GLC", "event_title": "Police CID complex(?), Shillong, Meghalaya", "event_date": "06/28/2010 12:00:00 AM", "state": "Meghālaya", "location_description": "Police CID complex(?), Shillong, Meghalaya", "latitude": 25.5728, "longitude": 91.885, "landslide_category": "landslide", "landslide_trigger": "downpour", "fatalities": 1, "injuries": 0, "inside_ne_polygon": true, "susceptibility_probability": 0.9228, "susceptibility_class_num": 5.0, "susceptibility_class_name": "Very High (80-100%)" }, "geometry": { "type": "Point", "coordinates": [ 91.885, 25.5728 ] } },
{ "type": "Feature", "properties": { "event_id": "NASA_GLC_9405", "source": "NASA_GLC", "event_title": "Techahan Ward, Mon, Nagaland, India", "event_date": "04/19/2016 12:00:00 AM", "state": "Nagaland", "location_description": "Techahan Ward, Mon, Nagaland, India", "latitude": 26.7223, "longitude": 95.0243, "landslide_category": "landslide", "landslide_trigger": "continuous_rain", "fatalities": 0, "injuries": 0, "inside_ne_polygon": true, "susceptibility_probability": 0.3677, "susceptibility_class_num": 2.0, "susceptibility_class_name": "Low (20-40%)" }, "geometry": { "type": "Point", "coordinates": [ 95.0243, 26.7223 ] } },
{ "type": "Feature", "properties": { "event_id": "NASA_GLC_5343", "source": "NASA_GLC", "event_title": "The Imphal-Jiribam Section Of Nh-37 In Tamenglong District", "event_date": "08/17/2013 11:00:00 PM", "state": "Assam", "location_description": "The Imphal-Jiribam Section Of Nh-37 In Tamenglong District", "latitude": 24.7625, "longitude": 93.4341, "landslide_category": "landslide", "landslide_trigger": "continuous_rain", "fatalities": 0, "injuries": 0, "inside_ne_polygon": true, "susceptibility_probability": 0.9792, "susceptibility_class_num": 5.0, "susceptibility_class_name": "Very High (80-100%)" }, "geometry": { "type": "Point", "coordinates": [ 93.4341, 24.7625 ] } },
{ "type": "Feature", "properties": { "event_id": "NASA_GLC_6971", "source": "NASA_GLC", "event_title": "Itanagar, Arunachal Pradesh", "event_date": "06-09-2015 00:00", "state": "Arunachal Pradesh", "location_description": "Itanagar, Arunachal Pradesh", "latitude": 27.0987, "longitude": 93.816, "landslide_category": "landslide", "landslide_trigger": "continuous_rain", "fatalities": 2, "injuries": 2, "inside_ne_polygon": true, "susceptibility_probability": 0.1456, "susceptibility_class_num": 1.0, "susceptibility_class_name": "Very Low (0-20%)" }, "geometry": { "type": "Point", "coordinates": [ 93.816, 27.0987 ] } },
{ "type": "Feature", "properties": { "event_id": "NASA_GLC_57", "source": "NASA_GLC", "event_title": "Sikkim, 13 km north of Gangtok", "event_date": "04-11-2007 00:00", "state": "nan", "location_description": "Sikkim, 13 km north of Gangtok", "latitude": 27.4459, "longitude": 88.6193, "landslide_category": "landslide", "landslide_trigger": "downpour", "fatalities": 0, "injuries": 0, "inside_ne_polygon": true, "susceptibility_probability": 0.7748, "susceptibility_class_num": 4.0, "susceptibility_class_name": "High (60-80%)" }, "geometry": { "type": "Point", "coordinates": [ 88.6193, 27.4459 ] } },
{ "type": "Feature", "properties": { "event_id": "NASA_GLC_1611", "source": "NASA_GLC", "event_title": "Paglanala village, Dholai Block, near Dwarbandh locality of the district, Cachar district (could only find district) 45 km from Silchar, Assam", "event_date": "04-01-2010 00:00", "state": "Assam", "location_description": "Paglanala village, Dholai Block, near Dwarbandh locality of the district, Cachar district (could only find district) 45 km from Silchar, Assam", "latitude": 25.1553, "longitude": 93.028, "landslide_category": "landslide", "landslide_trigger": "downpour", "fatalities": 3, "injuries": 0, "inside_ne_polygon": true, "susceptibility_probability": 0.7125, "susceptibility_class_num": 4.0, "susceptibility_class_name": "High (60-80%)" }, "geometry": { "type": "Point", "coordinates": [ 93.028, 25.1553 ] } },
{ "type": "Feature", "properties": { "event_id": "NASA_GLC_147", "source": "NASA_GLC", "event_title": "Lawngtlai", "event_date": "07/30/2007 12:00:00 AM", "state": "Mizoram", "location_description": "Lawngtlai", "latitude": 22.533, "longitude": 92.899, "landslide_category": "landslide", "landslide_trigger": "downpour", "fatalities": 0, "injuries": 0, "inside_ne_polygon": true, "susceptibility_probability": 0.9591, "susceptibility_class_num": 5.0, "susceptibility_class_name": "Very High (80-100%)" }, "geometry": { "type": "Point", "coordinates": [ 92.899, 22.533 ] } },
{ "type": "Feature", "properties": { "event_id": "NASA_GLC_4382", "source": "NASA_GLC", "event_title": " between Harangajao and Mailongdisa, Assa,", "event_date": "06-03-2012 00:00", "state": "Assam", "location_description": " between Harangajao and Mailongdisa, Assa,", "latitude": 25.1175, "longitude": 92.8573, "landslide_category": "landslide", "landslide_trigger": "downpour", "fatalities": 0, "injuries": 0, "inside_ne_polygon": true, "susceptibility_probability": 0.6149, "susceptibility_class_num": 4.0, "susceptibility_class_name": "High (60-80%)" }, "geometry": { "type": "Point", "coordinates": [ 92.8573, 25.1175 ] } },
{ "type": "Feature", "properties": { "event_id": "NASA_GLC_1112", "source": "NASA_GLC", "event_title": "NH31A, Mile 27 near Rambi", "event_date": "08/20/2009 12:00:00 AM", "state": "Sikkim", "location_description": "NH31A, Mile 27 near Rambi", "latitude": 27.1761, "longitude": 88.5287, "landslide_category": "mudslide", "landslide_trigger": "downpour", "fatalities": 0, "injuries": 0, "inside_ne_polygon": false, "susceptibility_probability": null, "susceptibility_class_num": null, "susceptibility_class_name": "Unclassified" }, "geometry": { "type": "Point", "coordinates": [ 88.5287, 27.1761 ] } },
{ "type": "Feature", "properties": { "event_id": "NASA_GLC_2424", "source": "NASA_GLC", "event_title": "near Tuivawl(?), Aizawl-Champhai rd, Aizawl district, Mizoram", "event_date": "09/13/2010 12:00:00 AM", "state": "Mizoram", "location_description": "near Tuivawl(?), Aizawl-Champhai rd, Aizawl district, Mizoram", "latitude": 23.591, "longitude": 92.9296, "landslide_category": "landslide", "landslide_trigger": "downpour", "fatalities": 0, "injuries": 0, "inside_ne_polygon": true, "susceptibility_probability": 0.5174, "susceptibility_class_num": 3.0, "susceptibility_class_name": "Moderate (40-60%)" }, "geometry": { "type": "Point", "coordinates": [ 92.9296, 23.591 ] } },
{ "type": "Feature", "properties": { "event_id": "NASA_GLC_78", "source": "NASA_GLC", "event_title": "Pangthang, on road b/t Gangtok and North Sikkim", "event_date": "05/23/2007 12:00:00 AM", "state": "Sikkim", "location_description": "Pangthang, on road b/t Gangtok and North Sikkim", "latitude": 27.3383, "longitude": 88.6069, "landslide_category": "landslide", "landslide_trigger": "rain", "fatalities": 0, "injuries": 0, "inside_ne_polygon": true, "susceptibility_probability": 0.9906, "susceptibility_class_num": 5.0, "susceptibility_class_name": "Very High (80-100%)" }, "geometry": { "type": "Point", "coordinates": [ 88.6069, 27.3383 ] } },
{ "type": "Feature", "properties": { "event_id": "NASA_GLC_5431", "source": "NASA_GLC", "event_title": "Tamenglong, Manipur", "event_date": "09-01-2013 00:00", "state": "Assam", "location_description": "Tamenglong, Manipur", "latitude": 24.9829, "longitude": 93.5063, "landslide_category": "mudslide", "landslide_trigger": "continuous_rain", "fatalities": 0, "injuries": 0, "inside_ne_polygon": true, "susceptibility_probability": 0.9929, "susceptibility_class_num": 5.0, "susceptibility_class_name": "Very High (80-100%)" }, "geometry": { "type": "Point", "coordinates": [ 93.5063, 24.9829 ] } },
{ "type": "Feature", "properties": { "event_id": "NASA_GLC_3672", "source": "NASA_GLC", "event_title": "Portions of NH 39, Connectin Manipur with Assam via Nagaland", "event_date": "06/29/2011 12:00:00 AM", "state": "Assam", "location_description": "Portions of NH 39, Connectin Manipur with Assam via Nagaland", "latitude": 25.5125, "longitude": 93.3613, "landslide_category": "landslide", "landslide_trigger": "downpour", "fatalities": 0, "injuries": 0, "inside_ne_polygon": true, "susceptibility_probability": 0.0658, "susceptibility_class_num": 1.0, "susceptibility_class_name": "Very Low (0-20%)" }, "geometry": { "type": "Point", "coordinates": [ 93.3613, 25.5125 ] } },
{ "type": "Feature", "properties": { "event_id": "NASA_GLC_3997", "source": "NASA_GLC", "event_title": "Mangan : The slide which occurred at Thingchim around 18 kilometers from Mangan towards Gangtok has disrupted the Mangan-Gangtok traffic again. The s*", "event_date": "09/30/2011 12:00:00 AM", "state": "nan", "location_description": "nan", "latitude": 27.5161, "longitude": 88.5575, "landslide_category": "landslide", "landslide_trigger": "unknown", "fatalities": 0, "injuries": 0, "inside_ne_polygon": true, "susceptibility_probability": 0.8927, "susceptibility_class_num": 5.0, "susceptibility_class_name": "Very High (80-100%)" }, "geometry": { "type": "Point", "coordinates": [ 88.5575, 27.5161 ] } },
{ "type": "Feature", "properties": { "event_id": "NASA_GLC_2253", "source": "NASA_GLC", "event_title": "Chingai-Kuingai(Quingai) route (16 kms), Chingai subdivision, Ukhrul district, Manipur", "event_date": "08/15/2010 11:00:00 PM", "state": "Manipur", "location_description": "Chingai-Kuingai(Quingai) route (16 kms), Chingai subdivision, Ukhrul district, Manipur", "latitude": 25.31006064, "longitude": 94.48265093000001, "landslide_category": "landslide", "landslide_trigger": "downpour", "fatalities": 0, "injuries": 0, "inside_ne_polygon": true, "susceptibility_probability": 0.9716, "susceptibility_class_num": 5.0, "susceptibility_class_name": "Very High (80-100%)" }, "geometry": { "type": "Point", "coordinates": [ 94.48265093, 25.31006064 ] } },
{ "type": "Feature", "properties": { "event_id": "NASA_GLC_9119", "source": "NASA_GLC", "event_title": "Kachin, Myanmar (Burma)", "event_date": "12/25/2015 06:00:00 PM", "state": "Kachin", "location_description": "Kachin, Myanmar (Burma)", "latitude": 26.0746, "longitude": 97.3668, "landslide_category": "landslide", "landslide_trigger": "mining", "fatalities": 5, "injuries": 0, "inside_ne_polygon": false, "susceptibility_probability": null, "susceptibility_class_num": null, "susceptibility_class_name": "Unclassified" }, "geometry": { "type": "Point", "coordinates": [ 97.3668, 26.0746 ] } },
{ "type": "Feature", "properties": { "event_id": "NASA_GLC_1108", "source": "NASA_GLC", "event_title": "Tamei, Tamenglong district on Imphal-Tamenglong (IT) road", "event_date": "08/20/2009 12:00:00 AM", "state": "Assam", "location_description": "Tamei, Tamenglong district on Imphal-Tamenglong (IT) road", "latitude": 24.9925, "longitude": 93.5, "landslide_category": "landslide", "landslide_trigger": "downpour", "fatalities": 0, "injuries": 0, "inside_ne_polygon": true, "susceptibility_probability": 0.9679, "susceptibility_class_num": 5.0, "susceptibility_class_name": "Very High (80-100%)" }, "geometry": { "type": "Point", "coordinates": [ 93.5, 24.9925 ] } },
{ "type": "Feature", "properties": { "event_id": "NASA_GLC_6105", "source": "NASA_GLC", "event_title": "Arunachal Pradesh", "event_date": "06/26/2014 11:00:00 PM", "state": "Arunachal Pradesh", "location_description": "Arunachal Pradesh", "latitude": 28.9205, "longitude": 95.3429, "landslide_category": "landslide", "landslide_trigger": "continuous_rain", "fatalities": 0, "injuries": 0, "inside_ne_polygon": true, "susceptibility_probability": 0.6152, "susceptibility_class_num": 4.0, "susceptibility_class_name": "High (60-80%)" }, "geometry": { "type": "Point", "coordinates": [ 95.3429, 28.9205 ] } },
{ "type": "Feature", "properties": { "event_id": "NASA_GLC_9168", "source": "NASA_GLC", "event_title": "NH 13 10 kilometers from Old Ziro, Arunachal Pradesh, India", "event_date": "06-12-2016 23:00", "state": "Arunachal Pradesh", "location_description": "NH 13 10 kilometers from Old Ziro, Arunachal Pradesh, India", "latitude": 27.6438, "longitude": 93.871, "landslide_category": "landslide", "landslide_trigger": "downpour", "fatalities": 0, "injuries": 0, "inside_ne_polygon": true, "susceptibility_probability": 0.9699, "susceptibility_class_num": 5.0, "susceptibility_class_name": "Very High (80-100%)" }, "geometry": { "type": "Point", "coordinates": [ 93.871, 27.6438 ] } },
{ "type": "Feature", "properties": { "event_id": "NASA_GLC_7021", "source": "NASA_GLC", "event_title": "Old Monastery Road, Ghum", "event_date": "06/27/2015 11:00:00 PM", "state": "West Bengal", "location_description": "Old Monastery Road, Ghum", "latitude": 27.0076, "longitude": 88.251, "landslide_category": "landslide", "landslide_trigger": "downpour", "fatalities": 1, "injuries": 0, "inside_ne_polygon": false, "susceptibility_probability": null, "susceptibility_class_num": null, "susceptibility_class_name": "Unclassified" }, "geometry": { "type": "Point", "coordinates": [ 88.251, 27.0076 ] } },
{ "type": "Feature", "properties": { "event_id": "NASA_GLC_3560", "source": "NASA_GLC", "event_title": "Gaoilung(Gadailong) village(?), Ward 4(?), Tamenglong, Manipur", "event_date": "05/31/2011 02:30:00 PM", "state": "Manipur", "location_description": "Gaoilung(Gadailong) village(?), Ward 4(?), Tamenglong, Manipur", "latitude": 24.8286, "longitude": 93.5935, "landslide_category": "landslide", "landslide_trigger": "downpour", "fatalities": 2, "injuries": 0, "inside_ne_polygon": true, "susceptibility_probability": 0.905, "susceptibility_class_num": 5.0, "susceptibility_class_name": "Very High (80-100%)" }, "geometry": { "type": "Point", "coordinates": [ 93.5935, 24.8286 ] } },
{ "type": "Feature", "properties": { "event_id": "NASA_GLC_587", "source": "NASA_GLC", "event_title": "Lakhimpur district, Bihpuria, Assam", "event_date": "06/15/2008 12:00:00 AM", "state": "Assam", "location_description": "Lakhimpur district, Bihpuria, Assam", "latitude": 27.2298, "longitude": 94.0989, "landslide_category": "landslide", "landslide_trigger": "downpour", "fatalities": 17, "injuries": 0, "inside_ne_polygon": true, "susceptibility_probability": 0.0978, "susceptibility_class_num": 1.0, "susceptibility_class_name": "Very Low (0-20%)" }, "geometry": { "type": "Point", "coordinates": [ 94.0989, 27.2298 ] } },
{ "type": "Feature", "properties": { "event_id": "NASA_GLC_6019", "source": "NASA_GLC", "event_title": "Borolekha upazila of Moulvibazar", "event_date": "05-10-2014 09:00", "state": "Sylhet", "location_description": "Borolekha upazila of Moulvibazar", "latitude": 24.4136, "longitude": 91.7561, "landslide_category": "landslide", "landslide_trigger": "rain", "fatalities": 3, "injuries": 0, "inside_ne_polygon": false, "susceptibility_probability": null, "susceptibility_class_num": null, "susceptibility_class_name": "Unclassified" }, "geometry": { "type": "Point", "coordinates": [ 91.7561, 24.4136 ] } },
{ "type": "Feature", "properties": { "event_id": "NASA_GLC_8012", "source": "NASA_GLC", "event_title": "Umling, Meghalaya 793102, India", "event_date": "09-06-2015 15:00", "state": "Meghalaya", "location_description": "Umling, Meghalaya 793102, India", "latitude": 25.9703, "longitude": 91.8584, "landslide_category": "landslide", "landslide_trigger": "unknown", "fatalities": 0, "injuries": 0, "inside_ne_polygon": true, "susceptibility_probability": 0.8256, "susceptibility_class_num": 5.0, "susceptibility_class_name": "Very High (80-100%)" }, "geometry": { "type": "Point", "coordinates": [ 91.8584, 25.9703 ] } },
{ "type": "Feature", "properties": { "event_id": "NASA_GLC_2555", "source": "NASA_GLC", "event_title": "near Hsedaw(Hsipaw) station, Mandalay-Lashio railroad, Shan State ", "event_date": "10-06-2010 00:00", "state": "Shan", "location_description": "near Hsedaw(Hsipaw) station, Mandalay-Lashio railroad, Shan State ", "latitude": 22.6461, "longitude": 97.3193, "landslide_category": "landslide", "landslide_trigger": "downpour", "fatalities": 0, "injuries": 0, "inside_ne_polygon": false, "susceptibility_probability": null, "susceptibility_class_num": null, "susceptibility_class_name": "Unclassified" }, "geometry": { "type": "Point", "coordinates": [ 97.3193, 22.6461 ] } },
{ "type": "Feature", "properties": { "event_id": "NASA_GLC_7335", "source": "NASA_GLC", "event_title": "Tura Civil Hospital", "event_date": "08/18/2015 09:00:00 AM", "state": "Meghalaya", "location_description": "Tura Civil Hospital", "latitude": 25.5145, "longitude": 90.2023, "landslide_category": "landslide", "landslide_trigger": "continuous_rain", "fatalities": 0, "injuries": 0, "inside_ne_polygon": true, "susceptibility_probability": 0.4729, "susceptibility_class_num": 3.0, "susceptibility_class_name": "Moderate (40-60%)" }, "geometry": { "type": "Point", "coordinates": [ 90.2023, 25.5145 ] } },
{ "type": "Feature", "properties": { "event_id": "NASA_GLC_3804", "source": "NASA_GLC", "event_title": "southeastern, DHAKA, Bangladesh", "event_date": "07/19/2011 12:00:00 AM", "state": "Dhaka", "location_description": "southeastern, DHAKA, Bangladesh", "latitude": 23.7118, "longitude": 90.4077, "landslide_category": "landslide", "landslide_trigger": "downpour", "fatalities": 4, "injuries": 0, "inside_ne_polygon": false, "susceptibility_probability": null, "susceptibility_class_num": null, "susceptibility_class_name": "Unclassified" }, "geometry": { "type": "Point", "coordinates": [ 90.4077, 23.7118 ] } },
{ "type": "Feature", "properties": { "event_id": "NASA_GLC_141", "source": "NASA_GLC", "event_title": "Singtam", "event_date": "07/26/2007 12:00:00 AM", "state": "Meghālaya", "location_description": "Singtam", "latitude": 25.38, "longitude": 91.88, "landslide_category": "landslide", "landslide_trigger": "rain", "fatalities": 0, "injuries": 0, "inside_ne_polygon": true, "susceptibility_probability": 0.9589, "susceptibility_class_num": 5.0, "susceptibility_class_name": "Very High (80-100%)" }, "geometry": { "type": "Point", "coordinates": [ 91.88, 25.38 ] } },
{ "type": "Feature", "properties": { "event_id": "NASA_GLC_3983", "source": "NASA_GLC", "event_title": "Maighuli, Guwahati, Meghalaya", "event_date": "09/23/2011 12:00:00 AM", "state": "Assam", "location_description": "Maighuli, Guwahati, Meghalaya", "latitude": 26.1548, "longitude": 91.7351, "landslide_category": "landslide", "landslide_trigger": "downpour", "fatalities": 4, "injuries": 0, "inside_ne_polygon": true, "susceptibility_probability": 0.0864, "susceptibility_class_num": 1.0, "susceptibility_class_name": "Very Low (0-20%)" }, "geometry": { "type": "Point", "coordinates": [ 91.7351, 26.1548 ] } },
{ "type": "Feature", "properties": { "event_id": "NASA_GLC_148", "source": "NASA_GLC", "event_title": "Saiha", "event_date": "07/30/2007 12:00:00 AM", "state": "Mizoram", "location_description": "Saiha", "latitude": 22.479, "longitude": 92.967, "landslide_category": "landslide", "landslide_trigger": "downpour", "fatalities": 0, "injuries": 0, "inside_ne_polygon": true, "susceptibility_probability": 0.7426, "susceptibility_class_num": 4.0, "susceptibility_class_name": "High (60-80%)" }, "geometry": { "type": "Point", "coordinates": [ 92.967, 22.479 ] } },
{ "type": "Feature", "properties": { "event_id": "NASA_GLC_1094", "source": "NASA_GLC", "event_title": "Katare village, 80 km from Kalimpong", "event_date": "08/16/2009 09:30:00 PM", "state": "Bengal", "location_description": "Katare village, 80 km from Kalimpong", "latitude": 27.15977181, "longitude": 88.63411246, "landslide_category": "landslide", "landslide_trigger": "downpour", "fatalities": 1, "injuries": 0, "inside_ne_polygon": false, "susceptibility_probability": null, "susceptibility_class_num": null, "susceptibility_class_name": "Unclassified" }, "geometry": { "type": "Point", "coordinates": [ 88.63411246, 27.15977181 ] } },
{ "type": "Feature", "properties": { "event_id": "NASA_GLC_1775", "source": "NASA_GLC", "event_title": "Arunachal Pradesh ", "event_date": "04/21/2010 12:00:00 AM", "state": "Arunāchal Pradesh", "location_description": "Arunachal Pradesh ", "latitude": 27.8965, "longitude": 96.1779, "landslide_category": "landslide", "landslide_trigger": "downpour", "fatalities": 12, "injuries": 0, "inside_ne_polygon": true, "susceptibility_probability": 0.0042, "susceptibility_class_num": 1.0, "susceptibility_class_name": "Very Low (0-20%)" }, "geometry": { "type": "Point", "coordinates": [ 96.1779, 27.8965 ] } },
{ "type": "Feature", "properties": { "event_id": "NASA_GLC_3663", "source": "NASA_GLC", "event_title": "Ruzapfu valley, Kikruma Village, Phek District, Nagaland", "event_date": "06/28/2011 12:00:00 AM", "state": "Nāgāland", "location_description": "Ruzapfu valley, Kikruma Village, Phek District, Nagaland", "latitude": 25.6682, "longitude": 94.1099, "landslide_category": "landslide", "landslide_trigger": "downpour", "fatalities": 0, "injuries": 0, "inside_ne_polygon": true, "susceptibility_probability": 0.9153, "susceptibility_class_num": 5.0, "susceptibility_class_name": "Very High (80-100%)" }, "geometry": { "type": "Point", "coordinates": [ 94.1099, 25.6682 ] } },
{ "type": "Feature", "properties": { "event_id": "NASA_GLC_7385", "source": "NASA_GLC", "event_title": "Holenjang, Chandel district", "event_date": "08-01-2015 00:00", "state": "Manipur", "location_description": "Holenjang, Chandel district", "latitude": 24.004, "longitude": 93.9815, "landslide_category": "landslide", "landslide_trigger": "continuous_rain", "fatalities": 0, "injuries": 0, "inside_ne_polygon": true, "susceptibility_probability": 0.9649, "susceptibility_class_num": 5.0, "susceptibility_class_name": "Very High (80-100%)" }, "geometry": { "type": "Point", "coordinates": [ 93.9815, 24.004 ] } },
{ "type": "Feature", "properties": { "event_id": "NASA_GLC_3643", "source": "NASA_GLC", "event_title": "Villages surrounding the West Sikkim district of ", "event_date": "06/23/2011 11:30:00 PM", "state": "nan", "location_description": "Villages surrounding the West Sikkim district of ", "latitude": 27.2879, "longitude": 88.2579, "landslide_category": "landslide", "landslide_trigger": "downpour", "fatalities": 16, "injuries": 0, "inside_ne_polygon": true, "susceptibility_probability": 0.9558, "susceptibility_class_num": 5.0, "susceptibility_class_name": "Very High (80-100%)" }, "geometry": { "type": "Point", "coordinates": [ 88.2579, 27.2879 ] } },
{ "type": "Feature", "properties": { "event_id": "NASA_GLC_2575", "source": "NASA_GLC", "event_title": "road between Haflong and Lanka, Assam", "event_date": "10-09-2010 00:00", "state": "Assam", "location_description": "road between Haflong and Lanka, Assam", "latitude": 25.5242, "longitude": 92.9914, "landslide_category": "landslide", "landslide_trigger": "downpour", "fatalities": 0, "injuries": 0, "inside_ne_polygon": true, "susceptibility_probability": 0.006, "susceptibility_class_num": 1.0, "susceptibility_class_name": "Very Low (0-20%)" }, "geometry": { "type": "Point", "coordinates": [ 92.9914, 25.5242 ] } },
{ "type": "Feature", "properties": { "event_id": "NASA_GLC_3840", "source": "NASA_GLC", "event_title": "Manipur", "event_date": "07/25/2011 12:00:00 AM", "state": "Manipur", "location_description": "Manipur", "latitude": 24.6869, "longitude": 93.9157, "landslide_category": "landslide", "landslide_trigger": "downpour", "fatalities": 0, "injuries": 0, "inside_ne_polygon": true, "susceptibility_probability": 0.1967, "susceptibility_class_num": 1.0, "susceptibility_class_name": "Very Low (0-20%)" }, "geometry": { "type": "Point", "coordinates": [ 93.9157, 24.6869 ] } },
{ "type": "Feature", "properties": { "event_id": "NASA_GLC_9681", "source": "NASA_GLC", "event_title": "Thimphu-Phuentsholing highway, at Takti, between Samtse and Punakha ", "event_date": "05/21/2010 12:00:00 AM", "state": "Paro", "location_description": "Thimphu-Phuentsholing highway, at Takti, between Samtse and Punakha ", "latitude": 27.21898773, "longitude": 89.5187916, "landslide_category": "landslide", "landslide_trigger": "downpour", "fatalities": 0, "injuries": 0, "inside_ne_polygon": false, "susceptibility_probability": null, "susceptibility_class_num": null, "susceptibility_class_name": "Unclassified" }, "geometry": { "type": "Point", "coordinates": [ 89.5187916, 27.21898773 ] } },
{ "type": "Feature", "properties": { "event_id": "NASA_GLC_1027", "source": "NASA_GLC", "event_title": "Sreemangal upazila, Moulvibazer.", "event_date": "05/18/2009 08:00:00 AM", "state": "nan", "location_description": "Sreemangal upazila, Moulvibazer.", "latitude": 24.3083, "longitude": 91.7333, "landslide_category": "mudslide", "landslide_trigger": "downpour", "fatalities": 6, "injuries": 0, "inside_ne_polygon": false, "susceptibility_probability": null, "susceptibility_class_num": null, "susceptibility_class_name": "Unclassified" }, "geometry": { "type": "Point", "coordinates": [ 91.7333, 24.3083 ] } },
{ "type": "Feature", "properties": { "event_id": "NASA_GLC_1064", "source": "NASA_GLC", "event_title": "Lama village, Bandarban district 155 miles (248 kilometers) southeast of the capital Dhaka", "event_date": "07/31/2009 12:00:00 AM", "state": "Chittagong", "location_description": "Lama village, Bandarban district 155 miles (248 kilometers) southeast of the capital Dhaka", "latitude": 22.2251, "longitude": 92.19, "landslide_category": "landslide", "landslide_trigger": "downpour", "fatalities": 10, "injuries": 0, "inside_ne_polygon": false, "susceptibility_probability": null, "susceptibility_class_num": null, "susceptibility_class_name": "Unclassified" }, "geometry": { "type": "Point", "coordinates": [ 92.19, 22.2251 ] } },
{ "type": "Feature", "properties": { "event_id": "NASA_GLC_6015", "source": "NASA_GLC", "event_title": "Lohit District of Arunachal Pradesh", "event_date": "05-08-2014 00:00", "state": "Arunachal Pradesh", "location_description": "Lohit District of Arunachal Pradesh", "latitude": 27.9032, "longitude": 96.174, "landslide_category": "mudslide", "landslide_trigger": "rain", "fatalities": 0, "injuries": 0, "inside_ne_polygon": true, "susceptibility_probability": 0.0043, "susceptibility_class_num": 1.0, "susceptibility_class_name": "Very Low (0-20%)" }, "geometry": { "type": "Point", "coordinates": [ 96.174, 27.9032 ] } },
{ "type": "Feature", "properties": { "event_id": "NASA_GLC_3741", "source": "NASA_GLC", "event_title": "Maram (80 km north of Imphal)", "event_date": "07-07-2011 00:00", "state": "Nāgāland", "location_description": "Maram (80 km north of Imphal)", "latitude": 25.4191, "longitude": 94.1079, "landslide_category": "landslide", "landslide_trigger": "rain", "fatalities": 0, "injuries": 0, "inside_ne_polygon": true, "susceptibility_probability": 0.9832, "susceptibility_class_num": 5.0, "susceptibility_class_name": "Very High (80-100%)" }, "geometry": { "type": "Point", "coordinates": [ 94.1079, 25.4191 ] } },
{ "type": "Feature", "properties": { "event_id": "NASA_GLC_7696", "source": "NASA_GLC", "event_title": "Mangdechu hydropower project", "event_date": "08/14/2015 11:00:00 AM", "state": "nan", "location_description": "Mangdechu hydropower project", "latitude": 27.4373, "longitude": 90.4678, "landslide_category": "landslide", "landslide_trigger": "mining", "fatalities": 5, "injuries": 0, "inside_ne_polygon": false, "susceptibility_probability": null, "susceptibility_class_num": null, "susceptibility_class_name": "Unclassified" }, "geometry": { "type": "Point", "coordinates": [ 90.4678, 27.4373 ] } },
{ "type": "Feature", "properties": { "event_id": "NASA_GLC_210", "source": "NASA_GLC", "event_title": "Hattisurey in Kalimpong, on National Highway 31A", "event_date": "08/25/2007 12:00:00 AM", "state": "Bengal", "location_description": "Hattisurey in Kalimpong, on National Highway 31A", "latitude": 27.0713, "longitude": 88.4308, "landslide_category": "landslide", "landslide_trigger": "rain", "fatalities": 0, "injuries": 0, "inside_ne_polygon": false, "susceptibility_probability": null, "susceptibility_class_num": null, "susceptibility_class_name": "Unclassified" }, "geometry": { "type": "Point", "coordinates": [ 88.4308, 27.0713 ] } },
{ "type": "Feature", "properties": { "event_id": "NASA_GLC_2106", "source": "NASA_GLC", "event_title": "road to Oting near Longlam village, 13 km from Tizit subdivision, Mon district, Nagaland", "event_date": "07/20/2010 12:00:00 AM", "state": "Nāgāland", "location_description": "road to Oting near Longlam village, 13 km from Tizit subdivision, Mon district, Nagaland", "latitude": 26.8716, "longitude": 94.9921, "landslide_category": "landslide", "landslide_trigger": "downpour", "fatalities": 0, "injuries": 0, "inside_ne_polygon": true, "susceptibility_probability": 0.5721, "susceptibility_class_num": 3.0, "susceptibility_class_name": "Moderate (40-60%)" }, "geometry": { "type": "Point", "coordinates": [ 94.9921, 26.8716 ] } },
{ "type": "Feature", "properties": { "event_id": "NASA_GLC_9051", "source": "NASA_GLC", "event_title": "12th Mile area at Jorabat, Meghalaya, India", "event_date": "07/19/2016 09:00:00 AM", "state": "Meghalaya", "location_description": "12th Mile area at Jorabat, Meghalaya, India", "latitude": 26.09748244, "longitude": 91.8744337, "landslide_category": "landslide", "landslide_trigger": "unknown", "fatalities": 0, "injuries": 1, "inside_ne_polygon": true, "susceptibility_probability": 0.1009, "susceptibility_class_num": 1.0, "susceptibility_class_name": "Very Low (0-20%)" }, "geometry": { "type": "Point", "coordinates": [ 91.8744337, 26.09748244 ] } },
{ "type": "Feature", "properties": { "event_id": "NASA_GLC_870", "source": "NASA_GLC", "event_title": "West Kameng, Arunachal Pradesh", "event_date": "10/29/2008 12:00:00 AM", "state": "Arunāchal Pradesh", "location_description": "West Kameng, Arunachal Pradesh", "latitude": 27.4, "longitude": 92.35, "landslide_category": "mudslide", "landslide_trigger": "downpour", "fatalities": 12, "injuries": 0, "inside_ne_polygon": true, "susceptibility_probability": 0.7685, "susceptibility_class_num": 4.0, "susceptibility_class_name": "High (60-80%)" }, "geometry": { "type": "Point", "coordinates": [ 92.35, 27.4 ] } },
{ "type": "Feature", "properties": { "event_id": "NASA_GLC_2392", "source": "NASA_GLC", "event_title": "17th mile(?), Jawaharlal Nehru Marg hwy, between Gangtok and Nathu La, Sikkim", "event_date": "09-04-2010 00:00", "state": "Sikkim", "location_description": "17th mile(?), Jawaharlal Nehru Marg hwy, between Gangtok and Nathu La, Sikkim", "latitude": 27.3702, "longitude": 88.7334, "landslide_category": "landslide", "landslide_trigger": "downpour", "fatalities": 0, "injuries": 0, "inside_ne_polygon": true, "susceptibility_probability": 0.738, "susceptibility_class_num": 4.0, "susceptibility_class_name": "High (60-80%)" }, "geometry": { "type": "Point", "coordinates": [ 88.7334, 27.3702 ] } },
{ "type": "Feature", "properties": { "event_id": "NASA_GLC_1037", "source": "NASA_GLC", "event_title": "Sevoke, 20km from Siliguri, North Eastern, India (Highway NH31A:Coronation Bridge to the Sevoke police outpost section blocked)", "event_date": "06/17/2009 04:00:00 AM", "state": "Bengal", "location_description": "Sevoke, 20km from Siliguri, North Eastern, India (Highway NH31A:Coronation Bridge to the Sevoke police outpost section blocked)", "latitude": 26.89, "longitude": 88.47, "landslide_category": "mudslide", "landslide_trigger": "downpour", "fatalities": 0, "injuries": 0, "inside_ne_polygon": false, "susceptibility_probability": null, "susceptibility_class_num": null, "susceptibility_class_name": "Unclassified" }, "geometry": { "type": "Point", "coordinates": [ 88.47, 26.89 ] } },
{ "type": "Feature", "properties": { "event_id": "NASA_GLC_3830", "source": "NASA_GLC", "event_title": "Manipur", "event_date": "07/22/2011 12:00:00 AM", "state": "Manipur", "location_description": "Manipur", "latitude": 24.3527, "longitude": 94.3429, "landslide_category": "landslide", "landslide_trigger": "downpour", "fatalities": 0, "injuries": 0, "inside_ne_polygon": true, "susceptibility_probability": 0.1702, "susceptibility_class_num": 1.0, "susceptibility_class_name": "Very Low (0-20%)" }, "geometry": { "type": "Point", "coordinates": [ 94.3429, 24.3527 ] } },
{ "type": "Feature", "properties": { "event_id": "NASA_GLC_4906", "source": "NASA_GLC", "event_title": "Helipong-Chessore Road, Nagaland", "event_date": "06-07-2013 00:00", "state": "Nāgāland", "location_description": "Helipong-Chessore Road, Nagaland", "latitude": 26.0977, "longitude": 94.7499, "landslide_category": "landslide", "landslide_trigger": "unknown", "fatalities": 0, "injuries": 0, "inside_ne_polygon": true, "susceptibility_probability": 0.936, "susceptibility_class_num": 5.0, "susceptibility_class_name": "Very High (80-100%)" }, "geometry": { "type": "Point", "coordinates": [ 94.7499, 26.0977 ] } },
{ "type": "Feature", "properties": { "event_id": "NASA_GLC_1091", "source": "NASA_GLC", "event_title": "Kalimpong, Darjeeling, West Bengal", "event_date": "08/16/2009 09:00:00 AM", "state": "Bengal", "location_description": "Kalimpong, Darjeeling, West Bengal", "latitude": 27.02459801, "longitude": 88.43849551, "landslide_category": "landslide", "landslide_trigger": "downpour", "fatalities": 2, "injuries": 0, "inside_ne_polygon": false, "susceptibility_probability": null, "susceptibility_class_num": null, "susceptibility_class_name": "Unclassified" }, "geometry": { "type": "Point", "coordinates": [ 88.43849551, 27.02459801 ] } },
{ "type": "Feature", "properties": { "event_id": "NASA_GLC_9333", "source": "NASA_GLC", "event_title": "Jaflong", "event_date": "02/25/2016 01:00:00 PM", "state": "Sylhet", "location_description": "Jaflong", "latitude": 25.1622, "longitude": 92.0104, "landslide_category": "landslide", "landslide_trigger": "mining", "fatalities": 1, "injuries": 0, "inside_ne_polygon": false, "susceptibility_probability": null, "susceptibility_class_num": null, "susceptibility_class_name": "Unclassified" }, "geometry": { "type": "Point", "coordinates": [ 92.0104, 25.1622 ] } },
{ "type": "Feature", "properties": { "event_id": "NASA_GLC_151", "source": "NASA_GLC", "event_title": "Kurseong", "event_date": "08-02-2007 00:00", "state": "Bengal", "location_description": "Kurseong", "latitude": 26.8905, "longitude": 88.2789, "landslide_category": "mudslide", "landslide_trigger": "rain", "fatalities": 3, "injuries": 0, "inside_ne_polygon": false, "susceptibility_probability": null, "susceptibility_class_num": null, "susceptibility_class_name": "Unclassified" }, "geometry": { "type": "Point", "coordinates": [ 88.2789, 26.8905 ] } },
{ "type": "Feature", "properties": { "event_id": "NASA_GLC_7076", "source": "NASA_GLC", "event_title": "near Kalijhora", "event_date": "07-04-2015 18:00", "state": "West Bengal", "location_description": "near Kalijhora", "latitude": 26.9282, "longitude": 88.4553, "landslide_category": "landslide", "landslide_trigger": "unknown", "fatalities": 0, "injuries": 0, "inside_ne_polygon": false, "susceptibility_probability": null, "susceptibility_class_num": null, "susceptibility_class_name": "Unclassified" }, "geometry": { "type": "Point", "coordinates": [ 88.4553, 26.9282 ] } },
{ "type": "Feature", "properties": { "event_id": "NASA_GLC_218", "source": "NASA_GLC", "event_title": "Ghayabari-Tindharia on National Highway 55, near Darjeeling hills", "event_date": "08/29/2007 12:00:00 AM", "state": "Bengal", "location_description": "Ghayabari-Tindharia on National Highway 55, near Darjeeling hills", "latitude": 27.0096, "longitude": 88.2548, "landslide_category": "landslide", "landslide_trigger": "rain", "fatalities": 0, "injuries": 0, "inside_ne_polygon": false, "susceptibility_probability": null, "susceptibility_class_num": null, "susceptibility_class_name": "Unclassified" }, "geometry": { "type": "Point", "coordinates": [ 88.2548, 27.0096 ] } },
{ "type": "Feature", "properties": { "event_id": "NASA_GLC_2261", "source": "NASA_GLC", "event_title": "Hatisur(?), Sevok(Sevoke), Kalimpong sub-division, NH 31A between Siliguri and Gangtok, Sikkim", "event_date": "08/17/2010 08:00:00 AM", "state": "Bengal", "location_description": "Hatisur(?), Sevok(Sevoke), Kalimpong sub-division, NH 31A between Siliguri and Gangtok, Sikkim", "latitude": 26.9435, "longitude": 88.4445, "landslide_category": "landslide", "landslide_trigger": "downpour", "fatalities": 0, "injuries": 0, "inside_ne_polygon": false, "susceptibility_probability": null, "susceptibility_class_num": null, "susceptibility_class_name": "Unclassified" }, "geometry": { "type": "Point", "coordinates": [ 88.4445, 26.9435 ] } },
{ "type": "Feature", "properties": { "event_id": "NASA_GLC_93", "source": "NASA_GLC", "event_title": "Indira Bypass, Amdo Golai", "event_date": "06/13/2007 12:00:00 AM", "state": "Bengal", "location_description": "Indira Bypass, Amdo Golai", "latitude": 26.7324, "longitude": 88.4089, "landslide_category": "landslide", "landslide_trigger": "rain", "fatalities": 0, "injuries": 0, "inside_ne_polygon": false, "susceptibility_probability": null, "susceptibility_class_num": null, "susceptibility_class_name": "Unclassified" }, "geometry": { "type": "Point", "coordinates": [ 88.4089, 26.7324 ] } },
{ "type": "Feature", "properties": { "event_id": "NASA_GLC_9603", "source": "NASA_GLC", "event_title": "Mirik", "event_date": "10-12-2016 00:00", "state": "West Bengal", "location_description": "Mirik", "latitude": 26.8861, "longitude": 88.1704, "landslide_category": "landslide", "landslide_trigger": "downpour", "fatalities": 0, "injuries": 0, "inside_ne_polygon": false, "susceptibility_probability": null, "susceptibility_class_num": null, "susceptibility_class_name": "Unclassified" }, "geometry": { "type": "Point", "coordinates": [ 88.1704, 26.8861 ] } },
{ "type": "Feature", "properties": { "event_id": "NASA_GLC_3269", "source": "NASA_GLC", "event_title": "road from other districts to Hawai(Tawai?) which is  on Lojit river, near Hayuliang,  Anjaw district, Arunachal Pradesh", "event_date": "03/22/2011 12:00:00 AM", "state": "Arunāchal Pradesh", "location_description": "road from other districts to Hawai(Tawai?) which is  on Lojit river, near Hayuliang,  Anjaw district, Arunachal Pradesh", "latitude": 28.0791, "longitude": 96.5242, "landslide_category": "landslide", "landslide_trigger": "downpour", "fatalities": 0, "injuries": 0, "inside_ne_polygon": true, "susceptibility_probability": 0.9689, "susceptibility_class_num": 5.0, "susceptibility_class_name": "Very High (80-100%)" }, "geometry": { "type": "Point", "coordinates": [ 96.5242, 28.0791 ] } },
{ "type": "Feature", "properties": { "event_id": "NASA_GLC_1755", "source": "NASA_GLC", "event_title": "Natl. Highway 31-A at Pani House(?), Gangtok", "event_date": "04/17/2010 03:00:00 PM", "state": "Sikkim", "location_description": "Natl. Highway 31-A at Pani House(?), Gangtok", "latitude": 27.3341, "longitude": 88.6083, "landslide_category": "landslide", "landslide_trigger": "downpour", "fatalities": 0, "injuries": 0, "inside_ne_polygon": true, "susceptibility_probability": 0.9962, "susceptibility_class_num": 5.0, "susceptibility_class_name": "Very High (80-100%)" }, "geometry": { "type": "Point", "coordinates": [ 88.6083, 27.3341 ] } },
{ "type": "Feature", "properties": { "event_id": "NASA_GLC_6990", "source": "NASA_GLC", "event_title": "New Land (\"\"New Colony\"\")", "event_date": "06/24/2015 12:00:00 AM", "state": "Nagaland", "location_description": "New Land (\"\"New Colony\"\")", "latitude": 26.0319, "longitude": 94.5466, "landslide_category": "landslide", "landslide_trigger": "continuous_rain", "fatalities": 0, "injuries": 0, "inside_ne_polygon": true, "susceptibility_probability": null, "susceptibility_class_num": 5.0, "susceptibility_class_name": "Very High (80-100%)" }, "geometry": { "type": "Point", "coordinates": [ 94.5466, 26.0319 ] } },
{ "type": "Feature", "properties": { "event_id": "NASA_GLC_1995", "source": "NASA_GLC", "event_title": "Tripi (Tirpai?) road of Upper Gumfa area in Kalimpong", "event_date": "06/16/2010 12:00:00 AM", "state": "Bengal", "location_description": "Tripi (Tirpai?) road of Upper Gumfa area in Kalimpong", "latitude": 27.0765, "longitude": 88.4808, "landslide_category": "landslide", "landslide_trigger": "rain", "fatalities": 3, "injuries": 0, "inside_ne_polygon": false, "susceptibility_probability": null, "susceptibility_class_num": null, "susceptibility_class_name": "Unclassified" }, "geometry": { "type": "Point", "coordinates": [ 88.4808, 27.0765 ] } },
{ "type": "Feature", "properties": { "event_id": "NASA_GLC_6222", "source": "NASA_GLC", "event_title": "Karsingsa block point", "event_date": "10-01-2014 11:00", "state": "Arunachal Pradesh", "location_description": "Karsingsa block point", "latitude": 27.1249, "longitude": 93.7706, "landslide_category": "landslide", "landslide_trigger": "unknown", "fatalities": 5, "injuries": 0, "inside_ne_polygon": true, "susceptibility_probability": 0.749, "susceptibility_class_num": 4.0, "susceptibility_class_name": "High (60-80%)" }, "geometry": { "type": "Point", "coordinates": [ 93.7706, 27.1249 ] } },
{ "type": "Feature", "properties": { "event_id": "NASA_GLC_9169", "source": "NASA_GLC", "event_title": "on road between Mon and Tobu near Telangsao Hydro project , Nagaland, India", "event_date": "06-12-2016 00:00", "state": "Nagaland", "location_description": "on road between Mon and Tobu near Telangsao Hydro project , Nagaland, India", "latitude": 26.1677, "longitude": 94.2442, "landslide_category": "landslide", "landslide_trigger": "continuous_rain", "fatalities": 0, "injuries": 0, "inside_ne_polygon": true, "susceptibility_probability": 0.384, "susceptibility_class_num": 2.0, "susceptibility_class_name": "Low (20-40%)" }, "geometry": { "type": "Point", "coordinates": [ 94.2442, 26.1677 ] } },
{ "type": "Feature", "properties": { "event_id": "NASA_GLC_4435", "source": "NASA_GLC", "event_title": "Tirap , Arunachal Pradesh", "event_date": "06/25/2012 12:00:00 AM", "state": "Arunāchal Pradesh", "location_description": "Tirap , Arunachal Pradesh", "latitude": 27.174, "longitude": 95.8011, "landslide_category": "landslide", "landslide_trigger": "downpour", "fatalities": 0, "injuries": 0, "inside_ne_polygon": true, "susceptibility_probability": null, "susceptibility_class_num": 1.0, "susceptibility_class_name": "Very Low (0-20%)" }, "geometry": { "type": "Point", "coordinates": [ 95.8011, 27.174 ] } },
{ "type": "Feature", "properties": { "event_id": "NASA_GLC_4313", "source": "NASA_GLC", "event_title": "Endulin Nallah, Mayodia, 17-camp, 83-camp", "event_date": "04-08-2012 00:00", "state": "Arunāchal Pradesh", "location_description": "Endulin Nallah, Mayodia, 17-camp, 83-camp", "latitude": 28.4659, "longitude": 95.86, "landslide_category": "landslide", "landslide_trigger": "downpour", "fatalities": 0, "injuries": 0, "inside_ne_polygon": true, "susceptibility_probability": null, "susceptibility_class_num": 3.0, "susceptibility_class_name": "Moderate (40-60%)" }, "geometry": { "type": "Point", "coordinates": [ 95.86, 28.4659 ] } },
{ "type": "Feature", "properties": { "event_id": "NASA_GLC_2344", "source": "NASA_GLC", "event_title": "NH-53 at Nungba police station, Kambirong(?), Manipur", "event_date": "08/27/2010 04:30:00 PM", "state": "Assam", "location_description": "NH-53 at Nungba police station, Kambirong(?), Manipur", "latitude": 24.7505, "longitude": 93.4221, "landslide_category": "landslide", "landslide_trigger": "downpour", "fatalities": 0, "injuries": 0, "inside_ne_polygon": true, "susceptibility_probability": 0.4838, "susceptibility_class_num": 3.0, "susceptibility_class_name": "Moderate (40-60%)" }, "geometry": { "type": "Point", "coordinates": [ 93.4221, 24.7505 ] } },
{ "type": "Feature", "properties": { "event_id": "NASA_GLC_7263", "source": "NASA_GLC", "event_title": "15 kms from Maram, National Highway-102/A (Maram Peren road)", "event_date": "07/22/2015 12:00:00 AM", "state": "Manipur", "location_description": "15 kms from Maram, National Highway-102/A (Maram Peren road)", "latitude": 25.4477, "longitude": 94.0489, "landslide_category": "landslide", "landslide_trigger": "continuous_rain", "fatalities": 0, "injuries": 0, "inside_ne_polygon": true, "susceptibility_probability": 0.8921, "susceptibility_class_num": 5.0, "susceptibility_class_name": "Very High (80-100%)" }, "geometry": { "type": "Point", "coordinates": [ 94.0489, 25.4477 ] } },
{ "type": "Feature", "properties": { "event_id": "NASA_GLC_5271", "source": "NASA_GLC", "event_title": "Nanga, Nagaland", "event_date": "08-04-2013 00:00", "state": "Nāgāland", "location_description": "Nanga, Nagaland", "latitude": 26.284, "longitude": 94.5808, "landslide_category": "landslide", "landslide_trigger": "continuous_rain", "fatalities": 0, "injuries": 0, "inside_ne_polygon": true, "susceptibility_probability": 0.7528, "susceptibility_class_num": 4.0, "susceptibility_class_name": "High (60-80%)" }, "geometry": { "type": "Point", "coordinates": [ 94.5808, 26.284 ] } },
{ "type": "Feature", "properties": { "event_id": "NASA_GLC_4424", "source": "NASA_GLC", "event_title": "Lalunggaon, Guwahati,  Assam", "event_date": "06/20/2012 12:00:00 AM", "state": "Assam", "location_description": "Lalunggaon, Guwahati,  Assam", "latitude": 26.149, "longitude": 91.7351, "landslide_category": "landslide", "landslide_trigger": "downpour", "fatalities": 0, "injuries": 0, "inside_ne_polygon": true, "susceptibility_probability": 0.1223, "susceptibility_class_num": 1.0, "susceptibility_class_name": "Very Low (0-20%)" }, "geometry": { "type": "Point", "coordinates": [ 91.7351, 26.149 ] } },
{ "type": "Feature", "properties": { "event_id": "NASA_GLC_3525", "source": "NASA_GLC", "event_title": "Kaiphundai(?)-Tousem(in Assam) road, Tamenglong district, Manipur", "event_date": "05/22/2011 12:00:00 AM", "state": "Assam", "location_description": "Kaiphundai(?)-Tousem(in Assam) road, Tamenglong district, Manipur", "latitude": 25.0672, "longitude": 93.4093, "landslide_category": "landslide", "landslide_trigger": "downpour", "fatalities": 0, "injuries": 0, "inside_ne_polygon": true, "susceptibility_probability": 0.4089, "susceptibility_class_num": 3.0, "susceptibility_class_name": "Moderate (40-60%)" }, "geometry": { "type": "Point", "coordinates": [ 93.4093, 25.0672 ] } },
{ "type": "Feature", "properties": { "event_id": "NASA_GLC_7369", "source": "NASA_GLC", "event_title": "between Chalong and Paraolon", "event_date": "08-01-2015 00:00", "state": "Manipur", "location_description": "between Chalong and Paraolon", "latitude": 24.1988, "longitude": 94.1016, "landslide_category": "landslide", "landslide_trigger": "continuous_rain", "fatalities": 0, "injuries": 0, "inside_ne_polygon": true, "susceptibility_probability": 0.9812, "susceptibility_class_num": 5.0, "susceptibility_class_name": "Very High (80-100%)" }, "geometry": { "type": "Point", "coordinates": [ 94.1016, 24.1988 ] } },
{ "type": "Feature", "properties": { "event_id": "NASA_GLC_2360", "source": "NASA_GLC", "event_title": "Batase and Sisne villages, Lelep VDC, ", "event_date": "08/29/2010 10:00:00 PM", "state": "Eastern Region", "location_description": "Batase and Sisne villages, Lelep VDC, ", "latitude": 27.7276, "longitude": 88.0446, "landslide_category": "landslide", "landslide_trigger": "downpour", "fatalities": 0, "injuries": 0, "inside_ne_polygon": false, "susceptibility_probability": null, "susceptibility_class_num": null, "susceptibility_class_name": "Unclassified" }, "geometry": { "type": "Point", "coordinates": [ 88.0446, 27.7276 ] } },
{ "type": "Feature", "properties": { "event_id": "NASA_GLC_4892", "source": "NASA_GLC", "event_title": "Upper Subansiri", "event_date": "06-01-2013 00:00", "state": "Arunāchal Pradesh", "location_description": "Upper Subansiri", "latitude": 27.8776, "longitude": 94.25, "landslide_category": "landslide", "landslide_trigger": "downpour", "fatalities": 0, "injuries": 0, "inside_ne_polygon": true, "susceptibility_probability": null, "susceptibility_class_num": 5.0, "susceptibility_class_name": "Very High (80-100%)" }, "geometry": { "type": "Point", "coordinates": [ 94.25, 27.8776 ] } },
{ "type": "Feature", "properties": { "event_id": "NASA_GLC_4377", "source": "NASA_GLC", "event_title": "Guwahati, Assam", "event_date": "06-02-2012 00:00", "state": "Assam", "location_description": "Guwahati, Assam", "latitude": 26.1475, "longitude": 91.7356, "landslide_category": "landslide", "landslide_trigger": "downpour", "fatalities": 0, "injuries": 0, "inside_ne_polygon": true, "susceptibility_probability": 0.136, "susceptibility_class_num": 1.0, "susceptibility_class_name": "Very Low (0-20%)" }, "geometry": { "type": "Point", "coordinates": [ 91.7356, 26.1475 ] } },
{ "type": "Feature", "properties": { "event_id": "NASA_GLC_5430", "source": "NASA_GLC", "event_title": "Tamenglong- Khongsang Road, Manipur", "event_date": "09-01-2013 00:00", "state": "Manipur", "location_description": "Tamenglong- Khongsang Road, Manipur", "latitude": 24.9037, "longitude": 93.487, "landslide_category": "mudslide", "landslide_trigger": "continuous_rain", "fatalities": 0, "injuries": 0, "inside_ne_polygon": true, "susceptibility_probability": 0.9833, "susceptibility_class_num": 5.0, "susceptibility_class_name": "Very High (80-100%)" }, "geometry": { "type": "Point", "coordinates": [ 93.487, 24.9037 ] } },
{ "type": "Feature", "properties": { "event_id": "NASA_GLC_7264", "source": "NASA_GLC", "event_title": "22 kms to 30 kms between Sangkungmai and Willong", "event_date": "07/22/2015 12:00:00 AM", "state": "Manipur", "location_description": "22 kms to 30 kms between Sangkungmai and Willong", "latitude": 25.4538, "longitude": 93.9827, "landslide_category": "landslide", "landslide_trigger": "continuous_rain", "fatalities": 0, "injuries": 0, "inside_ne_polygon": true, "susceptibility_probability": 0.9089, "susceptibility_class_num": 5.0, "susceptibility_class_name": "Very High (80-100%)" }, "geometry": { "type": "Point", "coordinates": [ 93.9827, 25.4538 ] } },
{ "type": "Feature", "properties": { "event_id": "NASA_GLC_9220", "source": "NASA_GLC", "event_title": "Finchaytaar, Lodhoma, Darjeeling, India", "event_date": "07/26/2016 11:00:00 PM", "state": "West Bengal", "location_description": "Finchaytaar, Lodhoma, Darjeeling, India", "latitude": 27.1027, "longitude": 88.1218, "landslide_category": "landslide", "landslide_trigger": "downpour", "fatalities": 0, "injuries": 0, "inside_ne_polygon": false, "susceptibility_probability": null, "susceptibility_class_num": null, "susceptibility_class_name": "Unclassified" }, "geometry": { "type": "Point", "coordinates": [ 88.1218, 27.1027 ] } },
{ "type": "Feature", "properties": { "event_id": "NASA_GLC_5006", "source": "NASA_GLC", "event_title": "Thillong Village, Doyang Along State Highway 1, Wokha To Merapani Road", "event_date": "07-01-2013 00:00", "state": "Nāgāland", "location_description": "Thillong Village, Doyang Along State Highway 1, Wokha To Merapani Road", "latitude": 26.1147, "longitude": 94.3864, "landslide_category": "landslide", "landslide_trigger": "downpour", "fatalities": 0, "injuries": 0, "inside_ne_polygon": true, "susceptibility_probability": 0.2029, "susceptibility_class_num": 2.0, "susceptibility_class_name": "Low (20-40%)" }, "geometry": { "type": "Point", "coordinates": [ 94.3864, 26.1147 ] } },
{ "type": "Feature", "properties": { "event_id": "NASA_GLC_85", "source": "NASA_GLC", "event_title": "Rangamati", "event_date": "06-11-2007 00:00", "state": "Chittagong", "location_description": "Rangamati", "latitude": 22.6368, "longitude": 92.1453, "landslide_category": "mudslide", "landslide_trigger": "downpour", "fatalities": 3, "injuries": 0, "inside_ne_polygon": false, "susceptibility_probability": null, "susceptibility_class_num": null, "susceptibility_class_name": "Unclassified" }, "geometry": { "type": "Point", "coordinates": [ 92.1453, 22.6368 ] } },
{ "type": "Feature", "properties": { "event_id": "NASA_GLC_8280", "source": "NASA_GLC", "event_title": "Chittagong, Bangladesh", "event_date": "09/21/2015 07:00:00 AM", "state": "Chittagong", "location_description": "Chittagong, Bangladesh", "latitude": 22.3496, "longitude": 91.8138, "landslide_category": "landslide", "landslide_trigger": "rain", "fatalities": 2, "injuries": 0, "inside_ne_polygon": false, "susceptibility_probability": null, "susceptibility_class_num": null, "susceptibility_class_name": "Unclassified" }, "geometry": { "type": "Point", "coordinates": [ 91.8138, 22.3496 ] } },
{ "type": "Feature", "properties": { "event_id": "NASA_GLC_256", "source": "NASA_GLC", "event_title": "Rhodong village near Rhey in East Sikkim", "event_date": "09-10-2007 00:00", "state": "Sikkim", "location_description": "Rhodong village near Rhey in East Sikkim", "latitude": 27.3425, "longitude": 88.6236, "landslide_category": "landslide", "landslide_trigger": "rain", "fatalities": 0, "injuries": 0, "inside_ne_polygon": true, "susceptibility_probability": 0.9765, "susceptibility_class_num": 5.0, "susceptibility_class_name": "Very High (80-100%)" }, "geometry": { "type": "Point", "coordinates": [ 88.6236, 27.3425 ] } },
{ "type": "Feature", "properties": { "event_id": "NASA_GLC_9335", "source": "NASA_GLC", "event_title": "Bilaipur, Hailakandi district, Assam, India", "event_date": "05/18/2016 08:00:00 AM", "state": "Assam", "location_description": "Bilaipur, Hailakandi district, Assam, India", "latitude": 24.5202, "longitude": 92.7239, "landslide_category": "landslide", "landslide_trigger": "continuous_rain", "fatalities": 2, "injuries": 0, "inside_ne_polygon": true, "susceptibility_probability": null, "susceptibility_class_num": 1.0, "susceptibility_class_name": "Very Low (0-20%)" }, "geometry": { "type": "Point", "coordinates": [ 92.7239, 24.5202 ] } },
{ "type": "Feature", "properties": { "event_id": "NASA_GLC_7279", "source": "NASA_GLC", "event_title": "Tamenglong Ward No-IV", "event_date": "07/24/2015 12:00:00 AM", "state": "Manipur", "location_description": "Tamenglong Ward No-IV", "latitude": 24.9818, "longitude": 93.5142, "landslide_category": "mudslide", "landslide_trigger": "monsoon", "fatalities": 0, "injuries": 0, "inside_ne_polygon": true, "susceptibility_probability": 0.7371, "susceptibility_class_num": 4.0, "susceptibility_class_name": "High (60-80%)" }, "geometry": { "type": "Point", "coordinates": [ 93.5142, 24.9818 ] } },
{ "type": "Feature", "properties": { "event_id": "NASA_GLC_1963", "source": "NASA_GLC", "event_title": "near Sevok(Sevoke), Highway 31A to Sikkimand Kalimpong, Hatisura(?), Darjeeling", "event_date": "06-11-2010 00:00", "state": "Bengal", "location_description": "near Sevok(Sevoke), Highway 31A to Sikkimand Kalimpong, Hatisura(?), Darjeeling", "latitude": 26.944, "longitude": 88.4441, "landslide_category": "landslide", "landslide_trigger": "downpour", "fatalities": 0, "injuries": 0, "inside_ne_polygon": false, "susceptibility_probability": null, "susceptibility_class_num": null, "susceptibility_class_name": "Unclassified" }, "geometry": { "type": "Point", "coordinates": [ 88.4441, 26.944 ] } },
{ "type": "Feature", "properties": { "event_id": "NASA_GLC_6288", "source": "NASA_GLC", "event_title": "Noonmati", "event_date": "09/22/2014 12:00:00 AM", "state": "Assam", "location_description": "Noonmati", "latitude": 26.1985, "longitude": 91.7998, "landslide_category": "landslide", "landslide_trigger": "rain", "fatalities": 0, "injuries": 0, "inside_ne_polygon": true, "susceptibility_probability": 0.0366, "susceptibility_class_num": 1.0, "susceptibility_class_name": "Very Low (0-20%)" }, "geometry": { "type": "Point", "coordinates": [ 91.7998, 26.1985 ] } },
{ "type": "Feature", "properties": { "event_id": "NASA_GLC_5087", "source": "NASA_GLC", "event_title": "National Highway 29 Near Phesama Village, Nagaland", "event_date": "07-12-2013 00:00", "state": "Nāgāland", "location_description": "National Highway 29 Near Phesama Village, Nagaland", "latitude": 25.6269, "longitude": 94.1139, "landslide_category": "landslide", "landslide_trigger": "downpour", "fatalities": 0, "injuries": 0, "inside_ne_polygon": true, "susceptibility_probability": 0.9895, "susceptibility_class_num": 5.0, "susceptibility_class_name": "Very High (80-100%)" }, "geometry": { "type": "Point", "coordinates": [ 94.1139, 25.6269 ] } },
{ "type": "Feature", "properties": { "event_id": "NASA_GLC_6966", "source": "NASA_GLC", "event_title": "National Highway 31A, Darjeeling Hills", "event_date": "06/17/2015 12:00:00 AM", "state": "West Bengal", "location_description": "National Highway 31A, Darjeeling Hills", "latitude": 26.9974, "longitude": 88.4314, "landslide_category": "landslide", "landslide_trigger": "downpour", "fatalities": 0, "injuries": 0, "inside_ne_polygon": false, "susceptibility_probability": null, "susceptibility_class_num": null, "susceptibility_class_name": "Unclassified" }, "geometry": { "type": "Point", "coordinates": [ 88.4314, 26.9974 ] } },
{ "type": "Feature", "properties": { "event_id": "NASA_GLC_258", "source": "NASA_GLC", "event_title": "NH-39 at Imphal-Moreh section, Lokchao largest event", "event_date": "09-11-2007 00:00", "state": "Manipur", "location_description": "NH-39 at Imphal-Moreh section, Lokchao largest event", "latitude": 24.4279, "longitude": 94.0564, "landslide_category": "landslide", "landslide_trigger": "rain", "fatalities": 3, "injuries": 0, "inside_ne_polygon": true, "susceptibility_probability": null, "susceptibility_class_num": 3.0, "susceptibility_class_name": "Moderate (40-60%)" }, "geometry": { "type": "Point", "coordinates": [ 94.0564, 24.4279 ] } },
{ "type": "Feature", "properties": { "event_id": "NASA_GLC_5338", "source": "NASA_GLC", "event_title": "Longlem, Nagaland", "event_date": "08/16/2013 12:00:00 AM", "state": "Assam", "location_description": "Longlem, Nagaland", "latitude": 26.8727, "longitude": 94.9275, "landslide_category": "landslide", "landslide_trigger": "rain", "fatalities": 0, "injuries": 0, "inside_ne_polygon": true, "susceptibility_probability": null, "susceptibility_class_num": 1.0, "susceptibility_class_name": "Very Low (0-20%)" }, "geometry": { "type": "Point", "coordinates": [ 94.9275, 26.8727 ] } },
{ "type": "Feature", "properties": { "event_id": "NASA_GLC_2411", "source": "NASA_GLC", "event_title": "districts Lakhimpur, Dhemaji, Golaghat, and Sonitpur, Assam province", "event_date": "09-10-2010 00:00", "state": "Arunāchal Pradesh", "location_description": "districts Lakhimpur, Dhemaji, Golaghat, and Sonitpur, Assam province", "latitude": 27.0011, "longitude": 93.7273, "landslide_category": "landslide", "landslide_trigger": "downpour", "fatalities": 0, "injuries": 0, "inside_ne_polygon": true, "susceptibility_probability": 0.0018, "susceptibility_class_num": 1.0, "susceptibility_class_name": "Very Low (0-20%)" }, "geometry": { "type": "Point", "coordinates": [ 93.7273, 27.0011 ] } },
{ "type": "Feature", "properties": { "event_id": "NASA_GLC_6143", "source": "NASA_GLC", "event_title": "Zembabawk, Aizawl", "event_date": "07/14/2014 06:00:00 PM", "state": "Mizoram", "location_description": "Zembabawk, Aizawl", "latitude": 23.7327, "longitude": 92.7463, "landslide_category": "landslide", "landslide_trigger": "downpour", "fatalities": 1, "injuries": 2, "inside_ne_polygon": true, "susceptibility_probability": 0.8277, "susceptibility_class_num": 5.0, "susceptibility_class_name": "Very High (80-100%)" }, "geometry": { "type": "Point", "coordinates": [ 92.7463, 23.7327 ] } },
{ "type": "Feature", "properties": { "event_id": "NASA_GLC_4908", "source": "NASA_GLC", "event_title": "15 Km From Gangtok, Himalayans", "event_date": "06-08-2013 17:00", "state": "Sikkim", "location_description": "15 Km From Gangtok, Himalayans", "latitude": 27.3721, "longitude": 88.708, "landslide_category": "landslide", "landslide_trigger": "downpour", "fatalities": 0, "injuries": 0, "inside_ne_polygon": true, "susceptibility_probability": 0.9845, "susceptibility_class_num": 5.0, "susceptibility_class_name": "Very High (80-100%)" }, "geometry": { "type": "Point", "coordinates": [ 88.708, 27.3721 ] } },
{ "type": "Feature", "properties": { "event_id": "NASA_GLC_9124", "source": "NASA_GLC", "event_title": "Rongthragittim Songittal village, near Sibbari, South Garo Hills District, Meghalaya, India", "event_date": "07/19/2016 12:00:00 AM", "state": "Meghalaya", "location_description": "Rongthragittim Songittal village, near Sibbari, South Garo Hills District, Meghalaya, India", "latitude": 25.203, "longitude": 90.5573, "landslide_category": "translational_slide", "landslide_trigger": "continuous_rain", "fatalities": 0, "injuries": 0, "inside_ne_polygon": true, "susceptibility_probability": null, "susceptibility_class_num": 2.0, "susceptibility_class_name": "Low (20-40%)" }, "geometry": { "type": "Point", "coordinates": [ 90.5573, 25.203 ] } },
{ "type": "Feature", "properties": { "event_id": "NASA_GLC_2282", "source": "NASA_GLC", "event_title": "Tuensang-Kohima rd, 3 km outside Tuensang, Nagaland", "event_date": "08/19/2010 06:30:00 AM", "state": "Nāgāland", "location_description": "Tuensang-Kohima rd, 3 km outside Tuensang, Nagaland", "latitude": 26.1984, "longitude": 94.8158, "landslide_category": "landslide", "landslide_trigger": "downpour", "fatalities": 0, "injuries": 0, "inside_ne_polygon": true, "susceptibility_probability": 0.9826, "susceptibility_class_num": 5.0, "susceptibility_class_name": "Very High (80-100%)" }, "geometry": { "type": "Point", "coordinates": [ 94.8158, 26.1984 ] } },
{ "type": "Feature", "properties": { "event_id": "NASA_GLC_9338", "source": "NASA_GLC", "event_title": "Sonachirra, Karimganj district, Assam, India", "event_date": "05/18/2016 08:00:00 AM", "state": "Assam", "location_description": "Sonachirra, Karimganj district, Assam, India", "latitude": 24.4638, "longitude": 92.4943, "landslide_category": "landslide", "landslide_trigger": "continuous_rain", "fatalities": 5, "injuries": 0, "inside_ne_polygon": true, "susceptibility_probability": 0.0526, "susceptibility_class_num": 1.0, "susceptibility_class_name": "Very Low (0-20%)" }, "geometry": { "type": "Point", "coordinates": [ 92.4943, 24.4638 ] } },
{ "type": "Feature", "properties": { "event_id": "NASA_GLC_2421", "source": "NASA_GLC", "event_title": "road to Muanna Godown, Zuangtui, Mizoram", "event_date": "09/13/2010 09:00:00 AM", "state": "Mizoram", "location_description": "road to Muanna Godown, Zuangtui, Mizoram", "latitude": 23.75406693, "longitude": 92.74128531, "landslide_category": "landslide", "landslide_trigger": "downpour", "fatalities": 0, "injuries": 0, "inside_ne_polygon": true, "susceptibility_probability": 0.9342, "susceptibility_class_num": 5.0, "susceptibility_class_name": "Very High (80-100%)" }, "geometry": { "type": "Point", "coordinates": [ 92.74128531, 23.75406693 ] } },
{ "type": "Feature", "properties": { "event_id": "NASA_GLC_2249", "source": "NASA_GLC", "event_title": "Kiphire-Tuensang rd, Nagaland", "event_date": "08/14/2010 12:00:00 AM", "state": "Nāgāland", "location_description": "Kiphire-Tuensang rd, Nagaland", "latitude": 26.0814, "longitude": 94.803, "landslide_category": "landslide", "landslide_trigger": "downpour", "fatalities": 0, "injuries": 0, "inside_ne_polygon": true, "susceptibility_probability": 0.8006, "susceptibility_class_num": 5.0, "susceptibility_class_name": "Very High (80-100%)" }, "geometry": { "type": "Point", "coordinates": [ 94.803, 26.0814 ] } },
{ "type": "Feature", "properties": { "event_id": "NASA_GLC_8901", "source": "NASA_GLC", "event_title": "National Highway 2, near Kohima, Nagaland, India", "event_date": "07-10-2016 00:00", "state": "Nagaland", "location_description": "National Highway 2, near Kohima, Nagaland, India", "latitude": 25.7902, "longitude": 94.1318, "landslide_category": "landslide", "landslide_trigger": "downpour", "fatalities": 0, "injuries": 0, "inside_ne_polygon": true, "susceptibility_probability": 0.8808, "susceptibility_class_num": 5.0, "susceptibility_class_name": "Very High (80-100%)" }, "geometry": { "type": "Point", "coordinates": [ 94.1318, 25.7902 ] } },
{ "type": "Feature", "properties": { "event_id": "NASA_GLC_2283", "source": "NASA_GLC", "event_title": "2 km from Khongsang village(?), road between Tamenglong and Imphal or Nungba, Manipur", "event_date": "08/19/2010 12:00:00 AM", "state": "Manipur", "location_description": "2 km from Khongsang village(?), road between Tamenglong and Imphal or Nungba, Manipur", "latitude": 24.8961, "longitude": 93.4957, "landslide_category": "mudslide", "landslide_trigger": "downpour", "fatalities": 0, "injuries": 0, "inside_ne_polygon": true, "susceptibility_probability": 0.9565, "susceptibility_class_num": 5.0, "susceptibility_class_name": "Very High (80-100%)" }, "geometry": { "type": "Point", "coordinates": [ 93.4957, 24.8961 ] } },
{ "type": "Feature", "properties": { "event_id": "NASA_GLC_4552", "source": "NASA_GLC", "event_title": "Takdah, West Bengal", "event_date": "09/14/2012 12:00:00 AM", "state": "Sikkim", "location_description": "Takdah, West Bengal", "latitude": 27.0377, "longitude": 88.3603, "landslide_category": "landslide", "landslide_trigger": "downpour", "fatalities": 0, "injuries": 0, "inside_ne_polygon": false, "susceptibility_probability": null, "susceptibility_class_num": null, "susceptibility_class_name": "Unclassified" }, "geometry": { "type": "Point", "coordinates": [ 88.3603, 27.0377 ] } },
{ "type": "Feature", "properties": { "event_id": "NASA_GLC_1099", "source": "NASA_GLC", "event_title": "Takti,(near Chukha) along Phuentsholing-Thimphu highway ", "event_date": "08/18/2009 01:00:00 PM", "state": "Chhukha", "location_description": "Takti,(near Chukha) along Phuentsholing-Thimphu highway ", "latitude": 27.044, "longitude": 89.5744, "landslide_category": "landslide", "landslide_trigger": "downpour", "fatalities": 1, "injuries": 0, "inside_ne_polygon": false, "susceptibility_probability": null, "susceptibility_class_num": null, "susceptibility_class_name": "Unclassified" }, "geometry": { "type": "Point", "coordinates": [ 89.5744, 27.044 ] } },
{ "type": "Feature", "properties": { "event_id": "NASA_GLC_6016", "source": "NASA_GLC", "event_title": "Satgarakul Village, Karimganj, Assam State", "event_date": "05-09-2014 23:00", "state": "Assam", "location_description": "Satgarakul Village, Karimganj, Assam State", "latitude": 24.8669, "longitude": 92.3576, "landslide_category": "landslide", "landslide_trigger": "rain", "fatalities": 7, "injuries": 0, "inside_ne_polygon": true, "susceptibility_probability": 0.0553, "susceptibility_class_num": 1.0, "susceptibility_class_name": "Very Low (0-20%)" }, "geometry": { "type": "Point", "coordinates": [ 92.3576, 24.8669 ] } },
{ "type": "Feature", "properties": { "event_id": "NASA_GLC_215", "source": "NASA_GLC", "event_title": "Phesema area at National Highway 39", "event_date": "08/28/2007 12:00:00 AM", "state": "Nāgāland", "location_description": "Phesema area at National Highway 39", "latitude": 25.7428, "longitude": 93.9136, "landslide_category": "landslide", "landslide_trigger": "rain", "fatalities": 1, "injuries": 0, "inside_ne_polygon": true, "susceptibility_probability": 0.0685, "susceptibility_class_num": 1.0, "susceptibility_class_name": "Very Low (0-20%)" }, "geometry": { "type": "Point", "coordinates": [ 93.9136, 25.7428 ] } },
{ "type": "Feature", "properties": { "event_id": "NASA_GLC_7044", "source": "NASA_GLC", "event_title": "Harkate-Kiteni section of Mechi highway", "event_date": "07-01-2015 09:00", "state": "Eastern Region", "location_description": "Harkate-Kiteni section of Mechi highway", "latitude": 26.8366, "longitude": 88.0839, "landslide_category": "landslide", "landslide_trigger": "downpour", "fatalities": 0, "injuries": 0, "inside_ne_polygon": false, "susceptibility_probability": null, "susceptibility_class_num": null, "susceptibility_class_name": "Unclassified" }, "geometry": { "type": "Point", "coordinates": [ 88.0839, 26.8366 ] } },
{ "type": "Feature", "properties": { "event_id": "NASA_GLC_5533", "source": "NASA_GLC", "event_title": "Kalimpong, West Bengal", "event_date": "09/16/2013 03:00:00 PM", "state": "Bengal", "location_description": "Kalimpong, West Bengal", "latitude": 27.0599, "longitude": 88.4674, "landslide_category": "landslide", "landslide_trigger": "downpour", "fatalities": 1, "injuries": 0, "inside_ne_polygon": false, "susceptibility_probability": null, "susceptibility_class_num": null, "susceptibility_class_name": "Unclassified" }, "geometry": { "type": "Point", "coordinates": [ 88.4674, 27.0599 ] } },
{ "type": "Feature", "properties": { "event_id": "NASA_GLC_7780", "source": "NASA_GLC", "event_title": "Sailam village", "event_date": "08/26/2015 12:00:00 AM", "state": "Mizoram", "location_description": "Sailam village", "latitude": 23.3572, "longitude": 92.7878, "landslide_category": "landslide", "landslide_trigger": "continuous_rain", "fatalities": 1, "injuries": 0, "inside_ne_polygon": true, "susceptibility_probability": null, "susceptibility_class_num": 5.0, "susceptibility_class_name": "Very High (80-100%)" }, "geometry": { "type": "Point", "coordinates": [ 92.7878, 23.3572 ] } },
{ "type": "Feature", "properties": { "event_id": "NASA_GLC_2281", "source": "NASA_GLC", "event_title": "Kisima, Nagaland", "event_date": "08/19/2010 06:00:00 PM", "state": "Nāgāland", "location_description": "Kisima, Nagaland", "latitude": 25.61560252, "longitude": 94.11603493, "landslide_category": "landslide", "landslide_trigger": "downpour", "fatalities": 0, "injuries": 0, "inside_ne_polygon": true, "susceptibility_probability": 0.9714, "susceptibility_class_num": 5.0, "susceptibility_class_name": "Very High (80-100%)" }, "geometry": { "type": "Point", "coordinates": [ 94.11603493, 25.61560252 ] } },
{ "type": "Feature", "properties": { "event_id": "NASA_GLC_1996", "source": "NASA_GLC", "event_title": "Shayoung Ward(?), Longleng, Nagaland", "event_date": "06/17/2010 07:30:00 PM", "state": "Nāgāland", "location_description": "Shayoung Ward(?), Longleng, Nagaland", "latitude": 26.4333, "longitude": 94.8833, "landslide_category": "landslide", "landslide_trigger": "downpour", "fatalities": 0, "injuries": 0, "inside_ne_polygon": true, "susceptibility_probability": null, "susceptibility_class_num": 2.0, "susceptibility_class_name": "Low (20-40%)" }, "geometry": { "type": "Point", "coordinates": [ 94.8833, 26.4333 ] } },
{ "type": "Feature", "properties": { "event_id": "NASA_GLC_260", "source": "NASA_GLC", "event_title": "National Highway 31A, between Singtam and Rangpo", "event_date": "09-11-2007 00:00", "state": "nan", "location_description": "National Highway 31A, between Singtam and Rangpo", "latitude": 27.2084, "longitude": 88.4909, "landslide_category": "debris_flow", "landslide_trigger": "rain", "fatalities": 0, "injuries": 0, "inside_ne_polygon": true, "susceptibility_probability": null, "susceptibility_class_num": 5.0, "susceptibility_class_name": "Very High (80-100%)" }, "geometry": { "type": "Point", "coordinates": [ 88.4909, 27.2084 ] } },
{ "type": "Feature", "properties": { "event_id": "NASA_GLC_6283", "source": "NASA_GLC", "event_title": "Dakhingaon", "event_date": "09/22/2014 12:00:00 AM", "state": "Assam", "location_description": "Dakhingaon", "latitude": 26.1314, "longitude": 91.7548, "landslide_category": "landslide", "landslide_trigger": "rain", "fatalities": 0, "injuries": 0, "inside_ne_polygon": true, "susceptibility_probability": 0.0242, "susceptibility_class_num": 1.0, "susceptibility_class_name": "Very Low (0-20%)" }, "geometry": { "type": "Point", "coordinates": [ 91.7548, 26.1314 ] } },
{ "type": "Feature", "properties": { "event_id": "NASA_GLC_8930", "source": "NASA_GLC", "event_title": "North Point Colony, Akuluto, Nagaland, India", "event_date": "07-11-2016 23:00", "state": "Nagaland", "location_description": "North Point Colony, Akuluto, Nagaland, India", "latitude": 26.1699, "longitude": 94.4922, "landslide_category": "landslide", "landslide_trigger": "unknown", "fatalities": 0, "injuries": 0, "inside_ne_polygon": true, "susceptibility_probability": 0.8747, "susceptibility_class_num": 5.0, "susceptibility_class_name": "Very High (80-100%)" }, "geometry": { "type": "Point", "coordinates": [ 94.4922, 26.1699 ] } },
{ "type": "Feature", "properties": { "event_id": "NASA_GLC_869", "source": "NASA_GLC", "event_title": "North Lakhimpur ", "event_date": "10/29/2008 12:00:00 AM", "state": "Assam", "location_description": "North Lakhimpur ", "latitude": 27.2333, "longitude": 94.1167, "landslide_category": "landslide", "landslide_trigger": "downpour", "fatalities": 0, "injuries": 0, "inside_ne_polygon": true, "susceptibility_probability": 0.0074, "susceptibility_class_num": 1.0, "susceptibility_class_name": "Very Low (0-20%)" }, "geometry": { "type": "Point", "coordinates": [ 94.1167, 27.2333 ] } },
{ "type": "Feature", "properties": { "event_id": "NASA_GLC_6656", "source": "NASA_GLC", "event_title": "Mawmaungbon village, Hpakant", "event_date": "01-06-2015 19:05", "state": "Kachin", "location_description": "Mawmaungbon village, Hpakant", "latitude": 25.6172, "longitude": 96.3005, "landslide_category": "other", "landslide_trigger": "downpour", "fatalities": 4, "injuries": 0, "inside_ne_polygon": false, "susceptibility_probability": null, "susceptibility_class_num": null, "susceptibility_class_name": "Unclassified" }, "geometry": { "type": "Point", "coordinates": [ 96.3005, 25.6172 ] } },
{ "type": "Feature", "properties": { "event_id": "NASA_GLC_285", "source": "NASA_GLC", "event_title": "National Highway, 45 Aizwal (Mizoram)", "event_date": "09/29/2007 12:00:00 AM", "state": "Mizoram", "location_description": "National Highway, 45 Aizwal (Mizoram)", "latitude": 24.1293, "longitude": 92.6921, "landslide_category": "landslide", "landslide_trigger": "rain", "fatalities": 0, "injuries": 0, "inside_ne_polygon": true, "susceptibility_probability": null, "susceptibility_class_num": 5.0, "susceptibility_class_name": "Very High (80-100%)" }, "geometry": { "type": "Point", "coordinates": [ 92.6921, 24.1293 ] } },
{ "type": "Feature", "properties": { "event_id": "NASA_GLC_3662", "source": "NASA_GLC", "event_title": "Ikou-Gangpijang road, near: Ikou, Saikul, and Gangpijang; Imphal India", "event_date": "06/28/2011 12:00:00 AM", "state": "Manipur", "location_description": "Ikou-Gangpijang road, near: Ikou, Saikul, and Gangpijang; Imphal India", "latitude": 25.03561729, "longitude": 94.0144205, "landslide_category": "landslide", "landslide_trigger": "rain", "fatalities": 0, "injuries": 0, "inside_ne_polygon": true, "susceptibility_probability": 0.8445, "susceptibility_class_num": 5.0, "susceptibility_class_name": "Very High (80-100%)" }, "geometry": { "type": "Point", "coordinates": [ 94.0144205, 25.03561729 ] } },
{ "type": "Feature", "properties": { "event_id": "NASA_GLC_5427", "source": "NASA_GLC", "event_title": "Koide Government High School, Senapati, Manipur", "event_date": "08/15/2013 12:00:00 AM", "state": "Nāgāland", "location_description": "Koide Government High School, Senapati, Manipur", "latitude": 25.3833, "longitude": 94.1884, "landslide_category": "landslide", "landslide_trigger": "downpour", "fatalities": 0, "injuries": 0, "inside_ne_polygon": true, "susceptibility_probability": null, "susceptibility_class_num": 5.0, "susceptibility_class_name": "Very High (80-100%)" }, "geometry": { "type": "Point", "coordinates": [ 94.1884, 25.3833 ] } },
{ "type": "Feature", "properties": { "event_id": "NASA_GLC_8339", "source": "NASA_GLC", "event_title": "Kamakhya Temple", "event_date": "09/23/2015 12:00:00 AM", "state": "Assam", "location_description": "Kamakhya Temple", "latitude": 26.1666, "longitude": 91.7042, "landslide_category": "landslide", "landslide_trigger": "continuous_rain", "fatalities": 0, "injuries": 0, "inside_ne_polygon": true, "susceptibility_probability": 0.1348, "susceptibility_class_num": 1.0, "susceptibility_class_name": "Very Low (0-20%)" }, "geometry": { "type": "Point", "coordinates": [ 91.7042, 26.1666 ] } },
{ "type": "Feature", "properties": { "event_id": "NASA_GLC_4905", "source": "NASA_GLC", "event_title": "Kuthur – Huker Road Via Y Anner, Chessore, Nagaland", "event_date": "06-07-2013 00:00", "state": "Nāgāland", "location_description": "Kuthur – Huker Road Via Y Anner, Chessore, Nagaland", "latitude": 26.0977, "longitude": 94.7031, "landslide_category": "landslide", "landslide_trigger": "unknown", "fatalities": 0, "injuries": 0, "inside_ne_polygon": true, "susceptibility_probability": 0.688, "susceptibility_class_num": 4.0, "susceptibility_class_name": "High (60-80%)" }, "geometry": { "type": "Point", "coordinates": [ 94.7031, 26.0977 ] } },
{ "type": "Feature", "properties": { "event_id": "NASA_GLC_9186", "source": "NASA_GLC", "event_title": "Imphal-Dimapur road  in Tadubi, Senapati district, Manipur, India", "event_date": "07/25/2016 12:30:00 PM", "state": "Manipur", "location_description": "Imphal-Dimapur road  in Tadubi, Senapati district, Manipur, India", "latitude": 25.48, "longitude": 94.1383, "landslide_category": "landslide", "landslide_trigger": "continuous_rain", "fatalities": 0, "injuries": 1, "inside_ne_polygon": true, "susceptibility_probability": 0.9888, "susceptibility_class_num": 5.0, "susceptibility_class_name": "Very High (80-100%)" }, "geometry": { "type": "Point", "coordinates": [ 94.1383, 25.48 ] } },
{ "type": "Feature", "properties": { "event_id": "NASA_GLC_8955", "source": "NASA_GLC", "event_title": "Companiganj upazila of Sylhet district", "event_date": "11/16/2015 12:00:00 AM", "state": "Sylhet", "location_description": "Companiganj upazila of Sylhet district", "latitude": 25.0821, "longitude": 91.7783, "landslide_category": "landslide", "landslide_trigger": "unknown", "fatalities": 1, "injuries": 0, "inside_ne_polygon": false, "susceptibility_probability": null, "susceptibility_class_num": null, "susceptibility_class_name": "Unclassified" }, "geometry": { "type": "Point", "coordinates": [ 91.7783, 25.0821 ] } },
{ "type": "Feature", "properties": { "event_id": "NASA_GLC_5107", "source": "NASA_GLC", "event_title": "National Highway 29 Near Phesama Village, Nagaland", "event_date": "07/15/2013 12:00:00 AM", "state": "Nāgāland", "location_description": "National Highway 29 Near Phesama Village, Nagaland", "latitude": 25.6269, "longitude": 94.1139, "landslide_category": "landslide", "landslide_trigger": "rain", "fatalities": 0, "injuries": 0, "inside_ne_polygon": true, "susceptibility_probability": 0.9895, "susceptibility_class_num": 5.0, "susceptibility_class_name": "Very High (80-100%)" }, "geometry": { "type": "Point", "coordinates": [ 94.1139, 25.6269 ] } },
{ "type": "Feature", "properties": { "event_id": "NASA_GLC_6792", "source": "NASA_GLC", "event_title": "Bholaganj stone quarry in Companyganj upazila", "event_date": "02/22/2015 08:30:00 PM", "state": "Sylhet", "location_description": "Bholaganj stone quarry in Companyganj upazila", "latitude": 25.1472, "longitude": 91.7483, "landslide_category": "mudslide", "landslide_trigger": "mining", "fatalities": 4, "injuries": 0, "inside_ne_polygon": false, "susceptibility_probability": null, "susceptibility_class_num": null, "susceptibility_class_name": "Unclassified" }, "geometry": { "type": "Point", "coordinates": [ 91.7483, 25.1472 ] } },
{ "type": "Feature", "properties": { "event_id": "NASA_GLC_7253", "source": "NASA_GLC", "event_title": "Lakhipur", "event_date": "07/22/2015 12:00:00 AM", "state": "Assam", "location_description": "Lakhipur", "latitude": 24.7979, "longitude": 92.9974, "landslide_category": "landslide", "landslide_trigger": "continuous_rain", "fatalities": 5, "injuries": 0, "inside_ne_polygon": true, "susceptibility_probability": null, "susceptibility_class_num": 1.0, "susceptibility_class_name": "Very Low (0-20%)" }, "geometry": { "type": "Point", "coordinates": [ 92.9974, 24.7979 ] } },
{ "type": "Feature", "properties": { "event_id": "NASA_GLC_1089", "source": "NASA_GLC", "event_title": "Gourishankar tea estate premises, Darjeeling, West Bengal", "event_date": "08/16/2009 01:30:00 AM", "state": "Bengal", "location_description": "Gourishankar tea estate premises, Darjeeling, West Bengal", "latitude": 26.7914, "longitude": 88.363, "landslide_category": "landslide", "landslide_trigger": "downpour", "fatalities": 4, "injuries": 0, "inside_ne_polygon": false, "susceptibility_probability": null, "susceptibility_class_num": null, "susceptibility_class_name": "Unclassified" }, "geometry": { "type": "Point", "coordinates": [ 88.363, 26.7914 ] } },
{ "type": "Feature", "properties": { "event_id": "NASA_GLC_6286", "source": "NASA_GLC", "event_title": "Garchuk", "event_date": "09/22/2014 12:00:00 AM", "state": "Assam", "location_description": "Garchuk", "latitude": 26.1044, "longitude": 91.7082, "landslide_category": "landslide", "landslide_trigger": "rain", "fatalities": 0, "injuries": 0, "inside_ne_polygon": true, "susceptibility_probability": 0.0008, "susceptibility_class_num": 1.0, "susceptibility_class_name": "Very Low (0-20%)" }, "geometry": { "type": "Point", "coordinates": [ 91.7082, 26.1044 ] } },
{ "type": "Feature", "properties": { "event_id": "NASA_GLC_7040", "source": "NASA_GLC", "event_title": "Sukhiapokhari", "event_date": "07-01-2015 00:00", "state": "West Bengal", "location_description": "Sukhiapokhari", "latitude": 26.9978, "longitude": 88.167, "landslide_category": "landslide", "landslide_trigger": "downpour", "fatalities": 1, "injuries": 0, "inside_ne_polygon": false, "susceptibility_probability": null, "susceptibility_class_num": null, "susceptibility_class_name": "Unclassified" }, "geometry": { "type": "Point", "coordinates": [ 88.167, 26.9978 ] } },
{ "type": "Feature", "properties": { "event_id": "NASA_GLC_6782", "source": "NASA_GLC", "event_title": "NH55 at Tindharia", "event_date": "09/28/2011 12:00:00 AM", "state": "West Bengal", "location_description": "NH55 at Tindharia", "latitude": 26.8545, "longitude": 88.3372, "landslide_category": "landslide", "landslide_trigger": "rain", "fatalities": 0, "injuries": 0, "inside_ne_polygon": false, "susceptibility_probability": null, "susceptibility_class_num": null, "susceptibility_class_name": "Unclassified" }, "geometry": { "type": "Point", "coordinates": [ 88.3372, 26.8545 ] } },
{ "type": "Feature", "properties": { "event_id": "NASA_GLC_594", "source": "NASA_GLC", "event_title": "Namkaoluang village, Tamenglong-Sangrung (Khongsang) road, NH-53, Manipur", "event_date": "06/19/2008 12:00:00 AM", "state": "Manipur", "location_description": "Namkaoluang village, Tamenglong-Sangrung (Khongsang) road, NH-53, Manipur", "latitude": 24.9336, "longitude": 93.8275, "landslide_category": "mudslide", "landslide_trigger": "monsoon", "fatalities": 0, "injuries": 0, "inside_ne_polygon": true, "susceptibility_probability": null, "susceptibility_class_num": 5.0, "susceptibility_class_name": "Very High (80-100%)" }, "geometry": { "type": "Point", "coordinates": [ 93.8275, 24.9336 ] } },
{ "type": "Feature", "properties": { "event_id": "NASA_GLC_5337", "source": "NASA_GLC", "event_title": "Yakshu, Nagaland", "event_date": "08/16/2013 12:00:00 AM", "state": "Nāgāland", "location_description": "Yakshu, Nagaland", "latitude": 26.4205, "longitude": 94.9731, "landslide_category": "landslide", "landslide_trigger": "rain", "fatalities": 0, "injuries": 0, "inside_ne_polygon": true, "susceptibility_probability": 0.545, "susceptibility_class_num": 3.0, "susceptibility_class_name": "Moderate (40-60%)" }, "geometry": { "type": "Point", "coordinates": [ 94.9731, 26.4205 ] } },
{ "type": "Feature", "properties": { "event_id": "NASA_GLC_3881", "source": "NASA_GLC", "event_title": "Itanagar", "event_date": "08-05-2011 00:00", "state": "Arunāchal Pradesh", "location_description": "Itanagar", "latitude": 27.1034, "longitude": 93.6885, "landslide_category": "landslide", "landslide_trigger": "downpour", "fatalities": 0, "injuries": 0, "inside_ne_polygon": true, "susceptibility_probability": 0.0489, "susceptibility_class_num": 1.0, "susceptibility_class_name": "Very Low (0-20%)" }, "geometry": { "type": "Point", "coordinates": [ 93.6885, 27.1034 ] } },
{ "type": "Feature", "properties": { "event_id": "NASA_GLC_3925", "source": "NASA_GLC", "event_title": "East Kameng, Arunachal Pradesh", "event_date": "08/15/2011 12:00:00 AM", "state": "Arunāchal Pradesh", "location_description": "East Kameng, Arunachal Pradesh", "latitude": 27.4888, "longitude": 93.0153, "landslide_category": "landslide", "landslide_trigger": "downpour", "fatalities": 0, "injuries": 0, "inside_ne_polygon": true, "susceptibility_probability": 0.9046, "susceptibility_class_num": 5.0, "susceptibility_class_name": "Very High (80-100%)" }, "geometry": { "type": "Point", "coordinates": [ 93.0153, 27.4888 ] } },
{ "type": "Feature", "properties": { "event_id": "NASA_GLC_7383", "source": "NASA_GLC", "event_title": "Tuitung village, Khengjoi", "event_date": "08-01-2015 00:00", "state": "Manipur", "location_description": "Tuitung village, Khengjoi", "latitude": 23.899, "longitude": 94.1434, "landslide_category": "landslide", "landslide_trigger": "rain", "fatalities": 0, "injuries": 0, "inside_ne_polygon": true, "susceptibility_probability": 0.1086, "susceptibility_class_num": 1.0, "susceptibility_class_name": "Very Low (0-20%)" }, "geometry": { "type": "Point", "coordinates": [ 94.1434, 23.899 ] } },
{ "type": "Feature", "properties": { "event_id": "NASA_GLC_8900", "source": "NASA_GLC", "event_title": "Imphal-Ukhrul sector of National Highway 102, Manipur, India", "event_date": "07-07-2016 00:00", "state": "Manipur", "location_description": "Imphal-Ukhrul sector of National Highway 102, Manipur, India", "latitude": 25.0118, "longitude": 94.3136, "landslide_category": "landslide", "landslide_trigger": "monsoon", "fatalities": 0, "injuries": 0, "inside_ne_polygon": true, "susceptibility_probability": 0.9594, "susceptibility_class_num": 5.0, "susceptibility_class_name": "Very High (80-100%)" }, "geometry": { "type": "Point", "coordinates": [ 94.3136, 25.0118 ] } },
{ "type": "Feature", "properties": { "event_id": "NASA_GLC_4757", "source": "NASA_GLC", "event_title": "East Siang, Arunachal Pradesh", "event_date": "02/18/2013 12:00:00 AM", "state": "Arunāchal Pradesh", "location_description": "East Siang, Arunachal Pradesh", "latitude": 28.1193, "longitude": 95.1645, "landslide_category": "landslide", "landslide_trigger": "rain", "fatalities": 3, "injuries": 2, "inside_ne_polygon": true, "susceptibility_probability": null, "susceptibility_class_num": 5.0, "susceptibility_class_name": "Very High (80-100%)" }, "geometry": { "type": "Point", "coordinates": [ 95.1645, 28.1193 ] } },
{ "type": "Feature", "properties": { "event_id": "NASA_GLC_4579", "source": "NASA_GLC", "event_title": "Mechi Highway, Kolbung VDC,Ilam ", "event_date": "10-01-2012 00:00", "state": "Eastern Region", "location_description": "Mechi Highway, Kolbung VDC,Ilam ", "latitude": 26.8016, "longitude": 88.0499, "landslide_category": "landslide", "landslide_trigger": "downpour", "fatalities": 11, "injuries": 0, "inside_ne_polygon": false, "susceptibility_probability": null, "susceptibility_class_num": null, "susceptibility_class_name": "Unclassified" }, "geometry": { "type": "Point", "coordinates": [ 88.0499, 26.8016 ] } },
{ "type": "Feature", "properties": { "event_id": "NASA_GLC_7666", "source": "NASA_GLC", "event_title": "Tousem", "event_date": "08-11-2015 00:00", "state": "Manipur", "location_description": "Tousem", "latitude": 25.1019, "longitude": 93.3729, "landslide_category": "landslide", "landslide_trigger": "continuous_rain", "fatalities": 0, "injuries": 0, "inside_ne_polygon": true, "susceptibility_probability": null, "susceptibility_class_num": 5.0, "susceptibility_class_name": "Very High (80-100%)" }, "geometry": { "type": "Point", "coordinates": [ 93.3729, 25.1019 ] } },
{ "type": "Feature", "properties": { "event_id": "NASA_GLC_4432", "source": "NASA_GLC", "event_title": "Chittagong", "event_date": "06/24/2012 12:00:00 AM", "state": "Chittagong", "location_description": "Chittagong", "latitude": 22.3312, "longitude": 91.8252, "landslide_category": "landslide", "landslide_trigger": "downpour", "fatalities": 31, "injuries": 0, "inside_ne_polygon": false, "susceptibility_probability": null, "susceptibility_class_num": null, "susceptibility_class_name": "Unclassified" }, "geometry": { "type": "Point", "coordinates": [ 91.8252, 22.3312 ] } },
{ "type": "Feature", "properties": { "event_id": "NASA_GLC_9308", "source": "NASA_GLC", "event_title": "Sylhet", "event_date": "02/16/2016 11:00:00 PM", "state": "Sylhet", "location_description": "Sylhet", "latitude": 24.9007, "longitude": 91.8644, "landslide_category": "rock_fall", "landslide_trigger": "mining", "fatalities": 1, "injuries": 1, "inside_ne_polygon": false, "susceptibility_probability": null, "susceptibility_class_num": null, "susceptibility_class_name": "Unclassified" }, "geometry": { "type": "Point", "coordinates": [ 91.8644, 24.9007 ] } },
{ "type": "Feature", "properties": { "event_id": "NASA_GLC_3813", "source": "NASA_GLC", "event_title": "National Highway 31A in West Bengal's Darjeeling district", "event_date": "07/20/2011 12:00:00 AM", "state": "Bengal", "location_description": "National Highway 31A in West Bengal's Darjeeling district", "latitude": 27.1141, "longitude": 88.4658, "landslide_category": "landslide", "landslide_trigger": "rain", "fatalities": 0, "injuries": 0, "inside_ne_polygon": true, "susceptibility_probability": 0.9585, "susceptibility_class_num": 5.0, "susceptibility_class_name": "Very High (80-100%)" }, "geometry": { "type": "Point", "coordinates": [ 88.4658, 27.1141 ] } },
{ "type": "Feature", "properties": { "event_id": "NASA_GLC_2113", "source": "NASA_GLC", "event_title": "Singtam-Mangan rd, Sikkim", "event_date": "07/21/2010 08:00:00 AM", "state": "Sikkim", "location_description": "Singtam-Mangan rd, Sikkim", "latitude": 27.3773, "longitude": 88.559, "landslide_category": "landslide", "landslide_trigger": "downpour", "fatalities": 0, "injuries": 0, "inside_ne_polygon": true, "susceptibility_probability": 0.9766, "susceptibility_class_num": 5.0, "susceptibility_class_name": "Very High (80-100%)" }, "geometry": { "type": "Point", "coordinates": [ 88.559, 27.3773 ] } },
{ "type": "Feature", "properties": { "event_id": "NASA_GLC_2045", "source": "NASA_GLC", "event_title": "Tuensang, Nagaland", "event_date": "07-06-2010 00:00", "state": "Nāgāland", "location_description": "Tuensang, Nagaland", "latitude": 26.2363, "longitude": 94.8133, "landslide_category": "mudslide", "landslide_trigger": "monsoon", "fatalities": 0, "injuries": 0, "inside_ne_polygon": true, "susceptibility_probability": 0.9858, "susceptibility_class_num": 5.0, "susceptibility_class_name": "Very High (80-100%)" }, "geometry": { "type": "Point", "coordinates": [ 94.8133, 26.2363 ] } },
{ "type": "Feature", "properties": { "event_id": "NASA_GLC_7701", "source": "NASA_GLC", "event_title": "Phesama", "event_date": "08/19/2015 03:00:00 PM", "state": "Nagaland", "location_description": "Phesama", "latitude": 25.6278, "longitude": 94.1051, "landslide_category": "landslide", "landslide_trigger": "continuous_rain", "fatalities": 0, "injuries": 0, "inside_ne_polygon": true, "susceptibility_probability": 0.954, "susceptibility_class_num": 5.0, "susceptibility_class_name": "Very High (80-100%)" }, "geometry": { "type": "Point", "coordinates": [ 94.1051, 25.6278 ] } },
{ "type": "Feature", "properties": { "event_id": "NASA_GLC_9321", "source": "NASA_GLC", "event_title": "Jangle Salimpur area, Sitakunda upazila, Chittagong, Balngladesh", "event_date": "05/21/2016 09:00:00 AM", "state": "Chittagong", "location_description": "Jangle Salimpur area, Sitakunda upazila, Chittagong, Balngladesh", "latitude": 22.6239, "longitude": 91.6743, "landslide_category": "landslide", "landslide_trigger": "tropical_cyclone", "fatalities": 2, "injuries": 0, "inside_ne_polygon": false, "susceptibility_probability": null, "susceptibility_class_num": null, "susceptibility_class_name": "Unclassified" }, "geometry": { "type": "Point", "coordinates": [ 91.6743, 22.6239 ] } },
{ "type": "Feature", "properties": { "event_id": "NASA_GLC_2422", "source": "NASA_GLC", "event_title": "Hunthar Veng, Mizoram", "event_date": "09/13/2010 12:00:00 AM", "state": "Mizoram", "location_description": "Hunthar Veng, Mizoram", "latitude": 23.74182634, "longitude": 92.7141905, "landslide_category": "landslide", "landslide_trigger": "downpour", "fatalities": 0, "injuries": 0, "inside_ne_polygon": true, "susceptibility_probability": 0.9715, "susceptibility_class_num": 5.0, "susceptibility_class_name": "Very High (80-100%)" }, "geometry": { "type": "Point", "coordinates": [ 92.7141905, 23.74182634 ] } },
{ "type": "Feature", "properties": { "event_id": "NASA_GLC_6513", "source": "NASA_GLC", "event_title": "Sabroom", "event_date": "08/14/2014 11:00:00 PM", "state": "Tripura", "location_description": "Sabroom", "latitude": 23.0137, "longitude": 91.7174, "landslide_category": "mudslide", "landslide_trigger": "downpour", "fatalities": 3, "injuries": 0, "inside_ne_polygon": true, "susceptibility_probability": null, "susceptibility_class_num": 1.0, "susceptibility_class_name": "Very Low (0-20%)" }, "geometry": { "type": "Point", "coordinates": [ 91.7174, 23.0137 ] } },
{ "type": "Feature", "properties": { "event_id": "NASA_GLC_318", "source": "NASA_GLC", "event_title": "Madamdevihat in Chittagong and Dolhajra in Chokoria upazila", "event_date": "10/19/2007 12:00:00 AM", "state": "Chittagong", "location_description": "Madamdevihat in Chittagong and Dolhajra in Chokoria upazila", "latitude": 22.894, "longitude": 91.5327, "landslide_category": "landslide", "landslide_trigger": "unknown", "fatalities": 0, "injuries": 0, "inside_ne_polygon": false, "susceptibility_probability": null, "susceptibility_class_num": null, "susceptibility_class_name": "Unclassified" }, "geometry": { "type": "Point", "coordinates": [ 91.5327, 22.894 ] } },
{ "type": "Feature", "properties": { "event_id": "NASA_GLC_4990", "source": "NASA_GLC", "event_title": "Near Changu Lake, 15Km Away From Nathu La, On India-China Border In Eastern Sikkim", "event_date": "06/27/2013 11:00:00 PM", "state": "Sikkim", "location_description": "Near Changu Lake, 15Km Away From Nathu La, On India-China Border In Eastern Sikkim", "latitude": 27.3765, "longitude": 88.7628, "landslide_category": "landslide", "landslide_trigger": "downpour", "fatalities": 0, "injuries": 0, "inside_ne_polygon": true, "susceptibility_probability": 0.9074, "susceptibility_class_num": 5.0, "susceptibility_class_name": "Very High (80-100%)" }, "geometry": { "type": "Point", "coordinates": [ 88.7628, 27.3765 ] } },
{ "type": "Feature", "properties": { "event_id": "NASA_GLC_2248", "source": "NASA_GLC", "event_title": "Noklak-Tuensang road, Nagaland", "event_date": "08/14/2010 12:00:00 AM", "state": "Nāgāland", "location_description": "Noklak-Tuensang road, Nagaland", "latitude": 26.222, "longitude": 94.9152, "landslide_category": "landslide", "landslide_trigger": "downpour", "fatalities": 0, "injuries": 0, "inside_ne_polygon": true, "susceptibility_probability": 0.8822, "susceptibility_class_num": 5.0, "susceptibility_class_name": "Very High (80-100%)" }, "geometry": { "type": "Point", "coordinates": [ 94.9152, 26.222 ] } },
{ "type": "Feature", "properties": { "event_id": "NASA_GLC_5268", "source": "NASA_GLC", "event_title": "Zunheboto, Nagaland", "event_date": "08-04-2013 00:00", "state": "Nāgāland", "location_description": "Zunheboto, Nagaland", "latitude": 26.0137, "longitude": 94.5163, "landslide_category": "landslide", "landslide_trigger": "continuous_rain", "fatalities": 0, "injuries": 0, "inside_ne_polygon": true, "susceptibility_probability": null, "susceptibility_class_num": 5.0, "susceptibility_class_name": "Very High (80-100%)" }, "geometry": { "type": "Point", "coordinates": [ 94.5163, 26.0137 ] } },
{ "type": "Feature", "properties": { "event_id": "NASA_GLC_6106", "source": "NASA_GLC", "event_title": "Narakasur", "event_date": "06/26/2014 11:00:00 PM", "state": "Assam", "location_description": "Narakasur", "latitude": 26.1407, "longitude": 91.7645, "landslide_category": "landslide", "landslide_trigger": "continuous_rain", "fatalities": 3, "injuries": 0, "inside_ne_polygon": true, "susceptibility_probability": 0.0761, "susceptibility_class_num": 1.0, "susceptibility_class_name": "Very Low (0-20%)" }, "geometry": { "type": "Point", "coordinates": [ 91.7645, 26.1407 ] } },
{ "type": "Feature", "properties": { "event_id": "NASA_GLC_3965", "source": "NASA_GLC", "event_title": "NH 37 at Awang Khul ", "event_date": "09-06-2011 08:00", "state": "Assam", "location_description": "NH 37 at Awang Khul ", "latitude": 24.808, "longitude": 93.117, "landslide_category": "landslide", "landslide_trigger": "rain", "fatalities": 3, "injuries": 0, "inside_ne_polygon": true, "susceptibility_probability": null, "susceptibility_class_num": 1.0, "susceptibility_class_name": "Very Low (0-20%)" }, "geometry": { "type": "Point", "coordinates": [ 93.117, 24.808 ] } },
{ "type": "Feature", "properties": { "event_id": "NASA_GLC_7838", "source": "NASA_GLC", "event_title": "the state highway which links the rest of the state to eastern Champhai district", "event_date": "08/27/2015 12:00:00 AM", "state": "nan", "location_description": "the state highway which links the rest of the state to eastern Champhai district", "latitude": 23.6866, "longitude": 93.017, "landslide_category": "landslide", "landslide_trigger": "downpour", "fatalities": 0, "injuries": 0, "inside_ne_polygon": true, "susceptibility_probability": 0.8592, "susceptibility_class_num": 5.0, "susceptibility_class_name": "Very High (80-100%)" }, "geometry": { "type": "Point", "coordinates": [ 93.017, 23.6866 ] } },
{ "type": "Feature", "properties": { "event_id": "NASA_GLC_1092", "source": "NASA_GLC", "event_title": "near the Rohini-Sirubari road", "event_date": "08/16/2009 09:00:00 AM", "state": "Bengal", "location_description": "near the Rohini-Sirubari road", "latitude": 26.74452462, "longitude": 88.40011959, "landslide_category": "landslide", "landslide_trigger": "downpour", "fatalities": 1, "injuries": 0, "inside_ne_polygon": false, "susceptibility_probability": null, "susceptibility_class_num": null, "susceptibility_class_name": "Unclassified" }, "geometry": { "type": "Point", "coordinates": [ 88.40011959, 26.74452462 ] } },
{ "type": "Feature", "properties": { "event_id": "NASA_GLC_1111", "source": "NASA_GLC", "event_title": "Melli Chalisey, Sikkim", "event_date": "08/20/2009 12:00:00 AM", "state": "Bengal", "location_description": "Melli Chalisey, Sikkim", "latitude": 27.1344, "longitude": 88.4575, "landslide_category": "landslide", "landslide_trigger": "downpour", "fatalities": 0, "injuries": 0, "inside_ne_polygon": true, "susceptibility_probability": 0.5699, "susceptibility_class_num": 3.0, "susceptibility_class_name": "Moderate (40-60%)" }, "geometry": { "type": "Point", "coordinates": [ 88.4575, 27.1344 ] } },
{ "type": "Feature", "properties": { "event_id": "NASA_GLC_7035", "source": "NASA_GLC", "event_title": "Mahindra", "event_date": "06/30/2015 12:00:00 AM", "state": "West Bengal", "location_description": "Mahindra", "latitude": 25.4243, "longitude": 88.2746, "landslide_category": "landslide", "landslide_trigger": "downpour", "fatalities": 3, "injuries": 0, "inside_ne_polygon": false, "susceptibility_probability": null, "susceptibility_class_num": null, "susceptibility_class_name": "Unclassified" }, "geometry": { "type": "Point", "coordinates": [ 88.2746, 25.4243 ] } },
{ "type": "Feature", "properties": { "event_id": "NASA_GLC_6969", "source": "NASA_GLC", "event_title": "Nakham Bazaar, Tura, Meghalaya", "event_date": "06/16/2015 06:15:00 AM", "state": "Meghalaya", "location_description": "Nakham Bazaar, Tura, Meghalaya", "latitude": 25.5114, "longitude": 90.215, "landslide_category": "landslide", "landslide_trigger": "downpour", "fatalities": 4, "injuries": 0, "inside_ne_polygon": true, "susceptibility_probability": 0.8599, "susceptibility_class_num": 5.0, "susceptibility_class_name": "Very High (80-100%)" }, "geometry": { "type": "Point", "coordinates": [ 90.215, 25.5114 ] } },
{ "type": "Feature", "properties": { "event_id": "NASA_GLC_2044", "source": "NASA_GLC", "event_title": "Kiphire,  Nagaland", "event_date": "07-06-2010 00:00", "state": "Nāgāland", "location_description": "Kiphire,  Nagaland", "latitude": 25.8877, "longitude": 94.7861, "landslide_category": "mudslide", "landslide_trigger": "monsoon", "fatalities": 0, "injuries": 0, "inside_ne_polygon": true, "susceptibility_probability": 0.9304, "susceptibility_class_num": 5.0, "susceptibility_class_name": "Very High (80-100%)" }, "geometry": { "type": "Point", "coordinates": [ 94.7861, 25.8877 ] } },
{ "type": "Feature", "properties": { "event_id": "NASA_GLC_2587", "source": "NASA_GLC", "event_title": "Lower Chandmari area, PWD department, Kohima, Manipur", "event_date": "10-10-2010 06:00", "state": "Nāgāland", "location_description": "Lower Chandmari area, PWD department, Kohima, Manipur", "latitude": 25.6623, "longitude": 94.1072, "landslide_category": "landslide", "landslide_trigger": "downpour", "fatalities": 0, "injuries": 0, "inside_ne_polygon": true, "susceptibility_probability": 0.8931, "susceptibility_class_num": 5.0, "susceptibility_class_name": "Very High (80-100%)" }, "geometry": { "type": "Point", "coordinates": [ 94.1072, 25.6623 ] } },
{ "type": "Feature", "properties": { "event_id": "NASA_GLC_8684", "source": "NASA_GLC", "event_title": "Kamrup district, Assam, India", "event_date": "07-07-2016 00:00", "state": "Assam", "location_description": "Kamrup district, Assam, India", "latitude": 25.9611, "longitude": 91.3681, "landslide_category": "landslide", "landslide_trigger": "continuous_rain", "fatalities": 2, "injuries": 2, "inside_ne_polygon": true, "susceptibility_probability": null, "susceptibility_class_num": 1.0, "susceptibility_class_name": "Very Low (0-20%)" }, "geometry": { "type": "Point", "coordinates": [ 91.3681, 25.9611 ] } },
{ "type": "Feature", "properties": { "event_id": "NASA_GLC_1596", "source": "NASA_GLC", "event_title": "LangthAbal Khoupum, Imphal, Manipur", "event_date": "03/27/2010 08:00:00 PM", "state": "Manipur", "location_description": "LangthAbal Khoupum, Imphal, Manipur", "latitude": 24.7339, "longitude": 93.9161, "landslide_category": "mudslide", "landslide_trigger": "downpour", "fatalities": 0, "injuries": 0, "inside_ne_polygon": true, "susceptibility_probability": 0.4443, "susceptibility_class_num": 3.0, "susceptibility_class_name": "Moderate (40-60%)" }, "geometry": { "type": "Point", "coordinates": [ 93.9161, 24.7339 ] } },
{ "type": "Feature", "properties": { "event_id": "NASA_GLC_3680", "source": "NASA_GLC", "event_title": "Batali, Chittagong", "event_date": "07-01-2011 06:00", "state": "Chittagong", "location_description": "Batali, Chittagong", "latitude": 22.344, "longitude": 91.8161, "landslide_category": "landslide", "landslide_trigger": "downpour", "fatalities": 17, "injuries": 0, "inside_ne_polygon": false, "susceptibility_probability": null, "susceptibility_class_num": null, "susceptibility_class_name": "Unclassified" }, "geometry": { "type": "Point", "coordinates": [ 91.8161, 22.344 ] } },
{ "type": "Feature", "properties": { "event_id": "NASA_GLC_1771", "source": "NASA_GLC", "event_title": "Raj Bhavan Guwahati, Assam", "event_date": "04/20/2010 12:00:00 AM", "state": "Assam", "location_description": "Raj Bhavan Guwahati, Assam", "latitude": 26.1978, "longitude": 91.7665, "landslide_category": "landslide", "landslide_trigger": "downpour", "fatalities": 0, "injuries": 0, "inside_ne_polygon": true, "susceptibility_probability": 0.0138, "susceptibility_class_num": 1.0, "susceptibility_class_name": "Very Low (0-20%)" }, "geometry": { "type": "Point", "coordinates": [ 91.7665, 26.1978 ] } },
{ "type": "Feature", "properties": { "event_id": "NASA_GLC_7364", "source": "NASA_GLC", "event_title": "Phungyar road", "event_date": "07/31/2015 09:00:00 AM", "state": "Manipur", "location_description": "Phungyar road", "latitude": 24.819, "longitude": 94.3551, "landslide_category": "landslide", "landslide_trigger": "continuous_rain", "fatalities": 0, "injuries": 0, "inside_ne_polygon": true, "susceptibility_probability": null, "susceptibility_class_num": 5.0, "susceptibility_class_name": "Very High (80-100%)" }, "geometry": { "type": "Point", "coordinates": [ 94.3551, 24.819 ] } },
{ "type": "Feature", "properties": { "event_id": "NASA_GLC_10007", "source": "NASA_GLC", "event_title": "Landslide in Chandmari", "event_date": "07-10-2017 14:21", "state": "nan", "location_description": "Chandmari, Guwahati, Kamrup Metropolitan, Assam, 781003", "latitude": 26.19037705, "longitude": 91.77306002, "landslide_category": "landslide", "landslide_trigger": "continuous_rain", "fatalities": 0, "injuries": 0, "inside_ne_polygon": true, "susceptibility_probability": 0.0592, "susceptibility_class_num": 1.0, "susceptibility_class_name": "Very Low (0-20%)" }, "geometry": { "type": "Point", "coordinates": [ 91.77306002, 26.19037705 ] } },
{ "type": "Feature", "properties": { "event_id": "NASA_GLC_6968", "source": "NASA_GLC", "event_title": "Ratacherra village along the NH-44 connecting to Barak Valley in Assam and Tripura, Meghalaya, Mizoramon", "event_date": "06/13/2015 12:00:00 AM", "state": "Meghalaya", "location_description": "Ratacherra village along the NH-44 connecting to Barak Valley in Assam and Tripura, Meghalaya, Mizoramon", "latitude": 25.463, "longitude": 92.2121, "landslide_category": "landslide", "landslide_trigger": "continuous_rain", "fatalities": 4, "injuries": 2, "inside_ne_polygon": true, "susceptibility_probability": null, "susceptibility_class_num": 4.0, "susceptibility_class_name": "High (60-80%)" }, "geometry": { "type": "Point", "coordinates": [ 92.2121, 25.463 ] } },
{ "type": "Feature", "properties": { "event_id": "NASA_GLC_7373", "source": "NASA_GLC", "event_title": "between Maku village and Kamjong sub division", "event_date": "08-01-2015 00:00", "state": "Manipur", "location_description": "between Maku village and Kamjong sub division", "latitude": 24.9111, "longitude": 94.4759, "landslide_category": "landslide", "landslide_trigger": "continuous_rain", "fatalities": 0, "injuries": 0, "inside_ne_polygon": true, "susceptibility_probability": null, "susceptibility_class_num": 5.0, "susceptibility_class_name": "Very High (80-100%)" }, "geometry": { "type": "Point", "coordinates": [ 94.4759, 24.9111 ] } },
{ "type": "Feature", "properties": { "event_id": "NASA_GLC_4570", "source": "NASA_GLC", "event_title": " Arunachal Pradesh ", "event_date": "09/19/2012 12:00:00 AM", "state": "Arunāchal Pradesh", "location_description": " Arunachal Pradesh ", "latitude": 27.8458, "longitude": 95.2253, "landslide_category": "landslide", "landslide_trigger": "downpour", "fatalities": 0, "injuries": 0, "inside_ne_polygon": true, "susceptibility_probability": null, "susceptibility_class_num": 1.0, "susceptibility_class_name": "Very Low (0-20%)" }, "geometry": { "type": "Point", "coordinates": [ 95.2253, 27.8458 ] } },
{ "type": "Feature", "properties": { "event_id": "NASA_GLC_1935", "source": "NASA_GLC", "event_title": "atharamura hills, Highway 44, Tripura", "event_date": "06-03-2010 00:00", "state": "Tripura", "location_description": "atharamura hills, Highway 44, Tripura", "latitude": 23.8986, "longitude": 91.7599, "landslide_category": "landslide", "landslide_trigger": "downpour", "fatalities": 0, "injuries": 0, "inside_ne_polygon": true, "susceptibility_probability": null, "susceptibility_class_num": 5.0, "susceptibility_class_name": "Very High (80-100%)" }, "geometry": { "type": "Point", "coordinates": [ 91.7599, 23.8986 ] } },
{ "type": "Feature", "properties": { "event_id": "NASA_GLC_2577", "source": "NASA_GLC", "event_title": "NH-39 near Khongnem(?) village, between Imphal and Dimapur, Manipur", "event_date": "10-09-2010 00:00", "state": "Nāgāland", "location_description": "NH-39 near Khongnem(?) village, between Imphal and Dimapur, Manipur", "latitude": 25.5265, "longitude": 93.8673, "landslide_category": "landslide", "landslide_trigger": "downpour", "fatalities": 0, "injuries": 0, "inside_ne_polygon": true, "susceptibility_probability": null, "susceptibility_class_num": 5.0, "susceptibility_class_name": "Very High (80-100%)" }, "geometry": { "type": "Point", "coordinates": [ 93.8673, 25.5265 ] } },
{ "type": "Feature", "properties": { "event_id": "NASA_GLC_7276", "source": "NASA_GLC", "event_title": "Dispur : According to report, a huge hillock slipped into the house after heavy rain where Dinesh Bodo along with his wife and daughter lived in. Thi*", "event_date": "07/25/2015 09:00:00 AM", "state": "Assam", "location_description": "nan", "latitude": 26.1062, "longitude": 91.8717, "landslide_category": "landslide", "landslide_trigger": "continuous_rain", "fatalities": 2, "injuries": 0, "inside_ne_polygon": true, "susceptibility_probability": 0.02, "susceptibility_class_num": 1.0, "susceptibility_class_name": "Very Low (0-20%)" }, "geometry": { "type": "Point", "coordinates": [ 91.8717, 26.1062 ] } },
{ "type": "Feature", "properties": { "event_id": "NASA_GLC_10008", "source": "NASA_GLC", "event_title": "Landslide at Jirmale, Ilam Province, Nepal", "event_date": "08-09-2016 04:00", "state": "nan", "location_description": "Jirmale, Ilam Province, Nepal", "latitude": 26.7973, "longitude": 88.1389, "landslide_category": "landslide", "landslide_trigger": "continuous_rain", "fatalities": 0, "injuries": 0, "inside_ne_polygon": false, "susceptibility_probability": null, "susceptibility_class_num": null, "susceptibility_class_name": "Unclassified" }, "geometry": { "type": "Point", "coordinates": [ 88.1389, 26.7973 ] } },
{ "type": "Feature", "properties": { "event_id": "NASA_GLC_2576", "source": "NASA_GLC", "event_title": "NH-39 at Tobio village(?), 7 km form Tadubi, Manipur", "event_date": "10-09-2010 00:00", "state": "Nāgāland", "location_description": "NH-39 at Tobio village(?), 7 km form Tadubi, Manipur", "latitude": 25.4788, "longitude": 94.1399, "landslide_category": "landslide", "landslide_trigger": "downpour", "fatalities": 0, "injuries": 0, "inside_ne_polygon": true, "susceptibility_probability": 0.9691, "susceptibility_class_num": 5.0, "susceptibility_class_name": "Very High (80-100%)" }, "geometry": { "type": "Point", "coordinates": [ 94.1399, 25.4788 ] } },
{ "type": "Feature", "properties": { "event_id": "NASA_GLC_1102", "source": "NASA_GLC", "event_title": "Sombaria, West Sikkim", "event_date": "08/19/2009 08:30:00 PM", "state": "nan", "location_description": "Sombaria, West Sikkim", "latitude": 27.2644, "longitude": 88.1365, "landslide_category": "landslide", "landslide_trigger": "downpour", "fatalities": 2, "injuries": 0, "inside_ne_polygon": true, "susceptibility_probability": 0.9166, "susceptibility_class_num": 5.0, "susceptibility_class_name": "Very High (80-100%)" }, "geometry": { "type": "Point", "coordinates": [ 88.1365, 27.2644 ] } },
{ "type": "Feature", "properties": { "event_id": "NASA_GLC_1056", "source": "NASA_GLC", "event_title": "Darjeeling, West Bengal ", "event_date": "07/22/2009 12:00:00 AM", "state": "Bengal", "location_description": "Darjeeling, West Bengal ", "latitude": 27.04, "longitude": 88.264, "landslide_category": "landslide", "landslide_trigger": "downpour", "fatalities": 0, "injuries": 0, "inside_ne_polygon": false, "susceptibility_probability": null, "susceptibility_class_num": null, "susceptibility_class_name": "Unclassified" }, "geometry": { "type": "Point", "coordinates": [ 88.264, 27.04 ] } },
{ "type": "Feature", "properties": { "event_id": "NASA_GLC_6124", "source": "NASA_GLC", "event_title": "Hpakan, Kachin", "event_date": "07-04-2014 00:00", "state": "Kachin", "location_description": "Hpakan, Kachin", "latitude": 25.6157, "longitude": 96.3167, "landslide_category": "landslide", "landslide_trigger": "rain", "fatalities": 70, "injuries": 100, "inside_ne_polygon": false, "susceptibility_probability": null, "susceptibility_class_num": null, "susceptibility_class_name": "Unclassified" }, "geometry": { "type": "Point", "coordinates": [ 96.3167, 25.6157 ] } },
{ "type": "Feature", "properties": { "event_id": "NASA_GLC_6293", "source": "NASA_GLC", "event_title": "South West Garo Hills", "event_date": "10/20/2014 12:00:00 AM", "state": "Meghalaya", "location_description": "South West Garo Hills", "latitude": 25.5006, "longitude": 90.0896, "landslide_category": "landslide", "landslide_trigger": "rain", "fatalities": 6, "injuries": 0, "inside_ne_polygon": true, "susceptibility_probability": 0.151, "susceptibility_class_num": 1.0, "susceptibility_class_name": "Very Low (0-20%)" }, "geometry": { "type": "Point", "coordinates": [ 90.0896, 25.5006 ] } },
{ "type": "Feature", "properties": { "event_id": "NASA_GLC_4858", "source": "NASA_GLC", "event_title": "Nursery, North Guwahati, Guwahati, Assam,", "event_date": "05-11-2013 09:00", "state": "Assam", "location_description": "Nursery, North Guwahati, Guwahati, Assam,", "latitude": 26.1662, "longitude": 91.7138, "landslide_category": "landslide", "landslide_trigger": "rain", "fatalities": 0, "injuries": 0, "inside_ne_polygon": true, "susceptibility_probability": 0.0512, "susceptibility_class_num": 1.0, "susceptibility_class_name": "Very Low (0-20%)" }, "geometry": { "type": "Point", "coordinates": [ 91.7138, 26.1662 ] } },
{ "type": "Feature", "properties": { "event_id": "NASA_GLC_5269", "source": "NASA_GLC", "event_title": "Tizu, Nagaland", "event_date": "08-04-2013 00:00", "state": "Nāgāland", "location_description": "Tizu, Nagaland", "latitude": 25.8376, "longitude": 94.5234, "landslide_category": "landslide", "landslide_trigger": "continuous_rain", "fatalities": 0, "injuries": 0, "inside_ne_polygon": true, "susceptibility_probability": null, "susceptibility_class_num": 1.0, "susceptibility_class_name": "Very Low (0-20%)" }, "geometry": { "type": "Point", "coordinates": [ 94.5234, 25.8376 ] } },
{ "type": "Feature", "properties": { "event_id": "NASA_GLC_5270", "source": "NASA_GLC", "event_title": "Phizo, Nagaland", "event_date": "08-04-2013 00:00", "state": "Nāgāland", "location_description": "Phizo, Nagaland", "latitude": 26.0481, "longitude": 94.4619, "landslide_category": "landslide", "landslide_trigger": "continuous_rain", "fatalities": 0, "injuries": 0, "inside_ne_polygon": true, "susceptibility_probability": null, "susceptibility_class_num": 3.0, "susceptibility_class_name": "Moderate (40-60%)" }, "geometry": { "type": "Point", "coordinates": [ 94.4619, 26.0481 ] } },
{ "type": "Feature", "properties": { "event_id": "NASA_GLC_4743", "source": "NASA_GLC", "event_title": "Sitakunda, Chittagong Division,", "event_date": "01/30/2013 12:00:00 AM", "state": "Chittagong", "location_description": "Sitakunda, Chittagong Division,", "latitude": 22.6205, "longitude": 91.6591, "landslide_category": "landslide", "landslide_trigger": "rain", "fatalities": 0, "injuries": 0, "inside_ne_polygon": false, "susceptibility_probability": null, "susceptibility_class_num": null, "susceptibility_class_name": "Unclassified" }, "geometry": { "type": "Point", "coordinates": [ 91.6591, 22.6205 ] } },
{ "type": "Feature", "properties": { "event_id": "NASA_GLC_6284", "source": "NASA_GLC", "event_title": "Batahghuli", "event_date": "09/22/2014 12:00:00 AM", "state": "Assam", "location_description": "Batahghuli", "latitude": 26.1324, "longitude": 91.8342, "landslide_category": "landslide", "landslide_trigger": "rain", "fatalities": 0, "injuries": 1, "inside_ne_polygon": true, "susceptibility_probability": 0.0936, "susceptibility_class_num": 1.0, "susceptibility_class_name": "Very Low (0-20%)" }, "geometry": { "type": "Point", "coordinates": [ 91.8342, 26.1324 ] } },
{ "type": "Feature", "properties": { "event_id": "NASA_GLC_4394", "source": "NASA_GLC", "event_title": "Rolep, South Sikkim( Mapping to Rhenock 12 miles from Rolep)", "event_date": "06-07-2012 04:30", "state": "Sikkim", "location_description": "Rolep, South Sikkim( Mapping to Rhenock 12 miles from Rolep)", "latitude": 27.1748, "longitude": 88.6458, "landslide_category": "landslide", "landslide_trigger": "rain", "fatalities": 7, "injuries": 0, "inside_ne_polygon": true, "susceptibility_probability": 0.718, "susceptibility_class_num": 4.0, "susceptibility_class_name": "High (60-80%)" }, "geometry": { "type": "Point", "coordinates": [ 88.6458, 27.1748 ] } },
{ "type": "Feature", "properties": { "event_id": "NASA_GLC_6146", "source": "NASA_GLC", "event_title": "Kalimpong, West Bengal", "event_date": "07/15/2014 12:00:00 AM", "state": "West Bengal", "location_description": "Kalimpong, West Bengal", "latitude": 27.059, "longitude": 88.4694, "landslide_category": "landslide", "landslide_trigger": "rain", "fatalities": 0, "injuries": 0, "inside_ne_polygon": false, "susceptibility_probability": null, "susceptibility_class_num": null, "susceptibility_class_name": "Unclassified" }, "geometry": { "type": "Point", "coordinates": [ 88.4694, 27.059 ] } },
{ "type": "Feature", "properties": { "event_id": "NASA_GLC_9251", "source": "NASA_GLC", "event_title": "Government Middle School (GMS) Kiphire station “B”, Kiphire, Nagaland, India", "event_date": "07/28/2016 11:00:00 PM", "state": "Nagaland", "location_description": "Government Middle School (GMS) Kiphire station “B”, Kiphire, Nagaland, India", "latitude": 25.8702, "longitude": 94.7844, "landslide_category": "landslide", "landslide_trigger": "downpour", "fatalities": 0, "injuries": 0, "inside_ne_polygon": true, "susceptibility_probability": null, "susceptibility_class_num": 4.0, "susceptibility_class_name": "High (60-80%)" }, "geometry": { "type": "Point", "coordinates": [ 94.7844, 25.8702 ] } },
{ "type": "Feature", "properties": { "event_id": "NASA_GLC_7699", "source": "NASA_GLC", "event_title": "Zunheboto district", "event_date": "08/19/2015 12:00:00 AM", "state": "Nagaland", "location_description": "Zunheboto district", "latitude": 26.0214, "longitude": 94.5224, "landslide_category": "landslide", "landslide_trigger": "continuous_rain", "fatalities": 0, "injuries": 0, "inside_ne_polygon": true, "susceptibility_probability": null, "susceptibility_class_num": 4.0, "susceptibility_class_name": "High (60-80%)" }, "geometry": { "type": "Point", "coordinates": [ 94.5224, 26.0214 ] } },
{ "type": "Feature", "properties": { "event_id": "NASA_GLC_7664", "source": "NASA_GLC", "event_title": "Nungba", "event_date": "08-11-2015 00:00", "state": "Manipur", "location_description": "Nungba", "latitude": 24.7459, "longitude": 93.4251, "landslide_category": "landslide", "landslide_trigger": "continuous_rain", "fatalities": 0, "injuries": 0, "inside_ne_polygon": true, "susceptibility_probability": 0.7092, "susceptibility_class_num": 4.0, "susceptibility_class_name": "High (60-80%)" }, "geometry": { "type": "Point", "coordinates": [ 93.4251, 24.7459 ] } },
{ "type": "Feature", "properties": { "event_id": "NASA_GLC_3816", "source": "NASA_GLC", "event_title": "Bagochen near, Trongsa near, Bumthang, Bhutan", "event_date": "07/21/2011 11:00:00 PM", "state": "Tongsa", "location_description": "Bagochen near, Trongsa near, Bumthang, Bhutan", "latitude": 27.5003, "longitude": 90.5081, "landslide_category": "landslide", "landslide_trigger": "downpour", "fatalities": 1, "injuries": 0, "inside_ne_polygon": false, "susceptibility_probability": null, "susceptibility_class_num": null, "susceptibility_class_name": "Unclassified" }, "geometry": { "type": "Point", "coordinates": [ 90.5081, 27.5003 ] } },
{ "type": "Feature", "properties": { "event_id": "NASA_GLC_1088", "source": "NASA_GLC", "event_title": "Kerseong, Sub-division, Siliguri district, West Bengal", "event_date": "08/16/2009 02:00:00 AM", "state": "Bengal", "location_description": "Kerseong, Sub-division, Siliguri district, West Bengal", "latitude": 26.8867642, "longitude": 88.28044714000001, "landslide_category": "landslide", "landslide_trigger": "downpour", "fatalities": 5, "injuries": 0, "inside_ne_polygon": false, "susceptibility_probability": null, "susceptibility_class_num": null, "susceptibility_class_name": "Unclassified" }, "geometry": { "type": "Point", "coordinates": [ 88.28044714, 26.8867642 ] } },
{ "type": "Feature", "properties": { "event_id": "NASA_GLC_10972", "source": "NASA_GLC", "event_title": "Landslide at Noonmati Nijarapar", "event_date": "12/15/2016 02:22:00 PM", "state": "nan", "location_description": "Noonmati Nijarapar, Assam, India", "latitude": 26.191688, "longitude": 91.810079, "landslide_category": "landslide", "landslide_trigger": "unknown", "fatalities": 1, "injuries": 0, "inside_ne_polygon": true, "susceptibility_probability": 0.1018, "susceptibility_class_num": 1.0, "susceptibility_class_name": "Very Low (0-20%)" }, "geometry": { "type": "Point", "coordinates": [ 91.810079, 26.191688 ] } },
{ "type": "Feature", "properties": { "event_id": "NASA_GLC_7589", "source": "NASA_GLC", "event_title": "National Highway 44", "event_date": "08/19/2015 12:00:00 AM", "state": "Meghalaya", "location_description": "National Highway 44", "latitude": 25.2568, "longitude": 92.3825, "landslide_category": "landslide", "landslide_trigger": "rain", "fatalities": 0, "injuries": 0, "inside_ne_polygon": true, "susceptibility_probability": null, "susceptibility_class_num": 5.0, "susceptibility_class_name": "Very High (80-100%)" }, "geometry": { "type": "Point", "coordinates": [ 92.3825, 25.2568 ] } },
{ "type": "Feature", "properties": { "event_id": "NASA_GLC_7887", "source": "NASA_GLC", "event_title": "Hawai", "event_date": "08/16/2015 12:00:00 AM", "state": "Arunachal Pradesh", "location_description": "Hawai", "latitude": 27.8835, "longitude": 96.9262, "landslide_category": "landslide", "landslide_trigger": "continuous_rain", "fatalities": 0, "injuries": 0, "inside_ne_polygon": true, "susceptibility_probability": null, "susceptibility_class_num": 5.0, "susceptibility_class_name": "Very High (80-100%)" }, "geometry": { "type": "Point", "coordinates": [ 96.9262, 27.8835 ] } },
{ "type": "Feature", "properties": { "event_id": "NASA_GLC_9404", "source": "NASA_GLC", "event_title": "Hayuliang, Anjaw district,Arunachal Pradesh, India", "event_date": "05-01-2016 00:00", "state": "Arunachal Pradesh", "location_description": "Hayuliang, Anjaw district,Arunachal Pradesh, India", "latitude": 28.0822, "longitude": 96.5316, "landslide_category": "landslide", "landslide_trigger": "downpour", "fatalities": 0, "injuries": 0, "inside_ne_polygon": true, "susceptibility_probability": 0.8149, "susceptibility_class_num": 5.0, "susceptibility_class_name": "Very High (80-100%)" }, "geometry": { "type": "Point", "coordinates": [ 96.5316, 28.0822 ] } },
{ "type": "Feature", "properties": { "event_id": "NASA_GLC_7283", "source": "NASA_GLC", "event_title": "Manila Hill, Chittagong District Shilpakala Academy", "event_date": "07/26/2015 07:00:00 AM", "state": "Chittagong", "location_description": "Manila Hill, Chittagong District Shilpakala Academy", "latitude": 22.4254, "longitude": 91.8022, "landslide_category": "landslide", "landslide_trigger": "continuous_rain", "fatalities": 0, "injuries": 0, "inside_ne_polygon": false, "susceptibility_probability": null, "susceptibility_class_num": null, "susceptibility_class_name": "Unclassified" }, "geometry": { "type": "Point", "coordinates": [ 91.8022, 22.4254 ] } },
{ "type": "Feature", "properties": { "event_id": "NASA_GLC_6287", "source": "NASA_GLC", "event_title": "Dhirenpara", "event_date": "09/22/2014 12:00:00 AM", "state": "Assam", "location_description": "Dhirenpara", "latitude": 26.1295, "longitude": 91.7056, "landslide_category": "landslide", "landslide_trigger": "rain", "fatalities": 0, "injuries": 0, "inside_ne_polygon": true, "susceptibility_probability": 0.0063, "susceptibility_class_num": 1.0, "susceptibility_class_name": "Very Low (0-20%)" }, "geometry": { "type": "Point", "coordinates": [ 91.7056, 26.1295 ] } },
{ "type": "Feature", "properties": { "event_id": "NASA_GLC_2296", "source": "NASA_GLC", "event_title": "many locations around Namchi, Sikkim", "event_date": "08/20/2010 12:00:00 AM", "state": "Sikkim", "location_description": "many locations around Namchi, Sikkim", "latitude": 27.167, "longitude": 88.3652, "landslide_category": "complex", "landslide_trigger": "downpour", "fatalities": 0, "injuries": 0, "inside_ne_polygon": true, "susceptibility_probability": null, "susceptibility_class_num": 5.0, "susceptibility_class_name": "Very High (80-100%)" }, "geometry": { "type": "Point", "coordinates": [ 88.3652, 27.167 ] } },
{ "type": "Feature", "properties": { "event_id": "NASA_GLC_9309", "source": "NASA_GLC", "event_title": "Hpakant, Kachin State, Myanmar", "event_date": "05/23/2016 08:15:00 PM", "state": "Kachin", "location_description": "Hpakant, Kachin State, Myanmar", "latitude": 25.6127, "longitude": 96.2961, "landslide_category": "landslide", "landslide_trigger": "downpour", "fatalities": 14, "injuries": 10, "inside_ne_polygon": false, "susceptibility_probability": null, "susceptibility_class_num": null, "susceptibility_class_name": "Unclassified" }, "geometry": { "type": "Point", "coordinates": [ 96.2961, 25.6127 ] } },
{ "type": "Feature", "properties": { "event_id": "NASA_GLC_2304", "source": "NASA_GLC", "event_title": "NH 39 at Kigwema(?), between Mao Gate and Kohima, Nagaland", "event_date": "08/21/2010 06:00:00 PM", "state": "Nāgāland", "location_description": "NH 39 at Kigwema(?), between Mao Gate and Kohima, Nagaland", "latitude": 25.5718, "longitude": 94.1211, "landslide_category": "landslide", "landslide_trigger": "downpour", "fatalities": 0, "injuries": 0, "inside_ne_polygon": true, "susceptibility_probability": 0.922, "susceptibility_class_num": 5.0, "susceptibility_class_name": "Very High (80-100%)" }, "geometry": { "type": "Point", "coordinates": [ 94.1211, 25.5718 ] } },
{ "type": "Feature", "properties": { "event_id": "NASA_GLC_5273", "source": "NASA_GLC", "event_title": "Zhekuto, Nagaland", "event_date": "08-04-2013 00:00", "state": "Nāgāland", "location_description": "Zhekuto, Nagaland", "latitude": 26.1807, "longitude": 94.5497, "landslide_category": "landslide", "landslide_trigger": "monsoon", "fatalities": 0, "injuries": 0, "inside_ne_polygon": true, "susceptibility_probability": 0.9889, "susceptibility_class_num": 5.0, "susceptibility_class_name": "Very High (80-100%)" }, "geometry": { "type": "Point", "coordinates": [ 94.5497, 26.1807 ] } },
{ "type": "Feature", "properties": { "event_id": "NASA_GLC_1125", "source": "NASA_GLC", "event_title": "17th Mile towards Tsomgo Lake, near Kyongsala, Sikkim ", "event_date": "08/26/2009 12:00:00 AM", "state": "Sikkim", "location_description": "17th Mile towards Tsomgo Lake, near Kyongsala, Sikkim ", "latitude": 27.3746, "longitude": 88.7648, "landslide_category": "landslide", "landslide_trigger": "rain", "fatalities": 0, "injuries": 0, "inside_ne_polygon": true, "susceptibility_probability": 0.5479, "susceptibility_class_num": 3.0, "susceptibility_class_name": "Moderate (40-60%)" }, "geometry": { "type": "Point", "coordinates": [ 88.7648, 27.3746 ] } },
{ "type": "Feature", "properties": { "event_id": "NASA_GLC_8995", "source": "NASA_GLC", "event_title": "Noonmati Nijarapar area of the city, Guwahati, Assam, India", "event_date": "07/14/2016 12:00:00 AM", "state": "Assam", "location_description": "Noonmati Nijarapar area of the city, Guwahati, Assam, India", "latitude": 26.1963, "longitude": 91.8074, "landslide_category": "landslide", "landslide_trigger": "monsoon", "fatalities": 1, "injuries": 0, "inside_ne_polygon": true, "susceptibility_probability": 0.0286, "susceptibility_class_num": 1.0, "susceptibility_class_name": "Very Low (0-20%)" }, "geometry": { "type": "Point", "coordinates": [ 91.8074, 26.1963 ] } },
{ "type": "Feature", "properties": { "event_id": "NASA_GLC_2112", "source": "NASA_GLC", "event_title": "Zang(?), east Sikkim", "event_date": "07/21/2010 08:00:00 AM", "state": "nan", "location_description": "Zang(?), east Sikkim", "latitude": 27.5509, "longitude": 88.6475, "landslide_category": "landslide", "landslide_trigger": "downpour", "fatalities": 0, "injuries": 0, "inside_ne_polygon": true, "susceptibility_probability": 0.9862, "susceptibility_class_num": 5.0, "susceptibility_class_name": "Very High (80-100%)" }, "geometry": { "type": "Point", "coordinates": [ 88.6475, 27.5509 ] } },
{ "type": "Feature", "properties": { "event_id": "NASA_GLC_7023", "source": "NASA_GLC", "event_title": "Dakkhin Para, Banshkhali upazila of Chittagong", "event_date": "06-01-2015 14:00", "state": "Chittagong", "location_description": "Dakkhin Para, Banshkhali upazila of Chittagong", "latitude": 22.0104, "longitude": 91.9538, "landslide_category": "landslide", "landslide_trigger": "mining", "fatalities": 2, "injuries": 1, "inside_ne_polygon": false, "susceptibility_probability": null, "susceptibility_class_num": null, "susceptibility_class_name": "Unclassified" }, "geometry": { "type": "Point", "coordinates": [ 91.9538, 22.0104 ] } },
{ "type": "Feature", "properties": { "event_id": "NASA_GLC_7313", "source": "NASA_GLC", "event_title": "Joumol of Chandel district", "event_date": "08-01-2015 06:30", "state": "Chin", "location_description": "Joumol of Chandel district", "latitude": 24.1077, "longitude": 94.0396, "landslide_category": "landslide", "landslide_trigger": "continuous_rain", "fatalities": 21, "injuries": 0, "inside_ne_polygon": true, "susceptibility_probability": 0.9642, "susceptibility_class_num": 5.0, "susceptibility_class_name": "Very High (80-100%)" }, "geometry": { "type": "Point", "coordinates": [ 94.0396, 24.1077 ] } },
{ "type": "Feature", "properties": { "event_id": "NASA_GLC_2567", "source": "NASA_GLC", "event_title": "Phek, Manipur", "event_date": "10-08-2010 00:00", "state": "Manipur", "location_description": "Phek, Manipur", "latitude": 25.6633, "longitude": 94.4703, "landslide_category": "complex", "landslide_trigger": "downpour", "fatalities": 0, "injuries": 0, "inside_ne_polygon": true, "susceptibility_probability": null, "susceptibility_class_num": 5.0, "susceptibility_class_name": "Very High (80-100%)" }, "geometry": { "type": "Point", "coordinates": [ 94.4703, 25.6633 ] } },
{ "type": "Feature", "properties": { "event_id": "NASA_GLC_241", "source": "NASA_GLC", "event_title": "National Highway 31A between Rangpo and Tarkhola, in East Sikkim", "event_date": "09-07-2007 00:00", "state": "nan", "location_description": "National Highway 31A between Rangpo and Tarkhola, in East Sikkim", "latitude": 27.201, "longitude": 88.4883, "landslide_category": "landslide", "landslide_trigger": "rain", "fatalities": 0, "injuries": 0, "inside_ne_polygon": true, "susceptibility_probability": null, "susceptibility_class_num": 5.0, "susceptibility_class_name": "Very High (80-100%)" }, "geometry": { "type": "Point", "coordinates": [ 88.4883, 27.201 ] } },
{ "type": "Feature", "properties": { "event_id": "NASA_GLC_4392", "source": "NASA_GLC", "event_title": "Dibang, Arunachal Pradesh", "event_date": "06-06-2012 00:00", "state": "Tibet Autonomous Region", "location_description": "Dibang, Arunachal Pradesh", "latitude": 29.2409, "longitude": 95.9761, "landslide_category": "landslide", "landslide_trigger": "downpour", "fatalities": 0, "injuries": 0, "inside_ne_polygon": true, "susceptibility_probability": null, "susceptibility_class_num": 3.0, "susceptibility_class_name": "Moderate (40-60%)" }, "geometry": { "type": "Point", "coordinates": [ 95.9761, 29.2409 ] } },
{ "type": "Feature", "properties": { "event_id": "NASA_GLC_3794", "source": "NASA_GLC", "event_title": "West Bengal-Sikkim at highway Rambi", "event_date": "07/17/2011 12:00:00 AM", "state": "Sikkim", "location_description": "West Bengal-Sikkim at highway Rambi", "latitude": 26.99195749, "longitude": 88.42280921, "landslide_category": "landslide", "landslide_trigger": "rain", "fatalities": 0, "injuries": 0, "inside_ne_polygon": false, "susceptibility_probability": null, "susceptibility_class_num": null, "susceptibility_class_name": "Unclassified" }, "geometry": { "type": "Point", "coordinates": [ 88.42280921, 26.99195749 ] } },
{ "type": "Feature", "properties": { "event_id": "NASA_GLC_6285", "source": "NASA_GLC", "event_title": "VIP Road", "event_date": "09/22/2014 12:00:00 AM", "state": "Assam", "location_description": "VIP Road", "latitude": 26.159, "longitude": 91.8178, "landslide_category": "landslide", "landslide_trigger": "rain", "fatalities": 0, "injuries": 0, "inside_ne_polygon": true, "susceptibility_probability": 0.0083, "susceptibility_class_num": 1.0, "susceptibility_class_name": "Very Low (0-20%)" }, "geometry": { "type": "Point", "coordinates": [ 91.8178, 26.159 ] } },
{ "type": "Feature", "properties": { "event_id": "NASA_GLC_868", "source": "NASA_GLC", "event_title": "Kamrup, and Sonitpur, Assam", "event_date": "10/29/2008 12:00:00 AM", "state": "Assam", "location_description": "Kamrup, and Sonitpur, Assam", "latitude": 26.3333, "longitude": 91.25, "landslide_category": "landslide", "landslide_trigger": "downpour", "fatalities": 7, "injuries": 0, "inside_ne_polygon": true, "susceptibility_probability": null, "susceptibility_class_num": 1.0, "susceptibility_class_name": "Very Low (0-20%)" }, "geometry": { "type": "Point", "coordinates": [ 91.25, 26.3333 ] } },
{ "type": "Feature", "properties": { "event_id": "NASA_GLC_5005", "source": "NASA_GLC", "event_title": "Walo Ward, Mon Town, Wokha District, Nagaland", "event_date": "07-01-2013 00:00", "state": "Nāgāland", "location_description": "Walo Ward, Mon Town, Wokha District, Nagaland", "latitude": 26.72, "longitude": 95.029, "landslide_category": "landslide", "landslide_trigger": "downpour", "fatalities": 0, "injuries": 0, "inside_ne_polygon": true, "susceptibility_probability": 0.8757, "susceptibility_class_num": 5.0, "susceptibility_class_name": "Very High (80-100%)" }, "geometry": { "type": "Point", "coordinates": [ 95.029, 26.72 ] } },
{ "type": "Feature", "properties": { "event_id": "NASA_GLC_3860", "source": "NASA_GLC", "event_title": "Maram, Manipur", "event_date": "07/29/2011 12:00:00 AM", "state": "Nāgāland", "location_description": "Maram, Manipur", "latitude": 25.4192, "longitude": 94.108, "landslide_category": "landslide", "landslide_trigger": "rain", "fatalities": 0, "injuries": 0, "inside_ne_polygon": true, "susceptibility_probability": 0.9832, "susceptibility_class_num": 5.0, "susceptibility_class_name": "Very High (80-100%)" }, "geometry": { "type": "Point", "coordinates": [ 94.108, 25.4192 ] } },
{ "type": "Feature", "properties": { "event_id": "NASA_GLC_5476", "source": "NASA_GLC", "event_title": "14 Milestone Of J N Marg Near Kyangnosola (East Sikkim)", "event_date": "09-07-2013 15:00", "state": "Sikkim", "location_description": "14 Milestone Of J N Marg Near Kyangnosola (East Sikkim)", "latitude": 27.3736, "longitude": 88.7323, "landslide_category": "landslide", "landslide_trigger": "rain", "fatalities": 0, "injuries": 0, "inside_ne_polygon": true, "susceptibility_probability": 0.9855, "susceptibility_class_num": 5.0, "susceptibility_class_name": "Very High (80-100%)" }, "geometry": { "type": "Point", "coordinates": [ 88.7323, 27.3736 ] } },
{ "type": "Feature", "properties": { "event_id": "NASA_GLC_1032", "source": "NASA_GLC", "event_title": "Rangiabong (Jorbungalow), Darjeeling, West Bengal", "event_date": "05/26/2009 12:00:00 AM", "state": "Bengal", "location_description": "Rangiabong (Jorbungalow), Darjeeling, West Bengal", "latitude": 27.0095, "longitude": 88.2592, "landslide_category": "landslide", "landslide_trigger": "tropical_cyclone", "fatalities": 6, "injuries": 0, "inside_ne_polygon": false, "susceptibility_probability": null, "susceptibility_class_num": null, "susceptibility_class_name": "Unclassified" }, "geometry": { "type": "Point", "coordinates": [ 88.2592, 27.0095 ] } },
{ "type": "Feature", "properties": { "event_id": "NASA_GLC_1127", "source": "NASA_GLC", "event_title": "between Mahur and Phaiding railway stations on Barail hills (Mahur and Barail hills located)", "event_date": "08/27/2009 12:00:00 AM", "state": "Assam", "location_description": "between Mahur and Phaiding railway stations on Barail hills (Mahur and Barail hills located)", "latitude": 25.1718, "longitude": 93.123, "landslide_category": "landslide", "landslide_trigger": "downpour", "fatalities": 0, "injuries": 0, "inside_ne_polygon": true, "susceptibility_probability": 0.8533, "susceptibility_class_num": 5.0, "susceptibility_class_name": "Very High (80-100%)" }, "geometry": { "type": "Point", "coordinates": [ 93.123, 25.1718 ] } },
{ "type": "Feature", "properties": { "event_id": "NASA_GLC_221", "source": "NASA_GLC", "event_title": "between Bally Halt and Rajchandrapur stations in Kolkata", "event_date": "08/31/2007 12:00:00 AM", "state": "Bengal", "location_description": "between Bally Halt and Rajchandrapur stations in Kolkata", "latitude": 22.6461, "longitude": 88.3403, "landslide_category": "landslide", "landslide_trigger": "rain", "fatalities": 0, "injuries": 0, "inside_ne_polygon": false, "susceptibility_probability": null, "susceptibility_class_num": null, "susceptibility_class_name": "Unclassified" }, "geometry": { "type": "Point", "coordinates": [ 88.3403, 22.6461 ] } },
{ "type": "Feature", "properties": { "event_id": "NASA_GLC_4549", "source": "NASA_GLC", "event_title": "Lamperi, Punakha,", "event_date": "09/14/2012 12:00:00 AM", "state": "Thimphu", "location_description": "Lamperi, Punakha,", "latitude": 27.5205, "longitude": 89.7466, "landslide_category": "landslide", "landslide_trigger": "downpour", "fatalities": 0, "injuries": 0, "inside_ne_polygon": false, "susceptibility_probability": null, "susceptibility_class_num": null, "susceptibility_class_name": "Unclassified" }, "geometry": { "type": "Point", "coordinates": [ 89.7466, 27.5205 ] } },
{ "type": "Feature", "properties": { "event_id": "NASA_GLC_1107", "source": "NASA_GLC", "event_title": "Geetkolbong, Kalimpong sub-division, Darjeeling, West Bengal", "event_date": "08/20/2009 12:00:00 AM", "state": "Bengal", "location_description": "Geetkolbong, Kalimpong sub-division, Darjeeling, West Bengal", "latitude": 27.0736, "longitude": 88.4779, "landslide_category": "landslide", "landslide_trigger": "continuous_rain", "fatalities": 1, "injuries": 0, "inside_ne_polygon": false, "susceptibility_probability": null, "susceptibility_class_num": null, "susceptibility_class_name": "Unclassified" }, "geometry": { "type": "Point", "coordinates": [ 88.4779, 27.0736 ] } },
{ "type": "Feature", "properties": { "event_id": "NASA_GLC_2201", "source": "NASA_GLC", "event_title": "Darjeeling district, West Bengal, Toy Train route", "event_date": "08-05-2010 00:00", "state": "Bengal", "location_description": "Darjeeling district, West Bengal, Toy Train route", "latitude": 27.0366, "longitude": 88.263, "landslide_category": "landslide", "landslide_trigger": "downpour", "fatalities": 0, "injuries": 0, "inside_ne_polygon": false, "susceptibility_probability": null, "susceptibility_class_num": null, "susceptibility_class_name": "Unclassified" }, "geometry": { "type": "Point", "coordinates": [ 88.263, 27.0366 ] } },
{ "type": "Feature", "properties": { "event_id": "NASA_GLC_5603", "source": "NASA_GLC", "event_title": "Tusom, Manipur", "event_date": "10/13/2013 07:30:00 PM", "state": "Manipur", "location_description": "Tusom, Manipur", "latitude": 25.426, "longitude": 94.6024, "landslide_category": "mudslide", "landslide_trigger": "downpour", "fatalities": 0, "injuries": 0, "inside_ne_polygon": true, "susceptibility_probability": null, "susceptibility_class_num": 5.0, "susceptibility_class_name": "Very High (80-100%)" }, "geometry": { "type": "Point", "coordinates": [ 94.6024, 25.426 ] } },
{ "type": "Feature", "properties": { "event_id": "NASA_GLC_2042", "source": "NASA_GLC", "event_title": "Zunheboto, Nagaland", "event_date": "07-06-2010 00:00", "state": "Nāgāland", "location_description": "Zunheboto, Nagaland", "latitude": 26.0093, "longitude": 94.5238, "landslide_category": "mudslide", "landslide_trigger": "monsoon", "fatalities": 0, "injuries": 0, "inside_ne_polygon": true, "susceptibility_probability": null, "susceptibility_class_num": 5.0, "susceptibility_class_name": "Very High (80-100%)" }, "geometry": { "type": "Point", "coordinates": [ 94.5238, 26.0093 ] } },
{ "type": "Feature", "properties": { "event_id": "NASA_GLC_5442", "source": "NASA_GLC", "event_title": "Arunachal Pradesh", "event_date": "09-02-2013 00:00", "state": "Arunāchal Pradesh", "location_description": "Arunachal Pradesh", "latitude": 27.1614, "longitude": 93.7525, "landslide_category": "landslide", "landslide_trigger": "downpour", "fatalities": 0, "injuries": 0, "inside_ne_polygon": true, "susceptibility_probability": null, "susceptibility_class_num": 3.0, "susceptibility_class_name": "Moderate (40-60%)" }, "geometry": { "type": "Point", "coordinates": [ 93.7525, 27.1614 ] } },
{ "type": "Feature", "properties": { "event_id": "NASA_GLC_7933", "source": "NASA_GLC", "event_title": "Maligaon", "event_date": "09-01-2015 00:00", "state": "Assam", "location_description": "Maligaon", "latitude": 26.1868, "longitude": 91.6739, "landslide_category": "rock_fall", "landslide_trigger": "rain", "fatalities": 2, "injuries": 0, "inside_ne_polygon": true, "susceptibility_probability": 0.0021, "susceptibility_class_num": 1.0, "susceptibility_class_name": "Very Low (0-20%)" }, "geometry": { "type": "Point", "coordinates": [ 91.6739, 26.1868 ] } },
{ "type": "Feature", "properties": { "event_id": "NASA_GLC_3637", "source": "NASA_GLC", "event_title": "Lasumi village in Phek district, Kohima", "event_date": "06/21/2011 12:00:00 AM", "state": "Nāgāland", "location_description": "Lasumi village in Phek district, Kohima", "latitude": 25.51614662, "longitude": 94.2341227, "landslide_category": "landslide", "landslide_trigger": "rain", "fatalities": 0, "injuries": 0, "inside_ne_polygon": true, "susceptibility_probability": null, "susceptibility_class_num": 5.0, "susceptibility_class_name": "Very High (80-100%)" }, "geometry": { "type": "Point", "coordinates": [ 94.2341227, 25.51614662 ] } },
{ "type": "Feature", "properties": { "event_id": "NASA_GLC_6965", "source": "NASA_GLC", "event_title": "National Highway 31A, Darjeeling Hills", "event_date": "06/17/2015 12:00:00 AM", "state": "West Bengal", "location_description": "National Highway 31A, Darjeeling Hills", "latitude": 27.0257, "longitude": 88.4301, "landslide_category": "landslide", "landslide_trigger": "downpour", "fatalities": 0, "injuries": 0, "inside_ne_polygon": false, "susceptibility_probability": null, "susceptibility_class_num": null, "susceptibility_class_name": "Unclassified" }, "geometry": { "type": "Point", "coordinates": [ 88.4301, 27.0257 ] } },
{ "type": "Feature", "properties": { "event_id": "NASA_GLC_4393", "source": "NASA_GLC", "event_title": "Nathang Maong, Sikkim", "event_date": "06-07-2012 00:00", "state": "nan", "location_description": "Nathang Maong, Sikkim", "latitude": 27.7565, "longitude": 88.632, "landslide_category": "landslide", "landslide_trigger": "downpour", "fatalities": 7, "injuries": 0, "inside_ne_polygon": true, "susceptibility_probability": 0.818, "susceptibility_class_num": 5.0, "susceptibility_class_name": "Very High (80-100%)" }, "geometry": { "type": "Point", "coordinates": [ 88.632, 27.7565 ] } },
{ "type": "Feature", "properties": { "event_id": "NASA_GLC_3837", "source": "NASA_GLC", "event_title": "NH 37", "event_date": "07/24/2011 12:30:00 PM", "state": "Assam", "location_description": "NH 37", "latitude": 26.5836, "longitude": 93.0038, "landslide_category": "landslide", "landslide_trigger": "downpour", "fatalities": 0, "injuries": 0, "inside_ne_polygon": true, "susceptibility_probability": null, "susceptibility_class_num": 1.0, "susceptibility_class_name": "Very Low (0-20%)" }, "geometry": { "type": "Point", "coordinates": [ 93.0038, 26.5836 ] } },
{ "type": "Feature", "properties": { "event_id": "NASA_GLC_220", "source": "NASA_GLC", "event_title": "Velnal village, Tamei sub-division and Toribari village (3 kilometer toward Tamei from Kangpokpi)", "event_date": "08/31/2007 12:00:00 AM", "state": "Manipur", "location_description": "Velnal village, Tamei sub-division and Toribari village (3 kilometer toward Tamei from Kangpokpi)", "latitude": 25.1333, "longitude": 93.9667, "landslide_category": "landslide", "landslide_trigger": "rain", "fatalities": 0, "injuries": 0, "inside_ne_polygon": true, "susceptibility_probability": 0.1082, "susceptibility_class_num": 1.0, "susceptibility_class_name": "Very Low (0-20%)" }, "geometry": { "type": "Point", "coordinates": [ 93.9667, 25.1333 ] } },
{ "type": "Feature", "properties": { "event_id": "NASA_GLC_212", "source": "NASA_GLC", "event_title": "National Highway No 44 at Sonarpur in Meghalaya", "event_date": "08/26/2007 12:00:00 AM", "state": "Meghālaya", "location_description": "National Highway No 44 at Sonarpur in Meghalaya", "latitude": 25.5576, "longitude": 91.8506, "landslide_category": "complex", "landslide_trigger": "rain", "fatalities": 0, "injuries": 0, "inside_ne_polygon": true, "susceptibility_probability": null, "susceptibility_class_num": 4.0, "susceptibility_class_name": "High (60-80%)" }, "geometry": { "type": "Point", "coordinates": [ 91.8506, 25.5576 ] } },
{ "type": "Feature", "properties": { "event_id": "NASA_GLC_7372", "source": "NASA_GLC", "event_title": "Naga Gate along the Ukhrul-Imphal route", "event_date": "07/31/2015 11:00:00 PM", "state": "Manipur", "location_description": "Naga Gate along the Ukhrul-Imphal route", "latitude": 25.0634, "longitude": 94.3415, "landslide_category": "mudslide", "landslide_trigger": "continuous_rain", "fatalities": 0, "injuries": 0, "inside_ne_polygon": true, "susceptibility_probability": 0.9693, "susceptibility_class_num": 5.0, "susceptibility_class_name": "Very High (80-100%)" }, "geometry": { "type": "Point", "coordinates": [ 94.3415, 25.0634 ] } },
{ "type": "Feature", "properties": { "event_id": "NASA_GLC_2570", "source": "NASA_GLC", "event_title": "Tharon(?) and Langol Tarung villages, Thangmeiband constituency, Imphal, Manipur", "event_date": "10-08-2010 00:00", "state": "Manipur", "location_description": "Tharon(?) and Langol Tarung villages, Thangmeiband constituency, Imphal, Manipur", "latitude": 24.837, "longitude": 93.9128, "landslide_category": "landslide", "landslide_trigger": "downpour", "fatalities": 0, "injuries": 0, "inside_ne_polygon": true, "susceptibility_probability": 0.6977, "susceptibility_class_num": 4.0, "susceptibility_class_name": "High (60-80%)" }, "geometry": { "type": "Point", "coordinates": [ 93.9128, 24.837 ] } },
{ "type": "Feature", "properties": { "event_id": "NASA_GLC_126", "source": "NASA_GLC", "event_title": "Bardang near Singtam", "event_date": "07/16/2007 12:00:00 AM", "state": "Sikkim", "location_description": "Bardang near Singtam", "latitude": 27.1499, "longitude": 88.38, "landslide_category": "mudslide", "landslide_trigger": "rain", "fatalities": 0, "injuries": 0, "inside_ne_polygon": true, "susceptibility_probability": 0.9303, "susceptibility_class_num": 5.0, "susceptibility_class_name": "Very High (80-100%)" }, "geometry": { "type": "Point", "coordinates": [ 88.38, 27.1499 ] } },
{ "type": "Feature", "properties": { "event_id": "NASA_GLC_1168", "source": "NASA_GLC", "event_title": "4th Mile on road between Rongli, Rhenock and Rangpo in East Sikkim.", "event_date": "09/17/2009 12:00:00 AM", "state": "Sikkim", "location_description": "4th Mile on road between Rongli, Rhenock and Rangpo in East Sikkim.", "latitude": 27.1954, "longitude": 88.6115, "landslide_category": "landslide", "landslide_trigger": "rain", "fatalities": 0, "injuries": 0, "inside_ne_polygon": true, "susceptibility_probability": 0.8031, "susceptibility_class_num": 5.0, "susceptibility_class_name": "Very High (80-100%)" }, "geometry": { "type": "Point", "coordinates": [ 88.6115, 27.1954 ] } },
{ "type": "Feature", "properties": { "event_id": "NASA_GLC_3806", "source": "NASA_GLC", "event_title": "Itanagar (one near Pachali power house, one near Heema Hospital, and one nearRomik Colony at P Sector)", "event_date": "07/19/2011 12:00:00 AM", "state": "Arunāchal Pradesh", "location_description": "Itanagar (one near Pachali power house, one near Heema Hospital, and one nearRomik Colony at P Sector)", "latitude": 27.1032, "longitude": 93.6884, "landslide_category": "landslide", "landslide_trigger": "downpour", "fatalities": 3, "injuries": 0, "inside_ne_polygon": true, "susceptibility_probability": 0.0878, "susceptibility_class_num": 1.0, "susceptibility_class_name": "Very Low (0-20%)" }, "geometry": { "type": "Point", "coordinates": [ 93.6884, 27.1032 ] } },
{ "type": "Feature", "properties": { "event_id": "NASA_GLC_7702", "source": "NASA_GLC", "event_title": "New Gulshan area under sadar upazila in Bandarban", "event_date": "08/20/2015 12:00:00 AM", "state": "nan", "location_description": "New Gulshan area under sadar upazila in Bandarban", "latitude": 22.2092, "longitude": 92.1868, "landslide_category": "landslide", "landslide_trigger": "rain", "fatalities": 1, "injuries": 2, "inside_ne_polygon": false, "susceptibility_probability": null, "susceptibility_class_num": null, "susceptibility_class_name": "Unclassified" }, "geometry": { "type": "Point", "coordinates": [ 92.1868, 22.2092 ] } },
{ "type": "Feature", "properties": { "event_id": "NASA_GLC_2214", "source": "NASA_GLC", "event_title": "Dārjiling : The traffic along the National Highway 55 was disrupted on Friday following a heavy rainfall that triggered landslide in the Darjeeling H*", "event_date": "08-06-2010 00:00", "state": "Bengal", "location_description": "nan", "latitude": 27.0375, "longitude": 88.2627, "landslide_category": "landslide", "landslide_trigger": "downpour", "fatalities": 0, "injuries": 0, "inside_ne_polygon": false, "susceptibility_probability": null, "susceptibility_class_num": null, "susceptibility_class_name": "Unclassified" }, "geometry": { "type": "Point", "coordinates": [ 88.2627, 27.0375 ] } },
{ "type": "Feature", "properties": { "event_id": "NASA_GLC_2026", "source": "NASA_GLC", "event_title": "Borsorsa(?), West Khasi Hills, Meghalaya", "event_date": "06/28/2010 12:00:00 AM", "state": "Meghālaya", "location_description": "Borsorsa(?), West Khasi Hills, Meghalaya", "latitude": 25.4916, "longitude": 91.2698, "landslide_category": "landslide", "landslide_trigger": "downpour", "fatalities": 0, "injuries": 0, "inside_ne_polygon": true, "susceptibility_probability": null, "susceptibility_class_num": 5.0, "susceptibility_class_name": "Very High (80-100%)" }, "geometry": { "type": "Point", "coordinates": [ 91.2698, 25.4916 ] } },
{ "type": "Feature", "properties": { "event_id": "NASA_GLC_3943", "source": "NASA_GLC", "event_title": "Samathang, Sikkim", "event_date": "08/23/2011 12:00:00 AM", "state": "nan", "location_description": "Samathang, Sikkim", "latitude": 27.13862165, "longitude": 88.22551799, "landslide_category": "landslide", "landslide_trigger": "downpour", "fatalities": 5, "injuries": 0, "inside_ne_polygon": true, "susceptibility_probability": 0.6571, "susceptibility_class_num": 4.0, "susceptibility_class_name": "High (60-80%)" }, "geometry": { "type": "Point", "coordinates": [ 88.22551799, 27.13862165 ] } },
{ "type": "Feature", "properties": { "event_id": "NASA_GLC_714", "source": "NASA_GLC", "event_title": "Kimin-Ziro road in Papum Pare district, road between Doimukh and Sagalee, Doimukh-Hoj road; Arunachal Pradesh", "event_date": "08/14/2008 12:00:00 AM", "state": "Assam", "location_description": "Kimin-Ziro road in Papum Pare district, road between Doimukh and Sagalee, Doimukh-Hoj road; Arunachal Pradesh", "latitude": 27.163, "longitude": 94.0, "landslide_category": "landslide", "landslide_trigger": "rain", "fatalities": 0, "injuries": 0, "inside_ne_polygon": true, "susceptibility_probability": 0.0252, "susceptibility_class_num": 1.0, "susceptibility_class_name": "Very Low (0-20%)" }, "geometry": { "type": "Point", "coordinates": [ 94.0, 27.163 ] } },
{ "type": "Feature", "properties": { "event_id": "NASA_GLC_6110", "source": "NASA_GLC", "event_title": "Bhangagarh, Assam", "event_date": "06/27/2014 12:00:00 AM", "state": "Assam", "location_description": "Bhangagarh, Assam", "latitude": 26.1619, "longitude": 91.7697, "landslide_category": "landslide", "landslide_trigger": "rain", "fatalities": 3, "injuries": 0, "inside_ne_polygon": true, "susceptibility_probability": 0.27, "susceptibility_class_num": 2.0, "susceptibility_class_name": "Low (20-40%)" }, "geometry": { "type": "Point", "coordinates": [ 91.7697, 26.1619 ] } },
{ "type": "Feature", "properties": { "event_id": "NASA_GLC_247", "source": "NASA_GLC", "event_title": "Lower Shajouba village near Tadubi along NH 39, Manipur ", "event_date": "09-08-2007 00:00", "state": "Manipur", "location_description": "Lower Shajouba village near Tadubi along NH 39, Manipur ", "latitude": 25.0604, "longitude": 93.9877, "landslide_category": "landslide", "landslide_trigger": "rain", "fatalities": 0, "injuries": 0, "inside_ne_polygon": true, "susceptibility_probability": 0.7984, "susceptibility_class_num": 4.0, "susceptibility_class_name": "High (60-80%)" }, "geometry": { "type": "Point", "coordinates": [ 93.9877, 25.0604 ] } },
{ "type": "Feature", "properties": { "event_id": "NASA_GLC_4407", "source": "NASA_GLC", "event_title": "NH44, Malidhor area,  Baleswar", "event_date": "06/13/2012 12:00:00 AM", "state": "Assam", "location_description": "NH44, Malidhor area,  Baleswar", "latitude": 25.0951, "longitude": 92.3567, "landslide_category": "landslide", "landslide_trigger": "downpour", "fatalities": 0, "injuries": 0, "inside_ne_polygon": true, "susceptibility_probability": 0.7694, "susceptibility_class_num": 4.0, "susceptibility_class_name": "High (60-80%)" }, "geometry": { "type": "Point", "coordinates": [ 92.3567, 25.0951 ] } },
{ "type": "Feature", "properties": { "event_id": "NASA_GLC_239", "source": "NASA_GLC", "event_title": "eight kilometres from Chukha dzong", "event_date": "09-07-2007 00:00", "state": "Chhukha", "location_description": "eight kilometres from Chukha dzong", "latitude": 27.0667, "longitude": 89.5833, "landslide_category": "landslide", "landslide_trigger": "rain", "fatalities": 2, "injuries": 0, "inside_ne_polygon": false, "susceptibility_probability": null, "susceptibility_class_num": null, "susceptibility_class_name": "Unclassified" }, "geometry": { "type": "Point", "coordinates": [ 89.5833, 27.0667 ] } },
{ "type": "Feature", "properties": { "event_id": "NASA_GLC_3789", "source": "NASA_GLC", "event_title": "Mebua (8 km from Seppa)", "event_date": "07/16/2011 12:00:00 AM", "state": "Arunāchal Pradesh", "location_description": "Mebua (8 km from Seppa)", "latitude": 27.2743, "longitude": 92.9064, "landslide_category": "landslide", "landslide_trigger": "downpour", "fatalities": 0, "injuries": 0, "inside_ne_polygon": true, "susceptibility_probability": null, "susceptibility_class_num": 4.0, "susceptibility_class_name": "High (60-80%)" }, "geometry": { "type": "Point", "coordinates": [ 92.9064, 27.2743 ] } },
{ "type": "Feature", "properties": { "event_id": "NASA_GLC_9618", "source": "NASA_GLC", "event_title": "Kalijhora", "event_date": "10/15/2016 12:00:00 AM", "state": "West Bengal", "location_description": "Kalijhora", "latitude": 26.9343, "longitude": 88.4486, "landslide_category": "rock_fall", "landslide_trigger": "downpour", "fatalities": 0, "injuries": 0, "inside_ne_polygon": false, "susceptibility_probability": null, "susceptibility_class_num": null, "susceptibility_class_name": "Unclassified" }, "geometry": { "type": "Point", "coordinates": [ 88.4486, 26.9343 ] } },
{ "type": "Feature", "properties": { "event_id": "NASA_GLC_9245", "source": "NASA_GLC", "event_title": "Hpakan", "event_date": "01/25/2016 12:00:00 AM", "state": "Kachin", "location_description": "Hpakan", "latitude": 25.6226, "longitude": 96.2946, "landslide_category": "landslide", "landslide_trigger": "mining", "fatalities": 6, "injuries": 0, "inside_ne_polygon": false, "susceptibility_probability": null, "susceptibility_class_num": null, "susceptibility_class_name": "Unclassified" }, "geometry": { "type": "Point", "coordinates": [ 96.2946, 25.6226 ] } },
{ "type": "Feature", "properties": { "event_id": "NASA_GLC_6292", "source": "NASA_GLC", "event_title": "Hatsingimari", "event_date": "09/23/2014 12:00:00 AM", "state": "Assam", "location_description": "Hatsingimari", "latitude": 25.7238, "longitude": 89.9032, "landslide_category": "landslide", "landslide_trigger": "continuous_rain", "fatalities": 1, "injuries": 0, "inside_ne_polygon": true, "susceptibility_probability": null, "susceptibility_class_num": 1.0, "susceptibility_class_name": "Very Low (0-20%)" }, "geometry": { "type": "Point", "coordinates": [ 89.9032, 25.7238 ] } },
{ "type": "Feature", "properties": { "event_id": "NASA_GLC_6783", "source": "NASA_GLC", "event_title": "Tindharia railway maintenance shed", "event_date": "07/19/2012 12:00:00 AM", "state": "West Bengal", "location_description": "Tindharia railway maintenance shed", "latitude": 26.8546, "longitude": 88.3373, "landslide_category": "landslide", "landslide_trigger": "monsoon", "fatalities": 0, "injuries": 0, "inside_ne_polygon": false, "susceptibility_probability": null, "susceptibility_class_num": null, "susceptibility_class_name": "Unclassified" }, "geometry": { "type": "Point", "coordinates": [ 88.3373, 26.8546 ] } },
{ "type": "Feature", "properties": { "event_id": "NASA_GLC_545", "source": "NASA_GLC", "event_title": "A Cachar District village, near village of Srinager, Assam", "event_date": "05/20/2008 12:00:00 AM", "state": "Assam", "location_description": "A Cachar District village, near village of Srinager, Assam", "latitude": 24.9849, "longitude": 92.8411, "landslide_category": "mudslide", "landslide_trigger": "mining", "fatalities": 5, "injuries": 0, "inside_ne_polygon": true, "susceptibility_probability": null, "susceptibility_class_num": 3.0, "susceptibility_class_name": "Moderate (40-60%)" }, "geometry": { "type": "Point", "coordinates": [ 92.8411, 24.9849 ] } },
{ "type": "Feature", "properties": { "event_id": "NASA_GLC_7265", "source": "NASA_GLC", "event_title": "Willong-Yangkhullen stretch", "event_date": "07/22/2015 12:00:00 AM", "state": "Manipur", "location_description": "Willong-Yangkhullen stretch", "latitude": 25.5007, "longitude": 93.9854, "landslide_category": "landslide", "landslide_trigger": "continuous_rain", "fatalities": 0, "injuries": 0, "inside_ne_polygon": true, "susceptibility_probability": 0.9222, "susceptibility_class_num": 5.0, "susceptibility_class_name": "Very High (80-100%)" }, "geometry": { "type": "Point", "coordinates": [ 93.9854, 25.5007 ] } },
{ "type": "Feature", "properties": { "event_id": "NASA_GLC_2436", "source": "NASA_GLC", "event_title": "Taithu village, Churanchandpur district, Mizoram, Manipur", "event_date": "09/16/2010 03:00:00 AM", "state": "Mizoram", "location_description": "Taithu village, Churanchandpur district, Mizoram, Manipur", "latitude": 24.3069, "longitude": 93.125, "landslide_category": "landslide", "landslide_trigger": "downpour", "fatalities": 0, "injuries": 0, "inside_ne_polygon": true, "susceptibility_probability": null, "susceptibility_class_num": 5.0, "susceptibility_class_name": "Very High (80-100%)" }, "geometry": { "type": "Point", "coordinates": [ 93.125, 24.3069 ] } },
{ "type": "Feature", "properties": { "event_id": "NASA_GLC_7727", "source": "NASA_GLC", "event_title": "between Phesama and Kuima in Nagaland", "event_date": "08/20/2015 06:00:00 PM", "state": "Nagaland", "location_description": "between Phesama and Kuima in Nagaland", "latitude": 25.6263, "longitude": 94.1057, "landslide_category": "landslide", "landslide_trigger": "continuous_rain", "fatalities": 0, "injuries": 0, "inside_ne_polygon": true, "susceptibility_probability": 0.8737, "susceptibility_class_num": 5.0, "susceptibility_class_name": "Very High (80-100%)" }, "geometry": { "type": "Point", "coordinates": [ 94.1057, 25.6263 ] } },
{ "type": "Feature", "properties": { "event_id": "NASA_GLC_758", "source": "NASA_GLC", "event_title": "Dangapong, Shingkhar gewog in Zhemgang", "event_date": "08/29/2008 12:00:00 AM", "state": "Shemgang", "location_description": "Dangapong, Shingkhar gewog in Zhemgang", "latitude": 27.05, "longitude": 90.8, "landslide_category": "mudslide", "landslide_trigger": "rain", "fatalities": 0, "injuries": 0, "inside_ne_polygon": false, "susceptibility_probability": null, "susceptibility_class_num": null, "susceptibility_class_name": "Unclassified" }, "geometry": { "type": "Point", "coordinates": [ 90.8, 27.05 ] } },
{ "type": "Feature", "properties": { "event_id": "NASA_GLC_7334", "source": "NASA_GLC", "event_title": "Arunachal Pradesh", "event_date": "08/18/2015 12:00:00 AM", "state": "Arunachal Pradesh", "location_description": "Arunachal Pradesh", "latitude": 28.1737, "longitude": 94.7596, "landslide_category": "landslide", "landslide_trigger": "unknown", "fatalities": 1, "injuries": 0, "inside_ne_polygon": true, "susceptibility_probability": null, "susceptibility_class_num": 4.0, "susceptibility_class_name": "High (60-80%)" }, "geometry": { "type": "Point", "coordinates": [ 94.7596, 28.1737 ] } },
{ "type": "Feature", "properties": { "event_id": "NASA_GLC_6200", "source": "NASA_GLC", "event_title": "Arunachal Pradesh/Itanagar", "event_date": "08/17/2014 12:00:00 AM", "state": "Arunachal Pradesh", "location_description": "Arunachal Pradesh/Itanagar", "latitude": 27.0869, "longitude": 93.6086, "landslide_category": "landslide", "landslide_trigger": "downpour", "fatalities": 0, "injuries": 0, "inside_ne_polygon": true, "susceptibility_probability": 0.6047, "susceptibility_class_num": 4.0, "susceptibility_class_name": "High (60-80%)" }, "geometry": { "type": "Point", "coordinates": [ 93.6086, 27.0869 ] } },
{ "type": "Feature", "properties": { "event_id": "NASA_GLC_741", "source": "NASA_GLC", "event_title": "Motijharna of Lalkhan Bazar", "event_date": "08/23/2008 04:00:00 PM", "state": "Chittagong", "location_description": "Motijharna of Lalkhan Bazar", "latitude": 22.344, "longitude": 91.8188, "landslide_category": "landslide", "landslide_trigger": "downpour", "fatalities": 0, "injuries": 0, "inside_ne_polygon": false, "susceptibility_probability": null, "susceptibility_class_num": null, "susceptibility_class_name": "Unclassified" }, "geometry": { "type": "Point", "coordinates": [ 91.8188, 22.344 ] } },
{ "type": "Feature", "properties": { "event_id": "NASA_GLC_9617", "source": "NASA_GLC", "event_title": "Zero near Kurseong", "event_date": "10/15/2016 12:00:00 AM", "state": "West Bengal", "location_description": "Zero near Kurseong", "latitude": 26.888, "longitude": 88.2796, "landslide_category": "landslide", "landslide_trigger": "unknown", "fatalities": 0, "injuries": 0, "inside_ne_polygon": false, "susceptibility_probability": null, "susceptibility_class_num": null, "susceptibility_class_name": "Unclassified" }, "geometry": { "type": "Point", "coordinates": [ 88.2796, 26.888 ] } },
{ "type": "Feature", "properties": { "event_id": "NASA_GLC_7778", "source": "NASA_GLC", "event_title": "Phullen’s main road", "event_date": "08/26/2015 12:00:00 AM", "state": "Mizoram", "location_description": "Phullen’s main road", "latitude": 23.8447, "longitude": 93.0514, "landslide_category": "mudslide", "landslide_trigger": "continuous_rain", "fatalities": 0, "injuries": 0, "inside_ne_polygon": true, "susceptibility_probability": null, "susceptibility_class_num": 5.0, "susceptibility_class_name": "Very High (80-100%)" }, "geometry": { "type": "Point", "coordinates": [ 93.0514, 23.8447 ] } },
{ "type": "Feature", "properties": { "event_id": "NASA_GLC_6290", "source": "NASA_GLC", "event_title": "Mawbah under Mawprem area", "event_date": "09/23/2014 03:00:00 AM", "state": "Meghalaya", "location_description": "Mawbah under Mawprem area", "latitude": 25.5772, "longitude": 91.8666, "landslide_category": "landslide", "landslide_trigger": "continuous_rain", "fatalities": 8, "injuries": 1, "inside_ne_polygon": true, "susceptibility_probability": 0.6044, "susceptibility_class_num": 4.0, "susceptibility_class_name": "High (60-80%)" }, "geometry": { "type": "Point", "coordinates": [ 91.8666, 25.5772 ] } },
{ "type": "Feature", "properties": { "event_id": "NASA_GLC_4408", "source": "NASA_GLC", "event_title": "NH44, Kuliang", "event_date": "06/13/2012 12:00:00 AM", "state": "Meghālaya", "location_description": "NH44, Kuliang", "latitude": 25.5498, "longitude": 92.0757, "landslide_category": "landslide", "landslide_trigger": "downpour", "fatalities": 0, "injuries": 0, "inside_ne_polygon": true, "susceptibility_probability": 0.9092, "susceptibility_class_num": 5.0, "susceptibility_class_name": "Very High (80-100%)" }, "geometry": { "type": "Point", "coordinates": [ 92.0757, 25.5498 ] } },
{ "type": "Feature", "properties": { "event_id": "NASA_GLC_1110", "source": "NASA_GLC", "event_title": "Kurseong, Darjeeling, West Bengal", "event_date": "08/20/2009 08:30:00 PM", "state": "Bengal", "location_description": "Kurseong, Darjeeling, West Bengal", "latitude": 26.88405686, "longitude": 88.28087032000001, "landslide_category": "landslide", "landslide_trigger": "continuous_rain", "fatalities": 0, "injuries": 0, "inside_ne_polygon": false, "susceptibility_probability": null, "susceptibility_class_num": null, "susceptibility_class_name": "Unclassified" }, "geometry": { "type": "Point", "coordinates": [ 88.28087032, 26.88405686 ] } },
{ "type": "Feature", "properties": { "event_id": "NASA_GLC_4403", "source": "NASA_GLC", "event_title": "Imphal-Jiribam section of NH-37 , Manipur", "event_date": "06-10-2012 00:00", "state": "Manipur", "location_description": "Imphal-Jiribam section of NH-37 , Manipur", "latitude": 24.8142, "longitude": 93.5444, "landslide_category": "landslide", "landslide_trigger": "downpour", "fatalities": 0, "injuries": 0, "inside_ne_polygon": true, "susceptibility_probability": 0.9356, "susceptibility_class_num": 5.0, "susceptibility_class_name": "Very High (80-100%)" }, "geometry": { "type": "Point", "coordinates": [ 93.5444, 24.8142 ] } },
{ "type": "Feature", "properties": { "event_id": "NASA_GLC_5429", "source": "NASA_GLC", "event_title": "Tamabong Village In Sikkim State", "event_date": "09-01-2013 18:00", "state": "Sikkim", "location_description": "Tamabong Village In Sikkim State", "latitude": 27.3425, "longitude": 88.2426, "landslide_category": "landslide", "landslide_trigger": "downpour", "fatalities": 5, "injuries": 0, "inside_ne_polygon": true, "susceptibility_probability": 0.9797, "susceptibility_class_num": 5.0, "susceptibility_class_name": "Very High (80-100%)" }, "geometry": { "type": "Point", "coordinates": [ 88.2426, 27.3425 ] } },
{ "type": "Feature", "properties": { "event_id": "NASA_GLC_2140", "source": "NASA_GLC", "event_title": "road between Halfong and Redzol(?) or Silchar, Assam", "event_date": "07/25/2010 12:00:00 AM", "state": "Assam", "location_description": "road between Halfong and Redzol(?) or Silchar, Assam", "latitude": 25.0477, "longitude": 92.801, "landslide_category": "landslide", "landslide_trigger": "downpour", "fatalities": 0, "injuries": 0, "inside_ne_polygon": true, "susceptibility_probability": null, "susceptibility_class_num": 2.0, "susceptibility_class_name": "Low (20-40%)" }, "geometry": { "type": "Point", "coordinates": [ 92.801, 25.0477 ] } },
{ "type": "Feature", "properties": { "event_id": "NASA_GLC_2243", "source": "NASA_GLC", "event_title": "NH-39 near Kohima Municipality Council(KMC) dumping ground, between Zubza(Sechu) and Kohima, Nagaland", "event_date": "08/13/2010 12:00:00 AM", "state": "Nāgāland", "location_description": "NH-39 near Kohima Municipality Council(KMC) dumping ground, between Zubza(Sechu) and Kohima, Nagaland", "latitude": 25.70223725, "longitude": 94.04619681, "landslide_category": "landslide", "landslide_trigger": "downpour", "fatalities": 0, "injuries": 0, "inside_ne_polygon": true, "susceptibility_probability": 0.7793, "susceptibility_class_num": 4.0, "susceptibility_class_name": "High (60-80%)" }, "geometry": { "type": "Point", "coordinates": [ 94.04619681, 25.70223725 ] } },
{ "type": "Feature", "properties": { "event_id": "NASA_GLC_9074", "source": "NASA_GLC", "event_title": "Rimbik, Darjeeling, West Bengal state, India", "event_date": "07/20/2016 12:00:00 AM", "state": "West Bengal", "location_description": "Rimbik, Darjeeling, West Bengal state, India", "latitude": 27.1176, "longitude": 88.1069, "landslide_category": "landslide", "landslide_trigger": "downpour", "fatalities": 3, "injuries": 0, "inside_ne_polygon": false, "susceptibility_probability": null, "susceptibility_class_num": null, "susceptibility_class_name": "Unclassified" }, "geometry": { "type": "Point", "coordinates": [ 88.1069, 27.1176 ] } },
{ "type": "Feature", "properties": { "event_id": "NASA_GLC_2554", "source": "NASA_GLC", "event_title": "railroad between Bonchaung and Namhkam stations, Mandalay-Myitkyina railroad", "event_date": "10-06-2010 22:00", "state": "Kachin", "location_description": "railroad between Bonchaung and Namhkam stations, Mandalay-Myitkyina railroad", "latitude": 23.9723, "longitude": 96.8566, "landslide_category": "landslide", "landslide_trigger": "downpour", "fatalities": 0, "injuries": 0, "inside_ne_polygon": false, "susceptibility_probability": null, "susceptibility_class_num": null, "susceptibility_class_name": "Unclassified" }, "geometry": { "type": "Point", "coordinates": [ 96.8566, 23.9723 ] } },
{ "type": "Feature", "properties": { "event_id": "NASA_GLC_9142", "source": "NASA_GLC", "event_title": "lower Majakong Ward, Mokokchung, Nagaland, India", "event_date": "06/14/2016 08:00:00 AM", "state": "Nagaland", "location_description": "lower Majakong Ward, Mokokchung, Nagaland, India", "latitude": 26.3185, "longitude": 94.5247, "landslide_category": "landslide", "landslide_trigger": "continuous_rain", "fatalities": 0, "injuries": 0, "inside_ne_polygon": true, "susceptibility_probability": 0.9556, "susceptibility_class_num": 5.0, "susceptibility_class_name": "Very High (80-100%)" }, "geometry": { "type": "Point", "coordinates": [ 94.5247, 26.3185 ] } },
{ "type": "Feature", "properties": { "event_id": "NASA_GLC_6107", "source": "NASA_GLC", "event_title": "Bamunimaidam", "event_date": "06/26/2014 11:00:00 PM", "state": "Assam", "location_description": "Bamunimaidam", "latitude": 26.1844, "longitude": 91.7896, "landslide_category": "landslide", "landslide_trigger": "continuous_rain", "fatalities": 1, "injuries": 0, "inside_ne_polygon": true, "susceptibility_probability": 0.0573, "susceptibility_class_num": 1.0, "susceptibility_class_name": "Very Low (0-20%)" }, "geometry": { "type": "Point", "coordinates": [ 91.7896, 26.1844 ] } },
{ "type": "Feature", "properties": { "event_id": "NASA_GLC_255", "source": "NASA_GLC", "event_title": "Wamkhu village along the Tengnoupal-Joupi road in Chandel district", "event_date": "09-10-2007 00:00", "state": "Manipur", "location_description": "Wamkhu village along the Tengnoupal-Joupi road in Chandel district", "latitude": 24.2451, "longitude": 94.0691, "landslide_category": "landslide", "landslide_trigger": "rain", "fatalities": 0, "injuries": 0, "inside_ne_polygon": true, "susceptibility_probability": 0.9923, "susceptibility_class_num": 5.0, "susceptibility_class_name": "Very High (80-100%)" }, "geometry": { "type": "Point", "coordinates": [ 94.0691, 24.2451 ] } },
{ "type": "Feature", "properties": { "event_id": "NASA_GLC_1882", "source": "NASA_GLC", "event_title": "Thimphu-Phuentsholing highway, at Takti, between Samtse and Punakha ", "event_date": "05/20/2010 12:00:00 AM", "state": "Paro", "location_description": "Thimphu-Phuentsholing highway, at Takti, between Samtse and Punakha ", "latitude": 27.21962595, "longitude": 89.5187916, "landslide_category": "landslide", "landslide_trigger": "downpour", "fatalities": 0, "injuries": 0, "inside_ne_polygon": false, "susceptibility_probability": null, "susceptibility_class_num": null, "susceptibility_class_name": "Unclassified" }, "geometry": { "type": "Point", "coordinates": [ 89.5187916, 27.21962595 ] } },
{ "type": "Feature", "properties": { "event_id": "NASA_GLC_7660", "source": "NASA_GLC", "event_title": "Phesama village", "event_date": "08-12-2015 00:00", "state": "Nagaland", "location_description": "Phesama village", "latitude": 25.6237, "longitude": 94.1136, "landslide_category": "mudslide", "landslide_trigger": "continuous_rain", "fatalities": 0, "injuries": 0, "inside_ne_polygon": true, "susceptibility_probability": 0.942, "susceptibility_class_num": 5.0, "susceptibility_class_name": "Very High (80-100%)" }, "geometry": { "type": "Point", "coordinates": [ 94.1136, 25.6237 ] } },
{ "type": "Feature", "properties": { "event_id": "NASA_GLC_7037", "source": "NASA_GLC", "event_title": "Kurseong", "event_date": "07-01-2015 00:00", "state": "West Bengal", "location_description": "Kurseong", "latitude": 26.8811, "longitude": 88.2779, "landslide_category": "landslide", "landslide_trigger": "downpour", "fatalities": 0, "injuries": 0, "inside_ne_polygon": false, "susceptibility_probability": null, "susceptibility_class_num": null, "susceptibility_class_name": "Unclassified" }, "geometry": { "type": "Point", "coordinates": [ 88.2779, 26.8811 ] } },
{ "type": "Feature", "properties": { "event_id": "NASA_GLC_4556", "source": "NASA_GLC", "event_title": "Namchi to Phongla, Namchi to Melli ,Namchi to Sumbuk", "event_date": "09/16/2012 12:00:00 AM", "state": "Sikkim", "location_description": "Namchi to Phongla, Namchi to Melli ,Namchi to Sumbuk", "latitude": 27.1675, "longitude": 88.3651, "landslide_category": "landslide", "landslide_trigger": "downpour", "fatalities": 0, "injuries": 0, "inside_ne_polygon": true, "susceptibility_probability": null, "susceptibility_class_num": 5.0, "susceptibility_class_name": "Very High (80-100%)" }, "geometry": { "type": "Point", "coordinates": [ 88.3651, 27.1675 ] } },
{ "type": "Feature", "properties": { "event_id": "NASA_GLC_7389", "source": "NASA_GLC", "event_title": "between Bongyang and Lokchao along the Imphal-Moreh highway", "event_date": "08-01-2015 00:00", "state": "Manipur", "location_description": "between Bongyang and Lokchao along the Imphal-Moreh highway", "latitude": 24.4072, "longitude": 94.0644, "landslide_category": "landslide", "landslide_trigger": "continuous_rain", "fatalities": 0, "injuries": 0, "inside_ne_polygon": true, "susceptibility_probability": null, "susceptibility_class_num": 5.0, "susceptibility_class_name": "Very High (80-100%)" }, "geometry": { "type": "Point", "coordinates": [ 94.0644, 24.4072 ] } },
{ "type": "Feature", "properties": { "event_id": "NASA_GLC_2437", "source": "NASA_GLC", "event_title": "Aizawl-Lengpui rd 3km from Aizawl, Mizoram, Manipur", "event_date": "09/16/2010 12:00:00 AM", "state": "Mizoram", "location_description": "Aizawl-Lengpui rd 3km from Aizawl, Mizoram, Manipur", "latitude": 23.7527, "longitude": 92.694, "landslide_category": "landslide", "landslide_trigger": "downpour", "fatalities": 0, "injuries": 0, "inside_ne_polygon": true, "susceptibility_probability": 0.9416, "susceptibility_class_num": 5.0, "susceptibility_class_name": "Very High (80-100%)" }, "geometry": { "type": "Point", "coordinates": [ 92.694, 23.7527 ] } },
{ "type": "Feature", "properties": { "event_id": "NASA_GLC_731", "source": "NASA_GLC", "event_title": "Akuk village, Wokha District, Nagaland", "event_date": "08/19/2008 12:00:00 AM", "state": "Nāgāland", "location_description": "Akuk village, Wokha District, Nagaland", "latitude": 26.138, "longitude": 94.25, "landslide_category": "mudslide", "landslide_trigger": "downpour", "fatalities": 4, "injuries": 0, "inside_ne_polygon": true, "susceptibility_probability": 0.3762, "susceptibility_class_num": 2.0, "susceptibility_class_name": "Low (20-40%)" }, "geometry": { "type": "Point", "coordinates": [ 94.25, 26.138 ] } },
{ "type": "Feature", "properties": { "event_id": "NASA_GLC_7371", "source": "NASA_GLC", "event_title": "near S Lamphei Lamkhai and Sehlon village", "event_date": "08-01-2015 00:00", "state": "Manipur", "location_description": "near S Lamphei Lamkhai and Sehlon village", "latitude": 23.9939, "longitude": 94.0573, "landslide_category": "landslide", "landslide_trigger": "continuous_rain", "fatalities": 0, "injuries": 0, "inside_ne_polygon": true, "susceptibility_probability": 0.9616, "susceptibility_class_num": 5.0, "susceptibility_class_name": "Very High (80-100%)" }, "geometry": { "type": "Point", "coordinates": [ 94.0573, 23.9939 ] } },
{ "type": "Feature", "properties": { "event_id": "NASA_GLC_7923", "source": "NASA_GLC", "event_title": "Amingaon", "event_date": "09-01-2015 00:00", "state": "Assam", "location_description": "Amingaon", "latitude": 26.49349035, "longitude": 91.72137514000001, "landslide_category": "landslide", "landslide_trigger": "rain", "fatalities": 2, "injuries": 0, "inside_ne_polygon": true, "susceptibility_probability": null, "susceptibility_class_num": 1.0, "susceptibility_class_name": "Very Low (0-20%)" }, "geometry": { "type": "Point", "coordinates": [ 91.72137514, 26.49349035 ] } },
{ "type": "Feature", "properties": { "event_id": "NASA_GLC_2067", "source": "NASA_GLC", "event_title": "near Takti, Thimphu-Phuentsholing highway", "event_date": "07/13/2010 12:00:00 AM", "state": "Paro", "location_description": "near Takti, Thimphu-Phuentsholing highway", "latitude": 27.21782272, "longitude": 89.51924545, "landslide_category": "complex", "landslide_trigger": "downpour", "fatalities": 0, "injuries": 0, "inside_ne_polygon": false, "susceptibility_probability": null, "susceptibility_class_num": null, "susceptibility_class_name": "Unclassified" }, "geometry": { "type": "Point", "coordinates": [ 89.51924545, 27.21782272 ] } },
{ "type": "Feature", "properties": { "event_id": "NASA_GLC_5001", "source": "NASA_GLC", "event_title": "Saikatpara Hill Area, Cox'S Bazar Municipality", "event_date": "06/30/2013 06:00:00 AM", "state": "Chittagong", "location_description": "Saikatpara Hill Area, Cox'S Bazar Municipality", "latitude": 21.9907, "longitude": 92.4951, "landslide_category": "mudslide", "landslide_trigger": "downpour", "fatalities": 1, "injuries": 1, "inside_ne_polygon": false, "susceptibility_probability": null, "susceptibility_class_num": null, "susceptibility_class_name": "Unclassified" }, "geometry": { "type": "Point", "coordinates": [ 92.4951, 21.9907 ] } },
{ "type": "Feature", "properties": { "event_id": "NASA_GLC_760", "source": "NASA_GLC", "event_title": "Kohima, Nagaland", "event_date": "08/29/2008 12:00:00 AM", "state": "Nāgāland", "location_description": "Kohima, Nagaland", "latitude": 25.67, "longitude": 94.1066, "landslide_category": "complex", "landslide_trigger": "downpour", "fatalities": 0, "injuries": 0, "inside_ne_polygon": true, "susceptibility_probability": 0.9903, "susceptibility_class_num": 5.0, "susceptibility_class_name": "Very High (80-100%)" }, "geometry": { "type": "Point", "coordinates": [ 94.1066, 25.67 ] } },
{ "type": "Feature", "properties": { "event_id": "NASA_GLC_2182", "source": "NASA_GLC", "event_title": "Dimapur-Imphal highway (NH 39) near Manipur", "event_date": "07/31/2010 09:00:00 AM", "state": "Manipur", "location_description": "Dimapur-Imphal highway (NH 39) near Manipur", "latitude": 24.9356, "longitude": 93.8443, "landslide_category": "landslide", "landslide_trigger": "rain", "fatalities": 0, "injuries": 0, "inside_ne_polygon": true, "susceptibility_probability": null, "susceptibility_class_num": 2.0, "susceptibility_class_name": "Low (20-40%)" }, "geometry": { "type": "Point", "coordinates": [ 93.8443, 24.9356 ] } },
{ "type": "Feature", "properties": { "event_id": "NASA_GLC_10005", "source": "NASA_GLC", "event_title": "Landslide crushes house", "event_date": "07-06-2017 19:39", "state": "nan", "location_description": "Beltola, Assam State-Meghalaya State border, India", "latitude": 26.10973183, "longitude": 91.80317334, "landslide_category": "landslide", "landslide_trigger": "continuous_rain", "fatalities": 0, "injuries": 0, "inside_ne_polygon": true, "susceptibility_probability": 0.0091, "susceptibility_class_num": 1.0, "susceptibility_class_name": "Very Low (0-20%)" }, "geometry": { "type": "Point", "coordinates": [ 91.80317334, 26.10973183 ] } },
{ "type": "Feature", "properties": { "event_id": "NASA_GLC_3632", "source": "NASA_GLC", "event_title": "Birik on NH31A, Kalimpong", "event_date": "06/20/2011 08:30:00 PM", "state": "Bengal", "location_description": "Birik on NH31A, Kalimpong", "latitude": 27.0638, "longitude": 88.4659, "landslide_category": "landslide", "landslide_trigger": "rain", "fatalities": 0, "injuries": 0, "inside_ne_polygon": false, "susceptibility_probability": null, "susceptibility_class_num": null, "susceptibility_class_name": "Unclassified" }, "geometry": { "type": "Point", "coordinates": [ 88.4659, 27.0638 ] } },
{ "type": "Feature", "properties": { "event_id": "NASA_GLC_1954", "source": "NASA_GLC", "event_title": "Irang(?) and Barak(?) and Makru(?) on highway 53 between Imphal and Jiribam, Manipur", "event_date": "06-07-2010 00:00", "state": "Manipur", "location_description": "Irang(?) and Barak(?) and Makru(?) on highway 53 between Imphal and Jiribam, Manipur", "latitude": 24.7543, "longitude": 93.5039, "landslide_category": "landslide", "landslide_trigger": "rain", "fatalities": 0, "injuries": 0, "inside_ne_polygon": true, "susceptibility_probability": 0.3043, "susceptibility_class_num": 2.0, "susceptibility_class_name": "Low (20-40%)" }, "geometry": { "type": "Point", "coordinates": [ 93.5039, 24.7543 ] } },
{ "type": "Feature", "properties": { "event_id": "NASA_GLC_6963", "source": "NASA_GLC", "event_title": "Muanna locality, Mizoram", "event_date": "06/19/2015 12:00:00 AM", "state": "Mizoram", "location_description": "Muanna locality, Mizoram", "latitude": 23.7131, "longitude": 92.7362, "landslide_category": "landslide", "landslide_trigger": "rain", "fatalities": 0, "injuries": 0, "inside_ne_polygon": true, "susceptibility_probability": 0.7771, "susceptibility_class_num": 4.0, "susceptibility_class_name": "High (60-80%)" }, "geometry": { "type": "Point", "coordinates": [ 92.7362, 23.7131 ] } },
{ "type": "Feature", "properties": { "event_id": "NASA_GLC_5336", "source": "NASA_GLC", "event_title": "Tobu, Nagaland", "event_date": "08/16/2013 12:00:00 AM", "state": "Nāgāland", "location_description": "Tobu, Nagaland", "latitude": 26.3897, "longitude": 94.9439, "landslide_category": "landslide", "landslide_trigger": "rain", "fatalities": 0, "injuries": 0, "inside_ne_polygon": true, "susceptibility_probability": 0.9697, "susceptibility_class_num": 5.0, "susceptibility_class_name": "Very High (80-100%)" }, "geometry": { "type": "Point", "coordinates": [ 94.9439, 26.3897 ] } },
{ "type": "Feature", "properties": { "event_id": "NASA_GLC_9365", "source": "NASA_GLC", "event_title": "Phar Kant Jade Mining", "event_date": "04-02-2016 00:00", "state": "Kachin", "location_description": "Phar Kant Jade Mining", "latitude": 25.6219, "longitude": 96.2887, "landslide_category": "landslide", "landslide_trigger": "unknown", "fatalities": 104, "injuries": 100, "inside_ne_polygon": false, "susceptibility_probability": null, "susceptibility_class_num": null, "susceptibility_class_name": "Unclassified" }, "geometry": { "type": "Point", "coordinates": [ 96.2887, 25.6219 ] } },
{ "type": "Feature", "properties": { "event_id": "NASA_GLC_7590", "source": "NASA_GLC", "event_title": "Tongseng", "event_date": "08/19/2015 12:00:00 AM", "state": "Meghalaya", "location_description": "Tongseng", "latitude": 25.1416, "longitude": 92.3807, "landslide_category": "landslide", "landslide_trigger": "rain", "fatalities": 0, "injuries": 0, "inside_ne_polygon": true, "susceptibility_probability": null, "susceptibility_class_num": 3.0, "susceptibility_class_name": "Moderate (40-60%)" }, "geometry": { "type": "Point", "coordinates": [ 92.3807, 25.1416 ] } },
{ "type": "Feature", "properties": { "event_id": "NASA_GLC_7134", "source": "NASA_GLC", "event_title": "Ujirpur barrage 3 under Shibchar upazila in Chapainawabganj", "event_date": "04/19/2015 09:00:00 AM", "state": "Rājshāhi", "location_description": "Ujirpur barrage 3 under Shibchar upazila in Chapainawabganj", "latitude": 24.5582, "longitude": 88.1825, "landslide_category": "mudslide", "landslide_trigger": "dam_embankment_collapse", "fatalities": 2, "injuries": 0, "inside_ne_polygon": false, "susceptibility_probability": null, "susceptibility_class_num": null, "susceptibility_class_name": "Unclassified" }, "geometry": { "type": "Point", "coordinates": [ 88.1825, 24.5582 ] } },
{ "type": "Feature", "properties": { "event_id": "NASA_GLC_1222", "source": "NASA_GLC", "event_title": "Chhinga Veng, Aizawl", "event_date": "10-05-2009 00:00", "state": "Mizoram", "location_description": "Chhinga Veng, Aizawl", "latitude": 23.73478778, "longitude": 92.72124394, "landslide_category": "landslide", "landslide_trigger": "downpour", "fatalities": 3, "injuries": 0, "inside_ne_polygon": true, "susceptibility_probability": 0.9372, "susceptibility_class_num": 5.0, "susceptibility_class_name": "Very High (80-100%)" }, "geometry": { "type": "Point", "coordinates": [ 92.72124394, 23.73478778 ] } },
{ "type": "Feature", "properties": { "event_id": "NASA_GLC_8222", "source": "NASA_GLC", "event_title": "Piyali Phukan Nagar, Guwahati, India", "event_date": "06/22/2016 12:00:00 PM", "state": "Assam", "location_description": "Piyali Phukan Nagar, Guwahati, India", "latitude": 26.1961, "longitude": 91.7825, "landslide_category": "mudslide", "landslide_trigger": "downpour", "fatalities": 1, "injuries": 0, "inside_ne_polygon": true, "susceptibility_probability": 0.015, "susceptibility_class_num": 1.0, "susceptibility_class_name": "Very Low (0-20%)" }, "geometry": { "type": "Point", "coordinates": [ 91.7825, 26.1961 ] } },
{ "type": "Feature", "properties": { "event_id": "NASA_GLC_7706", "source": "NASA_GLC", "event_title": "National Highway at Kuliang", "event_date": "08/19/2015 12:00:00 AM", "state": "Meghalaya", "location_description": "National Highway at Kuliang", "latitude": 25.0728, "longitude": 92.3636, "landslide_category": "landslide", "landslide_trigger": "rain", "fatalities": 0, "injuries": 0, "inside_ne_polygon": true, "susceptibility_probability": 0.8233, "susceptibility_class_num": 5.0, "susceptibility_class_name": "Very High (80-100%)" }, "geometry": { "type": "Point", "coordinates": [ 92.3636, 25.0728 ] } },
{ "type": "Feature", "properties": { "event_id": "NASA_GLC_9215", "source": "NASA_GLC", "event_title": "NH10 in Rangpo", "event_date": "01/14/2016 05:15:00 AM", "state": "West Bengal", "location_description": "NH10 in Rangpo", "latitude": 27.1758, "longitude": 88.5294, "landslide_category": "rock_fall", "landslide_trigger": "unknown", "fatalities": 1, "injuries": 5, "inside_ne_polygon": false, "susceptibility_probability": null, "susceptibility_class_num": null, "susceptibility_class_name": "Unclassified" }, "geometry": { "type": "Point", "coordinates": [ 88.5294, 27.1758 ] } },
{ "type": "Feature", "properties": { "event_id": "NASA_GLC_9620", "source": "NASA_GLC", "event_title": "Rangpo", "event_date": "10/15/2016 12:00:00 AM", "state": "Sikkim", "location_description": "Rangpo", "latitude": 27.172, "longitude": 88.5292, "landslide_category": "landslide", "landslide_trigger": "downpour", "fatalities": 0, "injuries": 0, "inside_ne_polygon": true, "susceptibility_probability": 0.9655, "susceptibility_class_num": 5.0, "susceptibility_class_name": "Very High (80-100%)" }, "geometry": { "type": "Point", "coordinates": [ 88.5292, 27.172 ] } },
{ "type": "Feature", "properties": { "event_id": "NASA_GLC_8224", "source": "NASA_GLC", "event_title": "Aizawl, Mizoram, India", "event_date": "09/14/2015 01:30:00 AM", "state": "Mizoram", "location_description": "Aizawl, Mizoram, India", "latitude": 23.7313, "longitude": 92.7187, "landslide_category": "landslide", "landslide_trigger": "downpour", "fatalities": 0, "injuries": 0, "inside_ne_polygon": true, "susceptibility_probability": 0.9651, "susceptibility_class_num": 5.0, "susceptibility_class_name": "Very High (80-100%)" }, "geometry": { "type": "Point", "coordinates": [ 92.7187, 23.7313 ] } },
{ "type": "Feature", "properties": { "event_id": "NASA_GLC_614", "source": "NASA_GLC", "event_title": "Kurseong sub division, Mamring", "event_date": "06/29/2008 12:00:00 AM", "state": "Bengal", "location_description": "Kurseong sub division, Mamring", "latitude": 26.89, "longitude": 88.28, "landslide_category": "landslide", "landslide_trigger": "unknown", "fatalities": 0, "injuries": 0, "inside_ne_polygon": false, "susceptibility_probability": null, "susceptibility_class_num": null, "susceptibility_class_name": "Unclassified" }, "geometry": { "type": "Point", "coordinates": [ 88.28, 26.89 ] } },
{ "type": "Feature", "properties": { "event_id": "NASA_GLC_1100", "source": "NASA_GLC", "event_title": "Sorchen along Phuentsholing-Thimphu highway ", "event_date": "08/18/2009 06:00:00 PM", "state": "Chhukha", "location_description": "Sorchen along Phuentsholing-Thimphu highway ", "latitude": 26.8928, "longitude": 89.4497, "landslide_category": "landslide", "landslide_trigger": "downpour", "fatalities": 0, "injuries": 0, "inside_ne_polygon": false, "susceptibility_probability": null, "susceptibility_class_num": null, "susceptibility_class_name": "Unclassified" }, "geometry": { "type": "Point", "coordinates": [ 89.4497, 26.8928 ] } },
{ "type": "Feature", "properties": { "event_id": "NASA_GLC_242", "source": "NASA_GLC", "event_title": "Darjeeling Hills, multiple villages in area (Kurseong, Kalimpong, Bhalukopa, Kukhleinkhani)", "event_date": "09-07-2007 00:00", "state": "Bengal", "location_description": "Darjeeling Hills, multiple villages in area (Kurseong, Kalimpong, Bhalukopa, Kukhleinkhani)", "latitude": 26.8833, "longitude": 88.2833, "landslide_category": "landslide", "landslide_trigger": "rain", "fatalities": 0, "injuries": 0, "inside_ne_polygon": false, "susceptibility_probability": null, "susceptibility_class_num": null, "susceptibility_class_name": "Unclassified" }, "geometry": { "type": "Point", "coordinates": [ 88.2833, 26.8833 ] } },
{ "type": "Feature", "properties": { "event_id": "NASA_GLC_4241", "source": "NASA_GLC", "event_title": "Tamei constituency in Tamenlong district", "event_date": "03-04-2012 00:00", "state": "Manipur", "location_description": "Tamei constituency in Tamenlong district", "latitude": 25.1604, "longitude": 93.6795, "landslide_category": "landslide", "landslide_trigger": "unknown", "fatalities": 0, "injuries": 0, "inside_ne_polygon": true, "susceptibility_probability": null, "susceptibility_class_num": 5.0, "susceptibility_class_name": "Very High (80-100%)" }, "geometry": { "type": "Point", "coordinates": [ 93.6795, 25.1604 ] } },
{ "type": "Feature", "properties": { "event_id": "NASA_GLC_3898", "source": "NASA_GLC", "event_title": "Bandarban, Bangladesh", "event_date": "08-08-2011 00:00", "state": "Chittagong", "location_description": "Bandarban, Bangladesh", "latitude": 22.2009, "longitude": 92.2168, "landslide_category": "landslide", "landslide_trigger": "rain", "fatalities": 2, "injuries": 0, "inside_ne_polygon": false, "susceptibility_probability": null, "susceptibility_class_num": null, "susceptibility_class_name": "Unclassified" }, "geometry": { "type": "Point", "coordinates": [ 92.2168, 22.2009 ] } },
{ "type": "Feature", "properties": { "event_id": "NASA_GLC_755", "source": "NASA_GLC", "event_title": "Ranka, Sikkim and Louing road", "event_date": "08/28/2008 12:00:00 AM", "state": "Sikkim", "location_description": "Ranka, Sikkim and Louing road", "latitude": 27.337, "longitude": 88.609, "landslide_category": "landslide", "landslide_trigger": "downpour", "fatalities": 0, "injuries": 0, "inside_ne_polygon": true, "susceptibility_probability": 0.9873, "susceptibility_class_num": 5.0, "susceptibility_class_name": "Very High (80-100%)" }, "geometry": { "type": "Point", "coordinates": [ 88.609, 27.337 ] } },
{ "type": "Feature", "properties": { "event_id": "NASA_GLC_1756", "source": "NASA_GLC", "event_title": "Nam Nang, Gangtok", "event_date": "04/17/2010 12:00:00 AM", "state": "Sikkim", "location_description": "Nam Nang, Gangtok", "latitude": 27.322, "longitude": 88.6087, "landslide_category": "landslide", "landslide_trigger": "downpour", "fatalities": 0, "injuries": 0, "inside_ne_polygon": true, "susceptibility_probability": 0.9906, "susceptibility_class_num": 5.0, "susceptibility_class_name": "Very High (80-100%)" }, "geometry": { "type": "Point", "coordinates": [ 88.6087, 27.322 ] } },
{ "type": "Feature", "properties": { "event_id": "NASA_GLC_1930", "source": "NASA_GLC", "event_title": "Anini-Roing road,  Dibang Valley,  Arunachal Pradesh ", "event_date": "05/31/2010 12:00:00 AM", "state": "Arunāchal Pradesh", "location_description": "Anini-Roing road,  Dibang Valley,  Arunachal Pradesh ", "latitude": 28.4298, "longitude": 95.8776, "landslide_category": "landslide", "landslide_trigger": "downpour", "fatalities": 0, "injuries": 0, "inside_ne_polygon": true, "susceptibility_probability": null, "susceptibility_class_num": 4.0, "susceptibility_class_name": "High (60-80%)" }, "geometry": { "type": "Point", "coordinates": [ 95.8776, 28.4298 ] } },
{ "type": "Feature", "properties": { "event_id": "NASA_GLC_9334", "source": "NASA_GLC", "event_title": "Bilaipur, Hailakandi district, Assam, India", "event_date": "05/18/2016 08:00:00 AM", "state": "Assam", "location_description": "Bilaipur, Hailakandi district, Assam, India", "latitude": 24.5204, "longitude": 92.7264, "landslide_category": "landslide", "landslide_trigger": "continuous_rain", "fatalities": 2, "injuries": 0, "inside_ne_polygon": true, "susceptibility_probability": null, "susceptibility_class_num": 1.0, "susceptibility_class_name": "Very Low (0-20%)" }, "geometry": { "type": "Point", "coordinates": [ 92.7264, 24.5204 ] } },
{ "type": "Feature", "properties": { "event_id": "NASA_GLC_8237", "source": "NASA_GLC", "event_title": "Old Inspection Bungalow, Bhalukpong town, West Kameng, Arunachal Pradesh, India", "event_date": "07-01-2016 00:00", "state": "Arunachal Pradesh", "location_description": "Old Inspection Bungalow, Bhalukpong town, West Kameng, Arunachal Pradesh, India", "latitude": 27.0136, "longitude": 92.6351, "landslide_category": "landslide", "landslide_trigger": "downpour", "fatalities": 5, "injuries": 3, "inside_ne_polygon": true, "susceptibility_probability": 0.2471, "susceptibility_class_num": 2.0, "susceptibility_class_name": "Low (20-40%)" }, "geometry": { "type": "Point", "coordinates": [ 92.6351, 27.0136 ] } },
{ "type": "Feature", "properties": { "event_id": "NASA_GLC_4385", "source": "NASA_GLC", "event_title": "lachen, Sikkim", "event_date": "06-03-2012 00:00", "state": "nan", "location_description": "lachen, Sikkim", "latitude": 27.7167, "longitude": 88.5577, "landslide_category": "landslide", "landslide_trigger": "downpour", "fatalities": 0, "injuries": 0, "inside_ne_polygon": true, "susceptibility_probability": 0.9417, "susceptibility_class_num": 5.0, "susceptibility_class_name": "Very High (80-100%)" }, "geometry": { "type": "Point", "coordinates": [ 88.5577, 27.7167 ] } },
{ "type": "Feature", "properties": { "event_id": "NASA_GLC_585", "source": "NASA_GLC", "event_title": "Itanagar-Naharlagun, Arunachal Pradesh", "event_date": "06/14/2008 12:00:00 AM", "state": "Arunāchal Pradesh", "location_description": "Itanagar-Naharlagun, Arunachal Pradesh", "latitude": 27.0998, "longitude": 93.6287, "landslide_category": "landslide", "landslide_trigger": "rain", "fatalities": 21, "injuries": 0, "inside_ne_polygon": true, "susceptibility_probability": 0.4174, "susceptibility_class_num": 3.0, "susceptibility_class_name": "Moderate (40-60%)" }, "geometry": { "type": "Point", "coordinates": [ 93.6287, 27.0998 ] } },
{ "type": "Feature", "properties": { "event_id": "NASA_GLC_4859", "source": "NASA_GLC", "event_title": "Sarania Hills, North Guwahati, Guwahati, Assam,", "event_date": "05-11-2013 00:00", "state": "Assam", "location_description": "Sarania Hills, North Guwahati, Guwahati, Assam,", "latitude": 26.1771, "longitude": 91.7599, "landslide_category": "landslide", "landslide_trigger": "rain", "fatalities": 0, "injuries": 1, "inside_ne_polygon": true, "susceptibility_probability": 0.1229, "susceptibility_class_num": 1.0, "susceptibility_class_name": "Very Low (0-20%)" }, "geometry": { "type": "Point", "coordinates": [ 91.7599, 26.1771 ] } },
{ "type": "Feature", "properties": { "event_id": "NASA_GLC_4436", "source": "NASA_GLC", "event_title": "Khonsa, Arunachal Pradesh", "event_date": "06/25/2012 12:00:00 AM", "state": "Arunāchal Pradesh", "location_description": "Khonsa, Arunachal Pradesh", "latitude": 26.9986, "longitude": 95.4993, "landslide_category": "landslide", "landslide_trigger": "downpour", "fatalities": 0, "injuries": 0, "inside_ne_polygon": true, "susceptibility_probability": null, "susceptibility_class_num": 1.0, "susceptibility_class_name": "Very Low (0-20%)" }, "geometry": { "type": "Point", "coordinates": [ 95.4993, 26.9986 ] } },
{ "type": "Feature", "properties": { "event_id": "NASA_GLC_9428", "source": "NASA_GLC", "event_title": "Thongleng village, Lumla, Tawang, Arunachal Pradesh, India", "event_date": "04/22/2016 09:30:00 PM", "state": "nan", "location_description": "Thongleng village, Lumla, Tawang, Arunachal Pradesh, India", "latitude": 27.5523, "longitude": 91.752, "landslide_category": "landslide", "landslide_trigger": "continuous_rain", "fatalities": 2, "injuries": 4, "inside_ne_polygon": true, "susceptibility_probability": null, "susceptibility_class_num": 5.0, "susceptibility_class_name": "Very High (80-100%)" }, "geometry": { "type": "Point", "coordinates": [ 91.752, 27.5523 ] } },
{ "type": "Feature", "properties": { "event_id": "NASA_GLC_3916", "source": "NASA_GLC", "event_title": "Chumukedima, Dimapur", "event_date": "08/13/2011 08:00:00 AM", "state": "Assam", "location_description": "Chumukedima, Dimapur", "latitude": 25.7713, "longitude": 93.8067, "landslide_category": "mudslide", "landslide_trigger": "downpour", "fatalities": 0, "injuries": 0, "inside_ne_polygon": true, "susceptibility_probability": null, "susceptibility_class_num": 1.0, "susceptibility_class_name": "Very Low (0-20%)" }, "geometry": { "type": "Point", "coordinates": [ 93.8067, 25.7713 ] } },
{ "type": "Feature", "properties": { "event_id": "NASA_GLC_7034", "source": "NASA_GLC", "event_title": "Lava, Kalimpong", "event_date": "06/30/2015 12:00:00 AM", "state": "West Bengal", "location_description": "Lava, Kalimpong", "latitude": 27.0875, "longitude": 88.6556, "landslide_category": "landslide", "landslide_trigger": "downpour", "fatalities": 1, "injuries": 0, "inside_ne_polygon": false, "susceptibility_probability": null, "susceptibility_class_num": null, "susceptibility_class_name": "Unclassified" }, "geometry": { "type": "Point", "coordinates": [ 88.6556, 27.0875 ] } },
{ "type": "Feature", "properties": { "event_id": "NASA_GLC_7298", "source": "NASA_GLC", "event_title": "Surson Rd, Chittagong", "event_date": "07/27/2015 12:00:00 AM", "state": "Chittagong", "location_description": "Surson Rd, Chittagong", "latitude": 22.3513, "longitude": 91.8295, "landslide_category": "landslide", "landslide_trigger": "continuous_rain", "fatalities": 0, "injuries": 0, "inside_ne_polygon": false, "susceptibility_probability": null, "susceptibility_class_num": null, "susceptibility_class_name": "Unclassified" }, "geometry": { "type": "Point", "coordinates": [ 91.8295, 22.3513 ] } },
{ "type": "Feature", "properties": { "event_id": "NASA_GLC_5250", "source": "NASA_GLC", "event_title": "Polo River At Polosang, Arunachal Pradesh", "event_date": "08-01-2013 00:00", "state": "Arunachal Pradesh", "location_description": "Polo River At Polosang, Arunachal Pradesh", "latitude": 27.8837, "longitude": 93.0515, "landslide_category": "mudslide", "landslide_trigger": "rain", "fatalities": 0, "injuries": 0, "inside_ne_polygon": true, "susceptibility_probability": null, "susceptibility_class_num": 5.0, "susceptibility_class_name": "Very High (80-100%)" }, "geometry": { "type": "Point", "coordinates": [ 93.0515, 27.8837 ] } },
{ "type": "Feature", "properties": { "event_id": "NASA_GLC_3805", "source": "NASA_GLC", "event_title": "200 meters from Teesta Bridge towards Siliguri", "event_date": "07/19/2011 12:00:00 AM", "state": "Sikkim", "location_description": "200 meters from Teesta Bridge towards Siliguri", "latitude": 27.05374234, "longitude": 88.42572376, "landslide_category": "landslide", "landslide_trigger": "rain", "fatalities": 0, "injuries": 0, "inside_ne_polygon": false, "susceptibility_probability": null, "susceptibility_class_num": null, "susceptibility_class_name": "Unclassified" }, "geometry": { "type": "Point", "coordinates": [ 88.42572376, 27.05374234 ] } },
{ "type": "Feature", "properties": { "event_id": "NASA_GLC_3738", "source": "NASA_GLC", "event_title": "National Highway 53, Sinam Khul (near Kotlen; ~25 km from Imphal)", "event_date": "07-06-2011 00:00", "state": "Manipur", "location_description": "National Highway 53, Sinam Khul (near Kotlen; ~25 km from Imphal)", "latitude": 24.8063, "longitude": 93.9482, "landslide_category": "landslide", "landslide_trigger": "downpour", "fatalities": 6, "injuries": 0, "inside_ne_polygon": true, "susceptibility_probability": 0.1349, "susceptibility_class_num": 1.0, "susceptibility_class_name": "Very Low (0-20%)" }, "geometry": { "type": "Point", "coordinates": [ 93.9482, 24.8063 ] } },
{ "type": "Feature", "properties": { "event_id": "NASA_GLC_2426", "source": "NASA_GLC", "event_title": "Hual(Hu) village(?), Lunglei-Lawngtlai rd, Mizoram", "event_date": "09/13/2010 12:00:00 AM", "state": "Mizoram", "location_description": "Hual(Hu) village(?), Lunglei-Lawngtlai rd, Mizoram", "latitude": 22.7176, "longitude": 92.8416, "landslide_category": "landslide", "landslide_trigger": "downpour", "fatalities": 0, "injuries": 0, "inside_ne_polygon": true, "susceptibility_probability": null, "susceptibility_class_num": 2.0, "susceptibility_class_name": "Low (20-40%)" }, "geometry": { "type": "Point", "coordinates": [ 92.8416, 22.7176 ] } },
{ "type": "Feature", "properties": { "event_id": "NASA_GLC_1084", "source": "NASA_GLC", "event_title": "Upper Subansiri District, Arunanchal Pradesh", "event_date": "08-12-2009 00:00", "state": "Arunāchal Pradesh", "location_description": "Upper Subansiri District, Arunanchal Pradesh", "latitude": 27.7, "longitude": 92.8, "landslide_category": "landslide", "landslide_trigger": "downpour", "fatalities": 0, "injuries": 0, "inside_ne_polygon": true, "susceptibility_probability": null, "susceptibility_class_num": 4.0, "susceptibility_class_name": "High (60-80%)" }, "geometry": { "type": "Point", "coordinates": [ 92.8, 27.7 ] } },
{ "type": "Feature", "properties": { "event_id": "NASA_GLC_7266", "source": "NASA_GLC", "event_title": "Yangkhullen-Tamphung road till Nagaland border", "event_date": "07/22/2015 12:00:00 AM", "state": "Manipur", "location_description": "Yangkhullen-Tamphung road till Nagaland border", "latitude": 25.5098, "longitude": 93.8794, "landslide_category": "landslide", "landslide_trigger": "continuous_rain", "fatalities": 0, "injuries": 0, "inside_ne_polygon": true, "susceptibility_probability": null, "susceptibility_class_num": 4.0, "susceptibility_class_name": "High (60-80%)" }, "geometry": { "type": "Point", "coordinates": [ 93.8794, 25.5098 ] } },
{ "type": "Feature", "properties": { "event_id": "NASA_GLC_1129", "source": "NASA_GLC", "event_title": "Road stretch from Gammom to Chamu village, under Kamjong block, Ukhrul district, Manipur", "event_date": "08/30/2009 12:00:00 AM", "state": "Manipur", "location_description": "Road stretch from Gammom to Chamu village, under Kamjong block, Ukhrul district, Manipur", "latitude": 24.8628, "longitude": 94.4182, "landslide_category": "landslide", "landslide_trigger": "downpour", "fatalities": 0, "injuries": 0, "inside_ne_polygon": true, "susceptibility_probability": null, "susceptibility_class_num": 2.0, "susceptibility_class_name": "Low (20-40%)" }, "geometry": { "type": "Point", "coordinates": [ 94.4182, 24.8628 ] } },
{ "type": "Feature", "properties": { "event_id": "NASA_GLC_253", "source": "NASA_GLC", "event_title": "Nabinagar in Chittagong", "event_date": "09-10-2007 00:00", "state": "Chittagong", "location_description": "Nabinagar in Chittagong", "latitude": 23.8917, "longitude": 90.9733, "landslide_category": "mudslide", "landslide_trigger": "rain", "fatalities": 2, "injuries": 0, "inside_ne_polygon": false, "susceptibility_probability": null, "susceptibility_class_num": null, "susceptibility_class_name": "Unclassified" }, "geometry": { "type": "Point", "coordinates": [ 90.9733, 23.8917 ] } },
{ "type": "Feature", "properties": { "event_id": "NASA_GLC_6930", "source": "NASA_GLC", "event_title": "beside the mine in Hpakant", "event_date": "03/30/2015 09:00:00 AM", "state": "Kachin", "location_description": "beside the mine in Hpakant", "latitude": 25.6115, "longitude": 96.2907, "landslide_category": "landslide", "landslide_trigger": "mining", "fatalities": 9, "injuries": 2, "inside_ne_polygon": false, "susceptibility_probability": null, "susceptibility_class_num": null, "susceptibility_class_name": "Unclassified" }, "geometry": { "type": "Point", "coordinates": [ 96.2907, 25.6115 ] } },
{ "type": "Feature", "properties": { "event_id": "NASA_GLC_2166", "source": "NASA_GLC", "event_title": "Highway 53 at Tupul, Tamenglong district", "event_date": "07/29/2010 12:00:00 AM", "state": "Assam", "location_description": "Highway 53 at Tupul, Tamenglong district", "latitude": 24.9786, "longitude": 93.5027, "landslide_category": "landslide", "landslide_trigger": "downpour", "fatalities": 0, "injuries": 0, "inside_ne_polygon": true, "susceptibility_probability": 0.9299, "susceptibility_class_num": 5.0, "susceptibility_class_name": "Very High (80-100%)" }, "geometry": { "type": "Point", "coordinates": [ 93.5027, 24.9786 ] } },
{ "type": "Feature", "properties": { "event_id": "NASA_GLC_1051", "source": "NASA_GLC", "event_title": "right bank of Phakant-Lonkhin road in Phakant, Myanmar's northern Kachin state", "event_date": "07-04-2009 00:00", "state": "Kachin", "location_description": "right bank of Phakant-Lonkhin road in Phakant, Myanmar's northern Kachin state", "latitude": 26.026, "longitude": 97.3715, "landslide_category": "landslide", "landslide_trigger": "downpour", "fatalities": 24, "injuries": 0, "inside_ne_polygon": false, "susceptibility_probability": null, "susceptibility_class_num": null, "susceptibility_class_name": "Unclassified" }, "geometry": { "type": "Point", "coordinates": [ 97.3715, 26.026 ] } },
{ "type": "Feature", "properties": { "event_id": "NASA_GLC_213", "source": "NASA_GLC", "event_title": "Shillong Road at Kuliang in the Jaintia Hills", "event_date": "08/26/2007 12:00:00 AM", "state": "Assam", "location_description": "Shillong Road at Kuliang in the Jaintia Hills", "latitude": 25.2946, "longitude": 92.8339, "landslide_category": "landslide", "landslide_trigger": "rain", "fatalities": 0, "injuries": 0, "inside_ne_polygon": true, "susceptibility_probability": 0.674, "susceptibility_class_num": 4.0, "susceptibility_class_name": "High (60-80%)" }, "geometry": { "type": "Point", "coordinates": [ 92.8339, 25.2946 ] } },
{ "type": "Feature", "properties": { "event_id": "NASA_GLC_4426", "source": "NASA_GLC", "event_title": "Lalunggaon near Gorchuk area", "event_date": "06/22/2012 12:00:00 AM", "state": "Assam", "location_description": "Lalunggaon near Gorchuk area", "latitude": 26.1226, "longitude": 91.7162, "landslide_category": "landslide", "landslide_trigger": "downpour", "fatalities": 3, "injuries": 0, "inside_ne_polygon": true, "susceptibility_probability": 0.2363, "susceptibility_class_num": 2.0, "susceptibility_class_name": "Low (20-40%)" }, "geometry": { "type": "Point", "coordinates": [ 91.7162, 26.1226 ] } },
{ "type": "Feature", "properties": { "event_id": "NASA_GLC_8366", "source": "NASA_GLC", "event_title": "Shillong, Meghalaya, India", "event_date": "09/23/2015 03:00:00 PM", "state": "Meghalaya", "location_description": "Shillong, Meghalaya, India", "latitude": 25.583, "longitude": 91.893, "landslide_category": "landslide", "landslide_trigger": "downpour", "fatalities": 2, "injuries": 1, "inside_ne_polygon": true, "susceptibility_probability": 0.9511, "susceptibility_class_num": 5.0, "susceptibility_class_name": "Very High (80-100%)" }, "geometry": { "type": "Point", "coordinates": [ 91.893, 25.583 ] } },
{ "type": "Feature", "properties": { "event_id": "NASA_GLC_1934", "source": "NASA_GLC", "event_title": "Rongpur village under Bhairabhnagar panchayat in Karimganj district", "event_date": "06-03-2010 05:00", "state": "Assam", "location_description": "Rongpur village under Bhairabhnagar panchayat in Karimganj district", "latitude": 24.6005, "longitude": 92.3814, "landslide_category": "landslide", "landslide_trigger": "downpour", "fatalities": 2, "injuries": 0, "inside_ne_polygon": true, "susceptibility_probability": null, "susceptibility_class_num": 2.0, "susceptibility_class_name": "Low (20-40%)" }, "geometry": { "type": "Point", "coordinates": [ 92.3814, 24.6005 ] } },
{ "type": "Feature", "properties": { "event_id": "NASA_GLC_7655", "source": "NASA_GLC", "event_title": "Tawang, Arunachal Pradesh", "event_date": "04/22/2016 02:30:00 AM", "state": "Arunachal Pradesh", "location_description": "Tawang, Arunachal Pradesh", "latitude": 27.5799, "longitude": 91.8569, "landslide_category": "landslide", "landslide_trigger": "continuous_rain", "fatalities": 17, "injuries": 0, "inside_ne_polygon": true, "susceptibility_probability": null, "susceptibility_class_num": 4.0, "susceptibility_class_name": "High (60-80%)" }, "geometry": { "type": "Point", "coordinates": [ 91.8569, 27.5799 ] } },
{ "type": "Feature", "properties": { "event_id": "NASA_GLC_9464", "source": "NASA_GLC", "event_title": "Babrang village under Jang circle in Tawang district", "event_date": "08-05-2016 00:00", "state": "Arunachal Pradesh", "location_description": "Babrang village under Jang circle in Tawang district", "latitude": 27.5754, "longitude": 91.9754, "landslide_category": "landslide", "landslide_trigger": "downpour", "fatalities": 0, "injuries": 3, "inside_ne_polygon": true, "susceptibility_probability": 0.7781, "susceptibility_class_num": 4.0, "susceptibility_class_name": "High (60-80%)" }, "geometry": { "type": "Point", "coordinates": [ 91.9754, 27.5754 ] } },
{ "type": "Feature", "properties": { "event_id": "NASA_GLC_3912", "source": "NASA_GLC", "event_title": "East Kameng district in Arunachal Pradesh bordering China", "event_date": "08-12-2011 00:00", "state": "Arunāchal Pradesh", "location_description": "East Kameng district in Arunachal Pradesh bordering China", "latitude": 27.44, "longitude": 92.2833, "landslide_category": "landslide", "landslide_trigger": "rain", "fatalities": 0, "injuries": 0, "inside_ne_polygon": true, "susceptibility_probability": 0.5509, "susceptibility_class_num": 3.0, "susceptibility_class_name": "Moderate (40-60%)" }, "geometry": { "type": "Point", "coordinates": [ 92.2833, 27.44 ] } },
{ "type": "Feature", "properties": { "event_id": "NASA_GLC_5272", "source": "NASA_GLC", "event_title": "Longsa, Nagaland", "event_date": "08-04-2013 00:00", "state": "Nāgāland", "location_description": "Longsa, Nagaland", "latitude": 26.2083, "longitude": 94.5438, "landslide_category": "landslide", "landslide_trigger": "monsoon", "fatalities": 0, "injuries": 0, "inside_ne_polygon": true, "susceptibility_probability": 0.9608, "susceptibility_class_num": 5.0, "susceptibility_class_name": "Very High (80-100%)" }, "geometry": { "type": "Point", "coordinates": [ 94.5438, 26.2083 ] } },
{ "type": "Feature", "properties": { "event_id": "NASA_GLC_580", "source": "NASA_GLC", "event_title": "near Kuloor church, in Manipur along National Highway", "event_date": "06-09-2008 00:00", "state": "Manipur", "location_description": "near Kuloor church, in Manipur along National Highway", "latitude": 24.6596, "longitude": 93.9784, "landslide_category": "landslide", "landslide_trigger": "monsoon", "fatalities": 0, "injuries": 0, "inside_ne_polygon": true, "susceptibility_probability": 0.0566, "susceptibility_class_num": 1.0, "susceptibility_class_name": "Very Low (0-20%)" }, "geometry": { "type": "Point", "coordinates": [ 93.9784, 24.6596 ] } },
{ "type": "Feature", "properties": { "event_id": "NASA_GLC_5575", "source": "NASA_GLC", "event_title": "Chiechama, Nagaland", "event_date": "10-05-2013 23:00", "state": "Nāgāland", "location_description": "Chiechama, Nagaland", "latitude": 25.8266, "longitude": 94.1497, "landslide_category": "mudslide", "landslide_trigger": "continuous_rain", "fatalities": 0, "injuries": 0, "inside_ne_polygon": true, "susceptibility_probability": 0.8789, "susceptibility_class_num": 5.0, "susceptibility_class_name": "Very High (80-100%)" }, "geometry": { "type": "Point", "coordinates": [ 94.1497, 25.8266 ] } },
{ "type": "Feature", "properties": { "event_id": "NASA_GLC_8996", "source": "NASA_GLC", "event_title": "Pub Sarania hill, South Sarania, Guwahati, Assam, India", "event_date": "07/14/2016 12:00:00 AM", "state": "Assam", "location_description": "Pub Sarania hill, South Sarania, Guwahati, Assam, India", "latitude": 26.1768, "longitude": 91.7702, "landslide_category": "landslide", "landslide_trigger": "monsoon", "fatalities": 1, "injuries": 0, "inside_ne_polygon": true, "susceptibility_probability": 0.4469, "susceptibility_class_num": 3.0, "susceptibility_class_name": "Moderate (40-60%)" }, "geometry": { "type": "Point", "coordinates": [ 91.7702, 26.1768 ] } },
{ "type": "Feature", "properties": { "event_id": "NASA_GLC_1613", "source": "NASA_GLC", "event_title": "Koloriang, Kuring Kumey district, Arunachal Pradesh", "event_date": "04-02-2010 23:00", "state": "Arunāchal Pradesh", "location_description": "Koloriang, Kuring Kumey district, Arunachal Pradesh", "latitude": 27.8997, "longitude": 93.3497, "landslide_category": "mudslide", "landslide_trigger": "downpour", "fatalities": 12, "injuries": 0, "inside_ne_polygon": true, "susceptibility_probability": null, "susceptibility_class_num": 5.0, "susceptibility_class_name": "Very High (80-100%)" }, "geometry": { "type": "Point", "coordinates": [ 93.3497, 27.8997 ] } },
{ "type": "Feature", "properties": { "event_id": "NASA_GLC_7138", "source": "NASA_GLC", "event_title": "NH-10, Sepi Jhora, Kalimpong", "event_date": "07-07-2015 00:00", "state": "Sikkim", "location_description": "NH-10, Sepi Jhora, Kalimpong", "latitude": 27.0816, "longitude": 88.4397, "landslide_category": "landslide", "landslide_trigger": "continuous_rain", "fatalities": 0, "injuries": 0, "inside_ne_polygon": true, "susceptibility_probability": 0.9525, "susceptibility_class_num": 5.0, "susceptibility_class_name": "Very High (80-100%)" }, "geometry": { "type": "Point", "coordinates": [ 88.4397, 27.0816 ] } },
{ "type": "Feature", "properties": { "event_id": "NASA_GLC_2084", "source": "NASA_GLC", "event_title": "road between Hsaidaung(?) and Hpakant, Kachin", "event_date": "07/15/2010 12:00:00 AM", "state": "Kachin", "location_description": "road between Hsaidaung(?) and Hpakant, Kachin", "latitude": 25.6167, "longitude": 96.3167, "landslide_category": "landslide", "landslide_trigger": "downpour", "fatalities": 0, "injuries": 0, "inside_ne_polygon": false, "susceptibility_probability": null, "susceptibility_class_num": null, "susceptibility_class_name": "Unclassified" }, "geometry": { "type": "Point", "coordinates": [ 96.3167, 25.6167 ] } },
{ "type": "Feature", "properties": { "event_id": "NASA_GLC_4857", "source": "NASA_GLC", "event_title": "Laipuitland , Aizawl, Mizoram", "event_date": "05-11-2013 09:00", "state": "Mizoram", "location_description": "Laipuitland , Aizawl, Mizoram", "latitude": 23.7281, "longitude": 92.7175, "landslide_category": "landslide", "landslide_trigger": "rain", "fatalities": 15, "injuries": 0, "inside_ne_polygon": true, "susceptibility_probability": 0.9182, "susceptibility_class_num": 5.0, "susceptibility_class_name": "Very High (80-100%)" }, "geometry": { "type": "Point", "coordinates": [ 92.7175, 23.7281 ] } },
{ "type": "Feature", "properties": { "event_id": "NASA_GLC_6945", "source": "NASA_GLC", "event_title": "amei to Kangpokpi via Imphal road, 0.5 km from Tamei, Tamenglang District", "event_date": "06/19/2015 12:00:00 AM", "state": "Manipur", "location_description": "amei to Kangpokpi via Imphal road, 0.5 km from Tamei, Tamenglang District", "latitude": 25.16, "longitude": 93.686, "landslide_category": "landslide", "landslide_trigger": "monsoon", "fatalities": 0, "injuries": 0, "inside_ne_polygon": true, "susceptibility_probability": null, "susceptibility_class_num": 5.0, "susceptibility_class_name": "Very High (80-100%)" }, "geometry": { "type": "Point", "coordinates": [ 93.686, 25.16 ] } },
{ "type": "Feature", "properties": { "event_id": "NASA_GLC_1857", "source": "NASA_GLC", "event_title": "National highway 44 at Sunapur and Tongseng in Jaintia Hills district, eastern Meghalaya", "event_date": "05-11-2010 09:00", "state": "Meghālaya", "location_description": "National highway 44 at Sunapur and Tongseng in Jaintia Hills district, eastern Meghalaya", "latitude": 25.3433, "longitude": 92.2897, "landslide_category": "landslide", "landslide_trigger": "downpour", "fatalities": 0, "injuries": 0, "inside_ne_polygon": true, "susceptibility_probability": null, "susceptibility_class_num": 1.0, "susceptibility_class_name": "Very Low (0-20%)" }, "geometry": { "type": "Point", "coordinates": [ 92.2897, 25.3433 ] } },
{ "type": "Feature", "properties": { "event_id": "NASA_GLC_2743", "source": "NASA_GLC", "event_title": "Tawang Monastery, Arunachal Pradesh", "event_date": "11/22/2010 12:00:00 AM", "state": "Arunāchal Pradesh", "location_description": "Tawang Monastery, Arunachal Pradesh", "latitude": 27.5798729, "longitude": 91.85672387, "landslide_category": "landslide", "landslide_trigger": "unknown", "fatalities": 0, "injuries": 0, "inside_ne_polygon": true, "susceptibility_probability": 0.6553, "susceptibility_class_num": 4.0, "susceptibility_class_name": "High (60-80%)" }, "geometry": { "type": "Point", "coordinates": [ 91.85672387, 27.5798729 ] } },
{ "type": "Feature", "properties": { "event_id": "NASA_GLC_4860", "source": "NASA_GLC", "event_title": "Boragaon, North Guwahati, Guwahati, Assam,", "event_date": "05-11-2013 00:00", "state": "Assam", "location_description": "Boragaon, North Guwahati, Guwahati, Assam,", "latitude": 26.1016, "longitude": 91.6906, "landslide_category": "landslide", "landslide_trigger": "rain", "fatalities": 0, "injuries": 0, "inside_ne_polygon": true, "susceptibility_probability": 0.0878, "susceptibility_class_num": 1.0, "susceptibility_class_name": "Very Low (0-20%)" }, "geometry": { "type": "Point", "coordinates": [ 91.6906, 26.1016 ] } },
{ "type": "Feature", "properties": { "event_id": "NASA_GLC_4845", "source": "NASA_GLC", "event_title": "Kolasib, Saiha, Mizoram,", "event_date": "05-07-2013 00:00", "state": "Mizoram", "location_description": "Kolasib, Saiha, Mizoram,", "latitude": 24.2315, "longitude": 92.6755, "landslide_category": "mudslide", "landslide_trigger": "rain", "fatalities": 0, "injuries": 0, "inside_ne_polygon": true, "susceptibility_probability": null, "susceptibility_class_num": 3.0, "susceptibility_class_name": "Moderate (40-60%)" }, "geometry": { "type": "Point", "coordinates": [ 92.6755, 24.2315 ] } },
{ "type": "Feature", "properties": { "event_id": "NASA_GLC_7363", "source": "NASA_GLC", "event_title": "Limbu Dhura, Tingling", "event_date": "06/30/2015 11:00:00 PM", "state": "West Bengal", "location_description": "Limbu Dhura, Tingling", "latitude": 26.8843, "longitude": 88.1835, "landslide_category": "landslide", "landslide_trigger": "downpour", "fatalities": 19, "injuries": 0, "inside_ne_polygon": false, "susceptibility_probability": null, "susceptibility_class_num": null, "susceptibility_class_name": "Unclassified" }, "geometry": { "type": "Point", "coordinates": [ 88.1835, 26.8843 ] } },
{ "type": "Feature", "properties": { "event_id": "NASA_GLC_1770", "source": "NASA_GLC", "event_title": "Kharghuli, Guwahati, Assam", "event_date": "04/20/2010 12:00:00 AM", "state": "Assam", "location_description": "Kharghuli, Guwahati, Assam", "latitude": 26.1965, "longitude": 91.763, "landslide_category": "landslide", "landslide_trigger": "downpour", "fatalities": 0, "injuries": 0, "inside_ne_polygon": true, "susceptibility_probability": 0.0615, "susceptibility_class_num": 1.0, "susceptibility_class_name": "Very Low (0-20%)" }, "geometry": { "type": "Point", "coordinates": [ 91.763, 26.1965 ] } },
{ "type": "Feature", "properties": { "event_id": "NASA_GLC_7314", "source": "NASA_GLC", "event_title": "Kale valley", "event_date": "08-01-2015 00:00", "state": "Chin", "location_description": "Kale valley", "latitude": 23.7736, "longitude": 94.1201, "landslide_category": "landslide", "landslide_trigger": "rain", "fatalities": 0, "injuries": 0, "inside_ne_polygon": false, "susceptibility_probability": null, "susceptibility_class_num": null, "susceptibility_class_name": "Unclassified" }, "geometry": { "type": "Point", "coordinates": [ 94.1201, 23.7736 ] } },
{ "type": "Feature", "properties": { "event_id": "NASA_GLC_7728", "source": "NASA_GLC", "event_title": "Natonal Highway in Jorabat area", "event_date": "08/22/2015 09:00:00 AM", "state": "Assam", "location_description": "Natonal Highway in Jorabat area", "latitude": 26.1028, "longitude": 91.8806, "landslide_category": "landslide", "landslide_trigger": "continuous_rain", "fatalities": 0, "injuries": 0, "inside_ne_polygon": true, "susceptibility_probability": 0.364, "susceptibility_class_num": 2.0, "susceptibility_class_name": "Low (20-40%)" }, "geometry": { "type": "Point", "coordinates": [ 91.8806, 26.1028 ] } },
{ "type": "Feature", "properties": { "event_id": "NASA_GLC_10024", "source": "NASA_GLC", "event_title": "Landslide on road near Ghokuto village, Nagaland", "event_date": "06/25/2017 01:10:00 PM", "state": "nan", "location_description": "Ghokuto, Nagaland", "latitude": 25.83762589, "longitude": 93.94633448, "landslide_category": "mudslide", "landslide_trigger": "continuous_rain", "fatalities": 0, "injuries": 0, "inside_ne_polygon": true, "susceptibility_probability": 0.0262, "susceptibility_class_num": 1.0, "susceptibility_class_name": "Very Low (0-20%)" }, "geometry": { "type": "Point", "coordinates": [ 93.94633448, 25.83762589 ] } },
{ "type": "Feature", "properties": { "event_id": "NASA_GLC_5274", "source": "NASA_GLC", "event_title": "Suruhuto Town, Nagaland", "event_date": "08-04-2013 00:00", "state": "Nāgāland", "location_description": "Suruhuto Town, Nagaland", "latitude": 26.0838, "longitude": 94.564, "landslide_category": "landslide", "landslide_trigger": "rain", "fatalities": 0, "injuries": 0, "inside_ne_polygon": true, "susceptibility_probability": null, "susceptibility_class_num": 5.0, "susceptibility_class_name": "Very High (80-100%)" }, "geometry": { "type": "Point", "coordinates": [ 94.564, 26.0838 ] } },
{ "type": "Feature", "properties": { "event_id": "NASA_GLC_7836", "source": "NASA_GLC", "event_title": "National Highway 54, at Kawnpui town", "event_date": "08/27/2015 12:00:00 AM", "state": "Mizoram", "location_description": "National Highway 54, at Kawnpui town", "latitude": 24.042, "longitude": 92.6724, "landslide_category": "landslide", "landslide_trigger": "downpour", "fatalities": 0, "injuries": 0, "inside_ne_polygon": true, "susceptibility_probability": null, "susceptibility_class_num": 5.0, "susceptibility_class_name": "Very High (80-100%)" }, "geometry": { "type": "Point", "coordinates": [ 92.6724, 24.042 ] } },
{ "type": "Feature", "properties": { "event_id": "NASA_GLC_3776", "source": "NASA_GLC", "event_title": "Itanagar/Naharlagur/Nirjuli", "event_date": "07/15/2011 06:00:00 PM", "state": "Arunāchal Pradesh", "location_description": "Itanagar/Naharlagur/Nirjuli", "latitude": 27.125, "longitude": 93.7145, "landslide_category": "landslide", "landslide_trigger": "downpour", "fatalities": 0, "injuries": 0, "inside_ne_polygon": true, "susceptibility_probability": 0.0222, "susceptibility_class_num": 1.0, "susceptibility_class_name": "Very Low (0-20%)" }, "geometry": { "type": "Point", "coordinates": [ 93.7145, 27.125 ] } },
{ "type": "Feature", "properties": { "event_id": "NASA_GLC_4798", "source": "NASA_GLC", "event_title": "Dibang Valley, Arunachal Pradesh", "event_date": "04-07-2013 00:00", "state": "Arunachal Pradesh", "location_description": "Dibang Valley, Arunachal Pradesh", "latitude": 28.8254, "longitude": 96.1509, "landslide_category": "landslide", "landslide_trigger": "rain", "fatalities": 0, "injuries": 0, "inside_ne_polygon": true, "susceptibility_probability": null, "susceptibility_class_num": 5.0, "susceptibility_class_name": "Very High (80-100%)" }, "geometry": { "type": "Point", "coordinates": [ 96.1509, 28.8254 ] } },
{ "type": "Feature", "properties": { "event_id": "NASA_GLC_7388", "source": "NASA_GLC", "event_title": "Senam", "event_date": "08-01-2015 00:00", "state": "Manipur", "location_description": "Senam", "latitude": 24.416, "longitude": 94.0984, "landslide_category": "landslide", "landslide_trigger": "continuous_rain", "fatalities": 0, "injuries": 0, "inside_ne_polygon": true, "susceptibility_probability": null, "susceptibility_class_num": 5.0, "susceptibility_class_name": "Very High (80-100%)" }, "geometry": { "type": "Point", "coordinates": [ 94.0984, 24.416 ] } },
{ "type": "Feature", "properties": { "event_id": "NASA_GLC_5421", "source": "NASA_GLC", "event_title": "Yakshu, Nagaland", "event_date": "08/30/2013 12:00:00 AM", "state": "Nāgāland", "location_description": "Yakshu, Nagaland", "latitude": 26.4205, "longitude": 94.9731, "landslide_category": "mudslide", "landslide_trigger": "unknown", "fatalities": 0, "injuries": 0, "inside_ne_polygon": true, "susceptibility_probability": 0.545, "susceptibility_class_num": 3.0, "susceptibility_class_name": "Moderate (40-60%)" }, "geometry": { "type": "Point", "coordinates": [ 94.9731, 26.4205 ] } },
{ "type": "Feature", "properties": { "event_id": "NASA_GLC_2343", "source": "NASA_GLC", "event_title": "NH-39 at Ekai village(?), 2 km for Tadubi, Manipur", "event_date": "08/27/2010 04:30:00 PM", "state": "Nāgāland", "location_description": "NH-39 at Ekai village(?), 2 km for Tadubi, Manipur", "latitude": 25.4786, "longitude": 94.1327, "landslide_category": "landslide", "landslide_trigger": "downpour", "fatalities": 0, "injuries": 0, "inside_ne_polygon": true, "susceptibility_probability": 0.9582, "susceptibility_class_num": 5.0, "susceptibility_class_name": "Very High (80-100%)" }, "geometry": { "type": "Point", "coordinates": [ 94.1327, 25.4786 ] } },
{ "type": "Feature", "properties": { "event_id": "NASA_GLC_3619", "source": "NASA_GLC", "event_title": "National HWY 31A, Birik (cut off Sikkim)", "event_date": "06/17/2011 07:30:00 PM", "state": "nan", "location_description": "National HWY 31A, Birik (cut off Sikkim)", "latitude": 27.4885, "longitude": 88.4451, "landslide_category": "mudslide", "landslide_trigger": "rain", "fatalities": 0, "injuries": 0, "inside_ne_polygon": true, "susceptibility_probability": 0.9581, "susceptibility_class_num": 5.0, "susceptibility_class_name": "Very High (80-100%)" }, "geometry": { "type": "Point", "coordinates": [ 88.4451, 27.4885 ] } },
{ "type": "Feature", "properties": { "event_id": "NASA_GLC_3683", "source": "NASA_GLC", "event_title": "NH-61 between Botsa and Chiechama", "event_date": "07-01-2011 00:00", "state": "Nāgāland", "location_description": "NH-61 between Botsa and Chiechama", "latitude": 25.8782, "longitude": 94.1739, "landslide_category": "landslide", "landslide_trigger": "downpour", "fatalities": 0, "injuries": 0, "inside_ne_polygon": true, "susceptibility_probability": 0.6909, "susceptibility_class_num": 4.0, "susceptibility_class_name": "High (60-80%)" }, "geometry": { "type": "Point", "coordinates": [ 94.1739, 25.8782 ] } },
{ "type": "Feature", "properties": { "event_id": "NASA_GLC_9619", "source": "NASA_GLC", "event_title": "Namchi", "event_date": "10/15/2016 12:00:00 AM", "state": "Sikkim", "location_description": "Namchi", "latitude": 27.1695, "longitude": 88.3664, "landslide_category": "landslide", "landslide_trigger": "rain", "fatalities": 0, "injuries": 0, "inside_ne_polygon": true, "susceptibility_probability": null, "susceptibility_class_num": 5.0, "susceptibility_class_name": "Very High (80-100%)" }, "geometry": { "type": "Point", "coordinates": [ 88.3664, 27.1695 ] } },
{ "type": "Feature", "properties": { "event_id": "NASA_GLC_7591", "source": "NASA_GLC", "event_title": "Ratacherra", "event_date": "03/19/2015 12:00:00 AM", "state": "Assam", "location_description": "Ratacherra", "latitude": 25.0318, "longitude": 92.4584, "landslide_category": "landslide", "landslide_trigger": "rain", "fatalities": 0, "injuries": 0, "inside_ne_polygon": true, "susceptibility_probability": null, "susceptibility_class_num": 4.0, "susceptibility_class_name": "High (60-80%)" }, "geometry": { "type": "Point", "coordinates": [ 92.4584, 25.0318 ] } },
{ "type": "Feature", "properties": { "event_id": "NASA_GLC_5441", "source": "NASA_GLC", "event_title": "Gosang Village Under Jengging Circle, Arunachal Pradesh", "event_date": "09-02-2013 00:00", "state": "Arunāchal Pradesh", "location_description": "Gosang Village Under Jengging Circle, Arunachal Pradesh", "latitude": 28.611, "longitude": 94.9829, "landslide_category": "landslide", "landslide_trigger": "downpour", "fatalities": 0, "injuries": 0, "inside_ne_polygon": true, "susceptibility_probability": null, "susceptibility_class_num": 4.0, "susceptibility_class_name": "High (60-80%)" }, "geometry": { "type": "Point", "coordinates": [ 94.9829, 28.611 ] } },
{ "type": "Feature", "properties": { "event_id": "NASA_GLC_9232", "source": "NASA_GLC", "event_title": "Ngur, near Mizoram-Myanmar border, India", "event_date": "07/28/2016 11:00:00 PM", "state": "Mizoram", "location_description": "Ngur, near Mizoram-Myanmar border, India", "latitude": 23.5397, "longitude": 93.3783, "landslide_category": "landslide", "landslide_trigger": "continuous_rain", "fatalities": 2, "injuries": 6, "inside_ne_polygon": true, "susceptibility_probability": null, "susceptibility_class_num": 5.0, "susceptibility_class_name": "Very High (80-100%)" }, "geometry": { "type": "Point", "coordinates": [ 93.3783, 23.5397 ] } },
{ "type": "Feature", "properties": { "event_id": "NASA_GLC_4434", "source": "NASA_GLC", "event_title": "Sonaighuli area near Kahilipara, Guwahati City, Assam", "event_date": "06/25/2012 06:00:00 PM", "state": "Assam", "location_description": "Sonaighuli area near Kahilipara, Guwahati City, Assam", "latitude": 26.1049, "longitude": 91.7369, "landslide_category": "landslide", "landslide_trigger": "downpour", "fatalities": 1, "injuries": 0, "inside_ne_polygon": true, "susceptibility_probability": 0.0073, "susceptibility_class_num": 1.0, "susceptibility_class_name": "Very Low (0-20%)" }, "geometry": { "type": "Point", "coordinates": [ 91.7369, 26.1049 ] } },
{ "type": "Feature", "properties": { "event_id": "NASA_GLC_1090", "source": "NASA_GLC", "event_title": "Malutar tea estate, Darjeeling, West Bengal", "event_date": "08/16/2009 12:00:00 AM", "state": "Bengal", "location_description": "Malutar tea estate, Darjeeling, West Bengal", "latitude": 26.9599, "longitude": 88.268, "landslide_category": "landslide", "landslide_trigger": "downpour", "fatalities": 2, "injuries": 0, "inside_ne_polygon": false, "susceptibility_probability": null, "susceptibility_class_num": null, "susceptibility_class_name": "Unclassified" }, "geometry": { "type": "Point", "coordinates": [ 88.268, 26.9599 ] } },
{ "type": "Feature", "properties": { "event_id": "NASA_GLC_4378", "source": "NASA_GLC", "event_title": "Arunachal Pradesh, Dibang,", "event_date": "06-02-2012 00:00", "state": "Arunachal Pradesh", "location_description": "Arunachal Pradesh, Dibang,", "latitude": 28.8254, "longitude": 96.1517, "landslide_category": "landslide", "landslide_trigger": "downpour", "fatalities": 0, "injuries": 0, "inside_ne_polygon": true, "susceptibility_probability": null, "susceptibility_class_num": 5.0, "susceptibility_class_name": "Very High (80-100%)" }, "geometry": { "type": "Point", "coordinates": [ 96.1517, 28.8254 ] } },
{ "type": "Feature", "properties": { "event_id": "NASA_GLC_7214", "source": "NASA_GLC", "event_title": "Type-IV Colony of Seppa in East Kameng", "event_date": "07/15/2015 08:00:00 AM", "state": "Arunachal Pradesh", "location_description": "Type-IV Colony of Seppa in East Kameng", "latitude": 27.36, "longitude": 93.0385, "landslide_category": "landslide", "landslide_trigger": "monsoon", "fatalities": 3, "injuries": 0, "inside_ne_polygon": true, "susceptibility_probability": null, "susceptibility_class_num": 3.0, "susceptibility_class_name": "Moderate (40-60%)" }, "geometry": { "type": "Point", "coordinates": [ 93.0385, 27.36 ] } },
{ "type": "Feature", "properties": { "event_id": "NASA_GLC_5582", "source": "NASA_GLC", "event_title": "Batahguli, Guwahati, Assam", "event_date": "10-06-2013 12:45", "state": "Assam", "location_description": "Batahguli, Guwahati, Assam", "latitude": 26.1309, "longitude": 91.8383, "landslide_category": "landslide", "landslide_trigger": "downpour", "fatalities": 1, "injuries": 0, "inside_ne_polygon": true, "susceptibility_probability": 0.1709, "susceptibility_class_num": 1.0, "susceptibility_class_name": "Very Low (0-20%)" }, "geometry": { "type": "Point", "coordinates": [ 91.8383, 26.1309 ] } },
{ "type": "Feature", "properties": { "event_id": "NASA_GLC_2405", "source": "NASA_GLC", "event_title": "Mossing(Mosing) village(?), Upper Siang district, Arunachal Pradesh", "event_date": "09-09-2010 23:00", "state": "Arunāchal Pradesh", "location_description": "Mossing(Mosing) village(?), Upper Siang district, Arunachal Pradesh", "latitude": 28.3036, "longitude": 95.4112, "landslide_category": "landslide", "landslide_trigger": "downpour", "fatalities": 10, "injuries": 0, "inside_ne_polygon": true, "susceptibility_probability": null, "susceptibility_class_num": 5.0, "susceptibility_class_name": "Very High (80-100%)" }, "geometry": { "type": "Point", "coordinates": [ 95.4112, 28.3036 ] } },
{ "type": "Feature", "properties": { "event_id": "NASA_GLC_3556", "source": "NASA_GLC", "event_title": "Roads between Tamei(Tamma?), Kangpokpi and Chalwa, Manipur", "event_date": "05/31/2011 02:00:00 PM", "state": "Manipur", "location_description": "Roads between Tamei(Tamma?), Kangpokpi and Chalwa, Manipur", "latitude": 25.1555, "longitude": 93.8474, "landslide_category": "landslide", "landslide_trigger": "continuous_rain", "fatalities": 0, "injuries": 0, "inside_ne_polygon": true, "susceptibility_probability": null, "susceptibility_class_num": 4.0, "susceptibility_class_name": "High (60-80%)" }, "geometry": { "type": "Point", "coordinates": [ 93.8474, 25.1555 ] } },
{ "type": "Feature", "properties": { "event_id": "NASA_GLC_2569", "source": "NASA_GLC", "event_title": "Bungte Chiru village(?), Senapati district, Manipur", "event_date": "10-08-2010 00:00", "state": "Nāgāland", "location_description": "Bungte Chiru village(?), Senapati district, Manipur", "latitude": 25.2745, "longitude": 94.0212, "landslide_category": "landslide", "landslide_trigger": "downpour", "fatalities": 0, "injuries": 0, "inside_ne_polygon": true, "susceptibility_probability": 0.8556, "susceptibility_class_num": 5.0, "susceptibility_class_name": "Very High (80-100%)" }, "geometry": { "type": "Point", "coordinates": [ 94.0212, 25.2745 ] } },
{ "type": "Feature", "properties": { "event_id": "NASA_GLC_2423", "source": "NASA_GLC", "event_title": "road to Kanan Veng from Hunthar Veng, Mizoram", "event_date": "09/13/2010 12:00:00 AM", "state": "Mizoram", "location_description": "road to Kanan Veng from Hunthar Veng, Mizoram", "latitude": 23.73504471, "longitude": 92.71060943000001, "landslide_category": "landslide", "landslide_trigger": "downpour", "fatalities": 0, "injuries": 0, "inside_ne_polygon": true, "susceptibility_probability": 0.9634, "susceptibility_class_num": 5.0, "susceptibility_class_name": "Very High (80-100%)" }, "geometry": { "type": "Point", "coordinates": [ 92.71060943, 23.73504471 ] } },
{ "type": "Feature", "properties": { "event_id": "NASA_GLC_3532", "source": "NASA_GLC", "event_title": "Silchar-Haflong rd., at Reko(Rekha )(?), near Harangajao, Barail Hills, Assam", "event_date": "05/24/2011 12:00:00 AM", "state": "Assam", "location_description": "Silchar-Haflong rd., at Reko(Rekha )(?), near Harangajao, Barail Hills, Assam", "latitude": 25.0888, "longitude": 92.8551, "landslide_category": "complex", "landslide_trigger": "downpour", "fatalities": 0, "injuries": 0, "inside_ne_polygon": true, "susceptibility_probability": null, "susceptibility_class_num": 1.0, "susceptibility_class_name": "Very Low (0-20%)" }, "geometry": { "type": "Point", "coordinates": [ 92.8551, 25.0888 ] } },
{ "type": "Feature", "properties": { "event_id": "NASA_GLC_2345", "source": "NASA_GLC", "event_title": "Daragaon(?), Gangtok city, Sikkim", "event_date": "08/27/2010 06:00:00 PM", "state": "Sikkim", "location_description": "Daragaon(?), Gangtok city, Sikkim", "latitude": 27.3392, "longitude": 88.6188, "landslide_category": "landslide", "landslide_trigger": "downpour", "fatalities": 0, "injuries": 0, "inside_ne_polygon": true, "susceptibility_probability": 0.9846, "susceptibility_class_num": 5.0, "susceptibility_class_name": "Very High (80-100%)" }, "geometry": { "type": "Point", "coordinates": [ 88.6188, 27.3392 ] } },
{ "type": "Feature", "properties": { "event_id": "NASA_GLC_7956", "source": "NASA_GLC", "event_title": "Byrnihat", "event_date": "09-05-2015 00:00", "state": "Meghalaya", "location_description": "Byrnihat", "latitude": 26.048, "longitude": 91.8695, "landslide_category": "landslide", "landslide_trigger": "unknown", "fatalities": 0, "injuries": 0, "inside_ne_polygon": true, "susceptibility_probability": 0.0295, "susceptibility_class_num": 1.0, "susceptibility_class_name": "Very Low (0-20%)" }, "geometry": { "type": "Point", "coordinates": [ 91.8695, 26.048 ] } },
{ "type": "Feature", "properties": { "event_id": "NASA_GLC_2425", "source": "NASA_GLC", "event_title": "near Tuichang(?) on Tuichang river, Aizawl-Champhai rd, Mizoram", "event_date": "09/13/2010 12:00:00 AM", "state": "Mizoram", "location_description": "near Tuichang(?) on Tuichang river, Aizawl-Champhai rd, Mizoram", "latitude": 23.3439, "longitude": 93.0748, "landslide_category": "landslide", "landslide_trigger": "downpour", "fatalities": 0, "injuries": 0, "inside_ne_polygon": true, "susceptibility_probability": null, "susceptibility_class_num": 5.0, "susceptibility_class_name": "Very High (80-100%)" }, "geometry": { "type": "Point", "coordinates": [ 93.0748, 23.3439 ] } },
{ "type": "Feature", "properties": { "event_id": "NASA_GLC_6970", "source": "NASA_GLC", "event_title": "Akonggre", "event_date": "06/16/2015 12:00:00 AM", "state": "Meghalaya", "location_description": "Akonggre", "latitude": 25.5084, "longitude": 90.2191, "landslide_category": "rock_fall", "landslide_trigger": "downpour", "fatalities": 1, "injuries": 0, "inside_ne_polygon": true, "susceptibility_probability": 0.543, "susceptibility_class_num": 3.0, "susceptibility_class_name": "Moderate (40-60%)" }, "geometry": { "type": "Point", "coordinates": [ 90.2191, 25.5084 ] } },
{ "type": "Feature", "properties": { "event_id": "NASA_GLC_5312", "source": "NASA_GLC", "event_title": "Kangtsung Village", "event_date": "08-11-2013 23:00", "state": "Assam", "location_description": "Kangtsung Village", "latitude": 26.7103, "longitude": 94.693, "landslide_category": "landslide", "landslide_trigger": "downpour", "fatalities": 0, "injuries": 0, "inside_ne_polygon": true, "susceptibility_probability": null, "susceptibility_class_num": 4.0, "susceptibility_class_name": "High (60-80%)" }, "geometry": { "type": "Point", "coordinates": [ 94.693, 26.7103 ] } },
{ "type": "Feature", "properties": { "event_id": "NASA_GLC_1929", "source": "NASA_GLC", "event_title": "North Sikkiim Highway, periphery of Gangtok, Sikkim East district", "event_date": "05/31/2010 11:00:00 PM", "state": "Sikkim", "location_description": "North Sikkiim Highway, periphery of Gangtok, Sikkim East district", "latitude": 27.3543, "longitude": 88.6428, "landslide_category": "landslide", "landslide_trigger": "downpour", "fatalities": 0, "injuries": 0, "inside_ne_polygon": true, "susceptibility_probability": 0.9735, "susceptibility_class_num": 5.0, "susceptibility_class_name": "Very High (80-100%)" }, "geometry": { "type": "Point", "coordinates": [ 88.6428, 27.3543 ] } },
{ "type": "Feature", "properties": { "event_id": "NASA_GLC_2568", "source": "NASA_GLC", "event_title": "Nungba, Tamenglong, Manipur", "event_date": "10-08-2010 00:00", "state": "Assam", "location_description": "Nungba, Tamenglong, Manipur", "latitude": 24.7679, "longitude": 93.4108, "landslide_category": "landslide", "landslide_trigger": "downpour", "fatalities": 0, "injuries": 0, "inside_ne_polygon": true, "susceptibility_probability": 0.7702, "susceptibility_class_num": 4.0, "susceptibility_class_name": "High (60-80%)" }, "geometry": { "type": "Point", "coordinates": [ 93.4108, 24.7679 ] } },
{ "type": "Feature", "properties": { "event_id": "NASA_GLC_7409", "source": "NASA_GLC", "event_title": "Meluri Sub-Division in Phek District of Nagaland", "event_date": "08-02-2015 00:00", "state": "Nagaland", "location_description": "Meluri Sub-Division in Phek District of Nagaland", "latitude": 25.72, "longitude": 94.6219, "landslide_category": "landslide", "landslide_trigger": "continuous_rain", "fatalities": 0, "injuries": 0, "inside_ne_polygon": true, "susceptibility_probability": null, "susceptibility_class_num": 5.0, "susceptibility_class_name": "Very High (80-100%)" }, "geometry": { "type": "Point", "coordinates": [ 94.6219, 25.72 ] } },
{ "type": "Feature", "properties": { "event_id": "NASA_GLC_9219", "source": "NASA_GLC", "event_title": "Zunheboto, Nagaland, India", "event_date": "07/26/2016 11:00:00 PM", "state": "Nagaland", "location_description": "Zunheboto, Nagaland, India", "latitude": 26.0101, "longitude": 94.5282, "landslide_category": "landslide", "landslide_trigger": "downpour", "fatalities": 0, "injuries": 0, "inside_ne_polygon": true, "susceptibility_probability": null, "susceptibility_class_num": 5.0, "susceptibility_class_name": "Very High (80-100%)" }, "geometry": { "type": "Point", "coordinates": [ 94.5282, 26.0101 ] } },
{ "type": "Feature", "properties": { "event_id": "NASA_GLC_9027", "source": "NASA_GLC", "event_title": "Jade mine in HmawShan Village in Phakant Township of Kachin State, Myanmar", "event_date": "07-12-2016 00:00", "state": "Kachin", "location_description": "Jade mine in HmawShan Village in Phakant Township of Kachin State, Myanmar", "latitude": 25.6566, "longitude": 96.3495, "landslide_category": "landslide", "landslide_trigger": "mining", "fatalities": 4, "injuries": 0, "inside_ne_polygon": false, "susceptibility_probability": null, "susceptibility_class_num": null, "susceptibility_class_name": "Unclassified" }, "geometry": { "type": "Point", "coordinates": [ 96.3495, 25.6566 ] } },
{ "type": "Feature", "properties": { "event_id": "NASA_GLC_274", "source": "NASA_GLC", "event_title": "Multiple places along 31A, Tarkhola area in Kalimpong district and Sevoke in WB", "event_date": "09/20/2007 12:00:00 AM", "state": "Bengal", "location_description": "Multiple places along 31A, Tarkhola area in Kalimpong district and Sevoke in WB", "latitude": 27.0875, "longitude": 88.4572, "landslide_category": "landslide", "landslide_trigger": "rain", "fatalities": 0, "injuries": 0, "inside_ne_polygon": true, "susceptibility_probability": 0.8454, "susceptibility_class_num": 5.0, "susceptibility_class_name": "Very High (80-100%)" }, "geometry": { "type": "Point", "coordinates": [ 88.4572, 27.0875 ] } },
{ "type": "Feature", "properties": { "event_id": "NASA_GLC_2579", "source": "NASA_GLC", "event_title": "Lower Pezielietsie(Tinpati), Kohima, Manipur", "event_date": "10-09-2010 00:00", "state": "Nāgāland", "location_description": "Lower Pezielietsie(Tinpati), Kohima, Manipur", "latitude": 25.682, "longitude": 94.1076, "landslide_category": "landslide", "landslide_trigger": "downpour", "fatalities": 0, "injuries": 0, "inside_ne_polygon": true, "susceptibility_probability": 0.9889, "susceptibility_class_num": 5.0, "susceptibility_class_name": "Very High (80-100%)" }, "geometry": { "type": "Point", "coordinates": [ 94.1076, 25.682 ] } },
{ "type": "Feature", "properties": { "event_id": "NASA_GLC_1225", "source": "NASA_GLC", "event_title": "20 districts, with the heaviest showers in southern Bhutan, followed by western Bhutan ", "event_date": "10-06-2009 00:00", "state": "Shemgang", "location_description": "20 districts, with the heaviest showers in southern Bhutan, followed by western Bhutan ", "latitude": 27.0524, "longitude": 90.4997, "landslide_category": "landslide", "landslide_trigger": "downpour", "fatalities": 0, "injuries": 0, "inside_ne_polygon": false, "susceptibility_probability": null, "susceptibility_class_num": null, "susceptibility_class_name": "Unclassified" }, "geometry": { "type": "Point", "coordinates": [ 90.4997, 27.0524 ] } },
{ "type": "Feature", "properties": { "event_id": "NASA_GLC_8223", "source": "NASA_GLC", "event_title": "Aizawl, Mizoram, India", "event_date": "09/14/2015 03:10:00 AM", "state": "Mizoram", "location_description": "Aizawl, Mizoram, India", "latitude": 23.7348, "longitude": 92.7187, "landslide_category": "landslide", "landslide_trigger": "downpour", "fatalities": 0, "injuries": 0, "inside_ne_polygon": true, "susceptibility_probability": 0.8819, "susceptibility_class_num": 5.0, "susceptibility_class_name": "Very High (80-100%)" }, "geometry": { "type": "Point", "coordinates": [ 92.7187, 23.7348 ] } },
{ "type": "Feature", "properties": { "event_id": "NASA_GLC_6753", "source": "NASA_GLC", "event_title": "Siddique Nagar in Bandarban Sadar", "event_date": "02-08-2015 12:00", "state": "Chittagong", "location_description": "Siddique Nagar in Bandarban Sadar", "latitude": 22.202, "longitude": 92.2217, "landslide_category": "rock_fall", "landslide_trigger": "mining", "fatalities": 1, "injuries": 4, "inside_ne_polygon": false, "susceptibility_probability": null, "susceptibility_class_num": null, "susceptibility_class_name": "Unclassified" }, "geometry": { "type": "Point", "coordinates": [ 92.2217, 22.202 ] } },
{ "type": "Feature", "properties": { "event_id": "NASA_GLC_2110", "source": "NASA_GLC", "event_title": "Phuntsholing : 22 July, 2010 - Three people have been killed and five others injured in Pasakha and Phuentsholing by landslides and heavy rains, whic*", "event_date": "07/21/2010 02:00:00 AM", "state": "Chhukha", "location_description": "nan", "latitude": 26.8599, "longitude": 89.3943, "landslide_category": "landslide", "landslide_trigger": "downpour", "fatalities": 3, "injuries": 0, "inside_ne_polygon": false, "susceptibility_probability": null, "susceptibility_class_num": null, "susceptibility_class_name": "Unclassified" }, "geometry": { "type": "Point", "coordinates": [ 89.3943, 26.8599 ] } },
{ "type": "Feature", "properties": { "event_id": "NASA_GLC_6982", "source": "NASA_GLC", "event_title": "Muhona residential area of Sylhet", "event_date": "06-11-2015 09:00", "state": "Sylhet", "location_description": "Muhona residential area of Sylhet", "latitude": 24.9016, "longitude": 91.8771, "landslide_category": "landslide", "landslide_trigger": "rain", "fatalities": 0, "injuries": 3, "inside_ne_polygon": false, "susceptibility_probability": null, "susceptibility_class_num": null, "susceptibility_class_name": "Unclassified" }, "geometry": { "type": "Point", "coordinates": [ 91.8771, 24.9016 ] } },
{ "type": "Feature", "properties": { "event_id": "NASA_GLC_720", "source": "NASA_GLC", "event_title": "Bobadan' village, Ruby rich Mogoke (Moegok) town", "event_date": "08/16/2008 12:00:00 AM", "state": "Mandalay", "location_description": "Bobadan' village, Ruby rich Mogoke (Moegok) town", "latitude": 22.9, "longitude": 96.48, "landslide_category": "landslide", "landslide_trigger": "monsoon", "fatalities": 6, "injuries": 0, "inside_ne_polygon": false, "susceptibility_probability": null, "susceptibility_class_num": null, "susceptibility_class_name": "Unclassified" }, "geometry": { "type": "Point", "coordinates": [ 96.48, 22.9 ] } },
{ "type": "Feature", "properties": { "event_id": "NASA_GLC_7336", "source": "NASA_GLC", "event_title": "NH-62 at Sibbari", "event_date": "08/19/2015 09:00:00 AM", "state": "Meghalaya", "location_description": "NH-62 at Sibbari", "latitude": 25.2193, "longitude": 90.5549, "landslide_category": "landslide", "landslide_trigger": "continuous_rain", "fatalities": 0, "injuries": 0, "inside_ne_polygon": true, "susceptibility_probability": null, "susceptibility_class_num": 3.0, "susceptibility_class_name": "Moderate (40-60%)" }, "geometry": { "type": "Point", "coordinates": [ 90.5549, 25.2193 ] } },
{ "type": "Feature", "properties": { "event_id": "NASA_GLC_9252", "source": "NASA_GLC", "event_title": "Dolma Lhakang complex, Lumla, Tawang,  Arunachal Pradesh, India", "event_date": "07/28/2016 12:00:00 AM", "state": "Arunachal Pradesh", "location_description": "Dolma Lhakang complex, Lumla, Tawang,  Arunachal Pradesh, India", "latitude": 27.5748, "longitude": 91.8644, "landslide_category": "landslide", "landslide_trigger": "monsoon", "fatalities": 0, "injuries": 0, "inside_ne_polygon": true, "susceptibility_probability": 0.7559, "susceptibility_class_num": 4.0, "susceptibility_class_name": "High (60-80%)" }, "geometry": { "type": "Point", "coordinates": [ 91.8644, 27.5748 ] } },
{ "type": "Feature", "properties": { "event_id": "NASA_GLC_254", "source": "NASA_GLC", "event_title": "Baling Primary School in Trongsa", "event_date": "09-10-2007 00:00", "state": "Shemgang", "location_description": "Baling Primary School in Trongsa", "latitude": 27.0971, "longitude": 90.4032, "landslide_category": "landslide", "landslide_trigger": "rain", "fatalities": 0, "injuries": 0, "inside_ne_polygon": false, "susceptibility_probability": null, "susceptibility_class_num": null, "susceptibility_class_name": "Unclassified" }, "geometry": { "type": "Point", "coordinates": [ 90.4032, 27.0971 ] } },
{ "type": "Feature", "properties": { "event_id": "NASA_GLC_582", "source": "NASA_GLC", "event_title": "Mogok, Mandalay Division", "event_date": "06-11-2008 00:00", "state": "Mandalay", "location_description": "Mogok, Mandalay Division", "latitude": 22.9231, "longitude": 96.5016, "landslide_category": "landslide", "landslide_trigger": "downpour", "fatalities": 11, "injuries": 0, "inside_ne_polygon": false, "susceptibility_probability": null, "susceptibility_class_num": null, "susceptibility_class_name": "Unclassified" }, "geometry": { "type": "Point", "coordinates": [ 96.5016, 22.9231 ] } },
{ "type": "Feature", "properties": { "event_id": "NASA_GLC_7038", "source": "NASA_GLC", "event_title": "Khahare Khola, Kurseong", "event_date": "07-01-2015 00:00", "state": "West Bengal", "location_description": "Khahare Khola, Kurseong", "latitude": 26.8781, "longitude": 88.2807, "landslide_category": "landslide", "landslide_trigger": "downpour", "fatalities": 0, "injuries": 0, "inside_ne_polygon": false, "susceptibility_probability": null, "susceptibility_class_num": null, "susceptibility_class_name": "Unclassified" }, "geometry": { "type": "Point", "coordinates": [ 88.2807, 26.8781 ] } },
{ "type": "Feature", "properties": { "event_id": "NASA_GLC_5300", "source": "NASA_GLC", "event_title": "Senapati, Manipur", "event_date": "08-09-2013 00:00", "state": "Nāgāland", "location_description": "Senapati, Manipur", "latitude": 25.318, "longitude": 94.0441, "landslide_category": "landslide", "landslide_trigger": "downpour", "fatalities": 0, "injuries": 0, "inside_ne_polygon": true, "susceptibility_probability": 0.8977, "susceptibility_class_num": 5.0, "susceptibility_class_name": "Very High (80-100%)" }, "geometry": { "type": "Point", "coordinates": [ 94.0441, 25.318 ] } },
{ "type": "Feature", "properties": { "event_id": "NASA_GLC_7665", "source": "NASA_GLC", "event_title": "Khoupum", "event_date": "08-11-2015 00:00", "state": "Manipur", "location_description": "Khoupum", "latitude": 24.7016, "longitude": 93.5291, "landslide_category": "landslide", "landslide_trigger": "continuous_rain", "fatalities": 0, "injuries": 0, "inside_ne_polygon": true, "susceptibility_probability": 0.6141, "susceptibility_class_num": 4.0, "susceptibility_class_name": "High (60-80%)" }, "geometry": { "type": "Point", "coordinates": [ 93.5291, 24.7016 ] } },
{ "type": "Feature", "properties": { "event_id": "NASA_GLC_133", "source": "NASA_GLC", "event_title": "Beldanga", "event_date": "07/21/2007 12:00:00 AM", "state": "Bengal", "location_description": "Beldanga", "latitude": 23.9304, "longitude": 88.2374, "landslide_category": "landslide", "landslide_trigger": "rain", "fatalities": 1, "injuries": 0, "inside_ne_polygon": false, "susceptibility_probability": null, "susceptibility_class_num": null, "susceptibility_class_name": "Unclassified" }, "geometry": { "type": "Point", "coordinates": [ 88.2374, 23.9304 ] } },
{ "type": "Feature", "properties": { "event_id": "NASA_GLC_5218", "source": "NASA_GLC", "event_title": "Lal Khan Bazaar, Chittagong, Chittagong Division", "event_date": "07/28/2013 04:30:00 AM", "state": "Chittagong", "location_description": "Lal Khan Bazaar, Chittagong, Chittagong Division", "latitude": 22.3521, "longitude": 91.8151, "landslide_category": "landslide", "landslide_trigger": "downpour", "fatalities": 2, "injuries": 0, "inside_ne_polygon": false, "susceptibility_probability": null, "susceptibility_class_num": null, "susceptibility_class_name": "Unclassified" }, "geometry": { "type": "Point", "coordinates": [ 91.8151, 22.3521 ] } },
{ "type": "Feature", "properties": { "event_id": "NASA_GLC_1994", "source": "NASA_GLC", "event_title": "rails between Jatinga and Longrangjao(?), Assam", "event_date": "06/16/2010 12:00:00 AM", "state": "Assam", "location_description": "rails between Jatinga and Longrangjao(?), Assam", "latitude": 25.0633, "longitude": 92.8025, "landslide_category": "landslide", "landslide_trigger": "downpour", "fatalities": 0, "injuries": 0, "inside_ne_polygon": true, "susceptibility_probability": null, "susceptibility_class_num": 1.0, "susceptibility_class_name": "Very Low (0-20%)" }, "geometry": { "type": "Point", "coordinates": [ 92.8025, 25.0633 ] } },
{ "type": "Feature", "properties": { "event_id": "NASA_GLC_3760", "source": "NASA_GLC", "event_title": "NH-61, 1 km before reaching Botsa", "event_date": "07-11-2011 09:00", "state": "Nāgāland", "location_description": "NH-61, 1 km before reaching Botsa", "latitude": 25.6703, "longitude": 94.1095, "landslide_category": "landslide", "landslide_trigger": "downpour", "fatalities": 0, "injuries": 0, "inside_ne_polygon": true, "susceptibility_probability": 0.9796, "susceptibility_class_num": 5.0, "susceptibility_class_name": "Very High (80-100%)" }, "geometry": { "type": "Point", "coordinates": [ 94.1095, 25.6703 ] } },
{ "type": "Feature", "properties": { "event_id": "NASA_GLC_1980", "source": "NASA_GLC", "event_title": "Uttarpara Baganboni(?), Naikhangchhari upazila(?), Bandarban", "event_date": "06/15/2010 08:00:00 AM", "state": "Chittagong", "location_description": "Uttarpara Baganboni(?), Naikhangchhari upazila(?), Bandarban", "latitude": 22.0, "longitude": 92.3333, "landslide_category": "landslide", "landslide_trigger": "downpour", "fatalities": 4, "injuries": 0, "inside_ne_polygon": false, "susceptibility_probability": null, "susceptibility_class_num": null, "susceptibility_class_name": "Unclassified" }, "geometry": { "type": "Point", "coordinates": [ 92.3333, 22.0 ] } },
{ "type": "Feature", "properties": { "event_id": "NASA_GLC_9587", "source": "NASA_GLC", "event_title": "between Siliguri and Sevak", "event_date": "10-12-2016 00:00", "state": "West Bengal", "location_description": "between Siliguri and Sevak", "latitude": 26.8692, "longitude": 88.4695, "landslide_category": "landslide", "landslide_trigger": "downpour", "fatalities": 0, "injuries": 0, "inside_ne_polygon": false, "susceptibility_probability": null, "susceptibility_class_num": null, "susceptibility_class_name": "Unclassified" }, "geometry": { "type": "Point", "coordinates": [ 88.4695, 26.8692 ] } },
{ "type": "Feature", "properties": { "event_id": "NASA_GLC_1104", "source": "NASA_GLC", "event_title": "Mechi Highway at Siteni of Kolbu-9 (Kolbung??)", "event_date": "08/19/2009 12:00:00 AM", "state": "Eastern Region", "location_description": "Mechi Highway at Siteni of Kolbu-9 (Kolbung??)", "latitude": 26.8042, "longitude": 88.125, "landslide_category": "landslide", "landslide_trigger": "downpour", "fatalities": 0, "injuries": 0, "inside_ne_polygon": false, "susceptibility_probability": null, "susceptibility_class_num": null, "susceptibility_class_name": "Unclassified" }, "geometry": { "type": "Point", "coordinates": [ 88.125, 26.8042 ] } },
{ "type": "Feature", "properties": { "event_id": "NASA_GLC_7223", "source": "NASA_GLC", "event_title": "Lal Khan Bazaar", "event_date": "07/19/2015 01:30:00 AM", "state": "Chittagong", "location_description": "Lal Khan Bazaar", "latitude": 22.3507, "longitude": 91.8147, "landslide_category": "other", "landslide_trigger": "downpour", "fatalities": 3, "injuries": 0, "inside_ne_polygon": false, "susceptibility_probability": null, "susceptibility_class_num": null, "susceptibility_class_name": "Unclassified" }, "geometry": { "type": "Point", "coordinates": [ 91.8147, 22.3507 ] } },
{ "type": "Feature", "properties": { "event_id": "NASA_GLC_7139", "source": "NASA_GLC", "event_title": "Kurseong", "event_date": "07-07-2015 23:00", "state": "West Bengal", "location_description": "Kurseong", "latitude": 26.8826, "longitude": 88.2806, "landslide_category": "landslide", "landslide_trigger": "continuous_rain", "fatalities": 1, "injuries": 0, "inside_ne_polygon": false, "susceptibility_probability": null, "susceptibility_class_num": null, "susceptibility_class_name": "Unclassified" }, "geometry": { "type": "Point", "coordinates": [ 88.2806, 26.8826 ] } },
{ "type": "Feature", "properties": { "event_id": "NASA_GLC_2116", "source": "NASA_GLC", "event_title": "Phuentsholing-Thimphu highway", "event_date": "07/22/2010 12:00:00 AM", "state": "Chhukha", "location_description": "Phuentsholing-Thimphu highway", "latitude": 27.0674, "longitude": 89.5615, "landslide_category": "landslide", "landslide_trigger": "downpour", "fatalities": 0, "injuries": 0, "inside_ne_polygon": false, "susceptibility_probability": null, "susceptibility_class_num": null, "susceptibility_class_name": "Unclassified" }, "geometry": { "type": "Point", "coordinates": [ 89.5615, 27.0674 ] } },
{ "type": "Feature", "properties": { "event_id": "NASA_GLC_692", "source": "NASA_GLC", "event_title": "National Highway-39, Dimapur-Imphal road and another under Kiphire district of Nagaland", "event_date": "08-07-2008 00:00", "state": "Nāgāland", "location_description": "National Highway-39, Dimapur-Imphal road and another under Kiphire district of Nagaland", "latitude": 25.705, "longitude": 94.04, "landslide_category": "landslide", "landslide_trigger": "downpour", "fatalities": 0, "injuries": 0, "inside_ne_polygon": true, "susceptibility_probability": 0.6441, "susceptibility_class_num": 4.0, "susceptibility_class_name": "High (60-80%)" }, "geometry": { "type": "Point", "coordinates": [ 94.04, 25.705 ] } },
{ "type": "Feature", "properties": { "event_id": "NASA_GLC_3633", "source": "NASA_GLC", "event_title": "Mokokchung", "event_date": "06/20/2011 12:00:00 AM", "state": "Nāgāland", "location_description": "Mokokchung", "latitude": 26.3186, "longitude": 94.5121, "landslide_category": "landslide", "landslide_trigger": "downpour", "fatalities": 0, "injuries": 0, "inside_ne_polygon": true, "susceptibility_probability": 0.9909, "susceptibility_class_num": 5.0, "susceptibility_class_name": "Very High (80-100%)" }, "geometry": { "type": "Point", "coordinates": [ 94.5121, 26.3186 ] } },
{ "type": "Feature", "properties": { "event_id": "NASA_GLC_7374", "source": "NASA_GLC", "event_title": "Ukhrul town Circular road from Rayotang to Viewland Zone II", "event_date": "08-01-2015 00:00", "state": "Manipur", "location_description": "Ukhrul town Circular road from Rayotang to Viewland Zone II", "latitude": 25.1122, "longitude": 94.3591, "landslide_category": "landslide", "landslide_trigger": "continuous_rain", "fatalities": 0, "injuries": 0, "inside_ne_polygon": true, "susceptibility_probability": 0.993, "susceptibility_class_num": 5.0, "susceptibility_class_name": "Very High (80-100%)" }, "geometry": { "type": "Point", "coordinates": [ 94.3591, 25.1122 ] } },
{ "type": "Feature", "properties": { "event_id": "NASA_GLC_4446", "source": "NASA_GLC", "event_title": "Tuting, Upper Siang , Arunachal Pradesh", "event_date": "07-05-2012 00:00", "state": "Arunachal Pradesh", "location_description": "Tuting, Upper Siang , Arunachal Pradesh", "latitude": 28.9986, "longitude": 94.8885, "landslide_category": "landslide", "landslide_trigger": "downpour", "fatalities": 0, "injuries": 0, "inside_ne_polygon": true, "susceptibility_probability": null, "susceptibility_class_num": 1.0, "susceptibility_class_name": "Very Low (0-20%)" }, "geometry": { "type": "Point", "coordinates": [ 94.8885, 28.9986 ] } },
{ "type": "Feature", "properties": { "event_id": "NASA_GLC_2341", "source": "NASA_GLC", "event_title": "NH-31A at Topakhani tunnel(?) and fruit preservation factory(?) and Chisopani bridge(?), near Singtam and Gangtok and Rangpo, Sikkim", "event_date": "08/26/2010 11:00:00 PM", "state": "nan", "location_description": "NH-31A at Topakhani tunnel(?) and fruit preservation factory(?) and Chisopani bridge(?), near Singtam and Gangtok and Rangpo, Sikkim", "latitude": 27.2319, "longitude": 88.497, "landslide_category": "landslide", "landslide_trigger": "downpour", "fatalities": 0, "injuries": 0, "inside_ne_polygon": true, "susceptibility_probability": null, "susceptibility_class_num": 4.0, "susceptibility_class_name": "High (60-80%)" }, "geometry": { "type": "Point", "coordinates": [ 88.497, 27.2319 ] } },
{ "type": "Feature", "properties": { "event_id": "NASA_GLC_2098", "source": "NASA_GLC", "event_title": "Jahjon ward(?), Mon town, Nagaland", "event_date": "07/19/2010 06:00:00 AM", "state": "Nāgāland", "location_description": "Jahjon ward(?), Mon town, Nagaland", "latitude": 26.7215, "longitude": 95.0283, "landslide_category": "landslide", "landslide_trigger": "downpour", "fatalities": 0, "injuries": 0, "inside_ne_polygon": true, "susceptibility_probability": 0.7682, "susceptibility_class_num": 4.0, "susceptibility_class_name": "High (60-80%)" }, "geometry": { "type": "Point", "coordinates": [ 95.0283, 26.7215 ] } },
{ "type": "Feature", "properties": { "event_id": "NASA_GLC_7718", "source": "NASA_GLC", "event_title": "Bāndarban : At least eight houses were damaged in similar landslides in New Gulshan, Langi Para and Banarupa Para areas of the uapzila amid incessant*", "event_date": "08/21/2015 12:00:00 AM", "state": "Chittagong", "location_description": "nan", "latitude": 22.1909, "longitude": 92.2135, "landslide_category": "landslide", "landslide_trigger": "continuous_rain", "fatalities": 0, "injuries": 0, "inside_ne_polygon": false, "susceptibility_probability": null, "susceptibility_class_num": null, "susceptibility_class_name": "Unclassified" }, "geometry": { "type": "Point", "coordinates": [ 92.2135, 22.1909 ] } },
{ "type": "Feature", "properties": { "event_id": "NASA_GLC_269", "source": "NASA_GLC", "event_title": "Geyzing-Jorethang road and Naya Bazar-Legship road", "event_date": "09/18/2007 12:00:00 AM", "state": "Sikkim", "location_description": "Geyzing-Jorethang road and Naya Bazar-Legship road", "latitude": 27.2872, "longitude": 88.2816, "landslide_category": "landslide", "landslide_trigger": "rain", "fatalities": 0, "injuries": 0, "inside_ne_polygon": true, "susceptibility_probability": null, "susceptibility_class_num": 5.0, "susceptibility_class_name": "Very High (80-100%)" }, "geometry": { "type": "Point", "coordinates": [ 88.2816, 27.2872 ] } },
{ "type": "Feature", "properties": { "event_id": "NASA_GLC_2205", "source": "NASA_GLC", "event_title": "Dawrpui Vengthar cemetary, Aizwal, Mizoram", "event_date": "08-06-2010 00:00", "state": "Mizoram", "location_description": "Dawrpui Vengthar cemetary, Aizwal, Mizoram", "latitude": 23.7365, "longitude": 92.7146, "landslide_category": "landslide", "landslide_trigger": "downpour", "fatalities": 0, "injuries": 0, "inside_ne_polygon": true, "susceptibility_probability": 0.9814, "susceptibility_class_num": 5.0, "susceptibility_class_name": "Very High (80-100%)" }, "geometry": { "type": "Point", "coordinates": [ 92.7146, 23.7365 ] } },
{ "type": "Feature", "properties": { "event_id": "NASA_GLC_2109", "source": "NASA_GLC", "event_title": "Sunkosh-Dagana rd", "event_date": "07/21/2010 12:00:00 AM", "state": "Daga", "location_description": "Sunkosh-Dagana rd", "latitude": 27.0502, "longitude": 89.9442, "landslide_category": "landslide", "landslide_trigger": "downpour", "fatalities": 0, "injuries": 0, "inside_ne_polygon": false, "susceptibility_probability": null, "susceptibility_class_num": null, "susceptibility_class_name": "Unclassified" }, "geometry": { "type": "Point", "coordinates": [ 89.9442, 27.0502 ] } },
{ "type": "Feature", "properties": { "event_id": "NASA_GLC_4610", "source": "NASA_GLC", "event_title": "Dapchhuah, Mamit, Mizoram", "event_date": "11-11-2012 00:00", "state": "Mizoram", "location_description": "Dapchhuah, Mamit, Mizoram", "latitude": 23.7705, "longitude": 92.5217, "landslide_category": "landslide", "landslide_trigger": "downpour", "fatalities": 4, "injuries": 0, "inside_ne_polygon": true, "susceptibility_probability": null, "susceptibility_class_num": 2.0, "susceptibility_class_name": "Low (20-40%)" }, "geometry": { "type": "Point", "coordinates": [ 92.5217, 23.7705 ] } },
{ "type": "Feature", "properties": { "event_id": "NASA_GLC_5275", "source": "NASA_GLC", "event_title": "Suruhuto Town, Nagaland", "event_date": "08-04-2013 00:00", "state": "Nāgāland", "location_description": "Suruhuto Town, Nagaland", "latitude": 26.1498, "longitude": 94.6055, "landslide_category": "landslide", "landslide_trigger": "monsoon", "fatalities": 0, "injuries": 0, "inside_ne_polygon": true, "susceptibility_probability": 0.984, "susceptibility_class_num": 5.0, "susceptibility_class_name": "Very High (80-100%)" }, "geometry": { "type": "Point", "coordinates": [ 94.6055, 26.1498 ] } },
{ "type": "Feature", "properties": { "event_id": "NASA_GLC_1260", "source": "NASA_GLC", "event_title": "Thimphu-Paro highway near Tamchoe drupchhu, five km from Chhuzom towards Paro", "event_date": "10/15/2009 12:00:00 AM", "state": "Paro", "location_description": "Thimphu-Paro highway near Tamchoe drupchhu, five km from Chhuzom towards Paro", "latitude": 27.3144, "longitude": 89.545, "landslide_category": "mudslide", "landslide_trigger": "rain", "fatalities": 0, "injuries": 0, "inside_ne_polygon": false, "susceptibility_probability": null, "susceptibility_class_num": null, "susceptibility_class_name": "Unclassified" }, "geometry": { "type": "Point", "coordinates": [ 89.545, 27.3144 ] } },
{ "type": "Feature", "properties": { "event_id": "NASA_GLC_9138", "source": "NASA_GLC", "event_title": "NH 10 between Coronation Bridge and Sevoke Kalibari, West Bengal, India", "event_date": "07/21/2016 09:00:00 AM", "state": "West Bengal", "location_description": "NH 10 between Coronation Bridge and Sevoke Kalibari, West Bengal, India", "latitude": 26.9015, "longitude": 88.4719, "landslide_category": "landslide", "landslide_trigger": "rain", "fatalities": 0, "injuries": 0, "inside_ne_polygon": false, "susceptibility_probability": null, "susceptibility_class_num": null, "susceptibility_class_name": "Unclassified" }, "geometry": { "type": "Point", "coordinates": [ 88.4719, 26.9015 ] } },
{ "type": "Feature", "properties": { "event_id": "NASA_GLC_1031", "source": "NASA_GLC", "event_title": "Kurseong, Darjeeling, West Bengal", "event_date": "05/26/2009 12:00:00 AM", "state": "Bengal", "location_description": "Kurseong, Darjeeling, West Bengal", "latitude": 26.8836, "longitude": 88.2791, "landslide_category": "landslide", "landslide_trigger": "tropical_cyclone", "fatalities": 7, "injuries": 0, "inside_ne_polygon": false, "susceptibility_probability": null, "susceptibility_class_num": null, "susceptibility_class_name": "Unclassified" }, "geometry": { "type": "Point", "coordinates": [ 88.2791, 26.8836 ] } },
{ "type": "Feature", "properties": { "event_id": "NASA_GLC_8708", "source": "NASA_GLC", "event_title": "Myanmar (Burma)", "event_date": "10/13/2015 12:00:00 AM", "state": "Mandalay", "location_description": "Myanmar (Burma)", "latitude": 22.1334, "longitude": 96.4669, "landslide_category": "landslide", "landslide_trigger": "monsoon", "fatalities": 17, "injuries": 0, "inside_ne_polygon": false, "susceptibility_probability": null, "susceptibility_class_num": null, "susceptibility_class_name": "Unclassified" }, "geometry": { "type": "Point", "coordinates": [ 96.4669, 22.1334 ] } },
{ "type": "Feature", "properties": { "event_id": "NASA_GLC_2247", "source": "NASA_GLC", "event_title": "Tuensang-Shamatore(Sampurre) rd, Nagaland", "event_date": "08/14/2010 12:00:00 AM", "state": "Nāgāland", "location_description": "Tuensang-Shamatore(Sampurre) rd, Nagaland", "latitude": 26.148, "longitude": 94.8422, "landslide_category": "landslide", "landslide_trigger": "downpour", "fatalities": 0, "injuries": 0, "inside_ne_polygon": true, "susceptibility_probability": 0.8984, "susceptibility_class_num": 5.0, "susceptibility_class_name": "Very High (80-100%)" }, "geometry": { "type": "Point", "coordinates": [ 94.8422, 26.148 ] } },
{ "type": "Feature", "properties": { "event_id": "NASA_GLC_727", "source": "NASA_GLC", "event_title": "Lalkhan Bazar in Chittagong, Cox Bazar", "event_date": "08/18/2008 12:00:00 AM", "state": "Chittagong", "location_description": "Lalkhan Bazar in Chittagong, Cox Bazar", "latitude": 22.3421, "longitude": 91.8242, "landslide_category": "landslide", "landslide_trigger": "monsoon", "fatalities": 11, "injuries": 0, "inside_ne_polygon": false, "susceptibility_probability": null, "susceptibility_class_num": null, "susceptibility_class_name": "Unclassified" }, "geometry": { "type": "Point", "coordinates": [ 91.8242, 22.3421 ] } },
{ "type": "Feature", "properties": { "event_id": "NASA_GLC_6964", "source": "NASA_GLC", "event_title": "National Highway 31A, Darjeeling Hills", "event_date": "06/17/2015 12:00:00 AM", "state": "West Bengal", "location_description": "National Highway 31A, Darjeeling Hills", "latitude": 27.0087, "longitude": 88.443, "landslide_category": "landslide", "landslide_trigger": "downpour", "fatalities": 0, "injuries": 0, "inside_ne_polygon": false, "susceptibility_probability": null, "susceptibility_class_num": null, "susceptibility_class_name": "Unclassified" }, "geometry": { "type": "Point", "coordinates": [ 88.443, 27.0087 ] } },
{ "type": "Feature", "properties": { "event_id": "NASA_GLC_683", "source": "NASA_GLC", "event_title": "Meghalaya, Kalaphahar kills", "event_date": "08-01-2008 00:00", "state": "Sylhet", "location_description": "Meghalaya, Kalaphahar kills", "latitude": 24.896, "longitude": 91.9022, "landslide_category": "landslide", "landslide_trigger": "rain", "fatalities": 0, "injuries": 0, "inside_ne_polygon": false, "susceptibility_probability": null, "susceptibility_class_num": null, "susceptibility_class_name": "Unclassified" }, "geometry": { "type": "Point", "coordinates": [ 91.9022, 24.896 ] } },
{ "type": "Feature", "properties": { "event_id": "NASA_GLC_3927", "source": "NASA_GLC", "event_title": "Garo Hills, Tura", "event_date": "08/16/2011 08:00:00 AM", "state": "Meghālaya", "location_description": "Garo Hills, Tura", "latitude": 25.5144, "longitude": 90.2167, "landslide_category": "landslide", "landslide_trigger": "downpour", "fatalities": 6, "injuries": 0, "inside_ne_polygon": true, "susceptibility_probability": 0.5263, "susceptibility_class_num": 3.0, "susceptibility_class_name": "Moderate (40-60%)" }, "geometry": { "type": "Point", "coordinates": [ 90.2167, 25.5144 ] } },
{ "type": "Feature", "properties": { "event_id": "NASA_GLC_678", "source": "NASA_GLC", "event_title": "Hmawzizar Jade Mine in Phakant, Pha-Kant in Kachin state", "event_date": "07/30/2008 12:00:00 AM", "state": "Kachin", "location_description": "Hmawzizar Jade Mine in Phakant, Pha-Kant in Kachin state", "latitude": 25.606, "longitude": 96.275, "landslide_category": "complex", "landslide_trigger": "downpour", "fatalities": 20, "injuries": 0, "inside_ne_polygon": false, "susceptibility_probability": null, "susceptibility_class_num": null, "susceptibility_class_name": "Unclassified" }, "geometry": { "type": "Point", "coordinates": [ 96.275, 25.606 ] } },
{ "type": "Feature", "properties": { "event_id": "NASA_GLC_259", "source": "NASA_GLC", "event_title": "Assam-Agartala National Highway, Sonarpur in Jayantiya hills of Meghalaya", "event_date": "09-11-2007 00:00", "state": "Meghālaya", "location_description": "Assam-Agartala National Highway, Sonarpur in Jayantiya hills of Meghalaya", "latitude": 25.52, "longitude": 91.27, "landslide_category": "landslide", "landslide_trigger": "rain", "fatalities": 0, "injuries": 0, "inside_ne_polygon": true, "susceptibility_probability": null, "susceptibility_class_num": 5.0, "susceptibility_class_name": "Very High (80-100%)" }, "geometry": { "type": "Point", "coordinates": [ 91.27, 25.52 ] } },
{ "type": "Feature", "properties": { "event_id": "NASA_GLC_7359", "source": "NASA_GLC", "event_title": "District Shilpakala Academy, Chittagong city", "event_date": "09/27/2015 12:00:00 AM", "state": "Chittagong", "location_description": "District Shilpakala Academy, Chittagong city", "latitude": 22.3605, "longitude": 91.8236, "landslide_category": "landslide", "landslide_trigger": "construction", "fatalities": 0, "injuries": 0, "inside_ne_polygon": false, "susceptibility_probability": null, "susceptibility_class_num": null, "susceptibility_class_name": "Unclassified" }, "geometry": { "type": "Point", "coordinates": [ 91.8236, 22.3605 ] } },
{ "type": "Feature", "properties": { "event_id": "NASA_GLC_574", "source": "NASA_GLC", "event_title": "Wangkha, about 90 km south of the capital, Thimphu", "event_date": "06-07-2008 00:00", "state": "Chhukha", "location_description": "Wangkha, about 90 km south of the capital, Thimphu", "latitude": 26.7969, "longitude": 89.591, "landslide_category": "complex", "landslide_trigger": "rain", "fatalities": 12, "injuries": 0, "inside_ne_polygon": false, "susceptibility_probability": null, "susceptibility_class_num": null, "susceptibility_class_name": "Unclassified" }, "geometry": { "type": "Point", "coordinates": [ 89.591, 26.7969 ] } },
{ "type": "Feature", "properties": { "event_id": "NASA_GLC_6112", "source": "NASA_GLC", "event_title": "Kharghuli Hills, Assam", "event_date": "06/28/2014 09:00:00 AM", "state": "Assam", "location_description": "Kharghuli Hills, Assam", "latitude": 26.1964, "longitude": 91.7652, "landslide_category": "landslide", "landslide_trigger": "rain", "fatalities": 0, "injuries": 0, "inside_ne_polygon": true, "susceptibility_probability": 0.0615, "susceptibility_class_num": 1.0, "susceptibility_class_name": "Very Low (0-20%)" }, "geometry": { "type": "Point", "coordinates": [ 91.7652, 26.1964 ] } },
{ "type": "Feature", "properties": { "event_id": "NASA_GLC_7222", "source": "NASA_GLC", "event_title": "Amin Colony, Bayazid", "event_date": "07/19/2015 02:00:00 AM", "state": "Chittagong", "location_description": "Amin Colony, Bayazid", "latitude": 22.3913, "longitude": 91.8177, "landslide_category": "landslide", "landslide_trigger": "downpour", "fatalities": 3, "injuries": 0, "inside_ne_polygon": false, "susceptibility_probability": null, "susceptibility_class_num": null, "susceptibility_class_name": "Unclassified" }, "geometry": { "type": "Point", "coordinates": [ 91.8177, 22.3913 ] } },
{ "type": "Feature", "properties": { "event_id": "NASA_GLC_7039", "source": "NASA_GLC", "event_title": "8 mile in Kalimpong", "event_date": "07-01-2015 00:00", "state": "West Bengal", "location_description": "8 mile in Kalimpong", "latitude": 27.0678, "longitude": 88.456, "landslide_category": "landslide", "landslide_trigger": "downpour", "fatalities": 0, "injuries": 0, "inside_ne_polygon": false, "susceptibility_probability": null, "susceptibility_class_num": null, "susceptibility_class_name": "Unclassified" }, "geometry": { "type": "Point", "coordinates": [ 88.456, 27.0678 ] } },
{ "type": "Feature", "properties": { "event_id": "NASA_GLC_231", "source": "NASA_GLC", "event_title": "Darjeeling Hills (Lebong - 10 km from Darjeeling", "event_date": "09-05-2007 00:00", "state": "Bengal", "location_description": "Darjeeling Hills (Lebong - 10 km from Darjeeling", "latitude": 27.06826195, "longitude": 88.28121204, "landslide_category": "landslide", "landslide_trigger": "rain", "fatalities": 15, "injuries": 0, "inside_ne_polygon": false, "susceptibility_probability": null, "susceptibility_class_num": null, "susceptibility_class_name": "Unclassified" }, "geometry": { "type": "Point", "coordinates": [ 88.28121204, 27.06826195 ] } },
{ "type": "Feature", "properties": { "event_id": "NASA_GLC_7390", "source": "NASA_GLC", "event_title": "between Tengnoupal-Sita junction and Tengnoupal Power Sub-Station", "event_date": "08-01-2015 00:00", "state": "Manipur", "location_description": "between Tengnoupal-Sita junction and Tengnoupal Power Sub-Station", "latitude": 24.4265, "longitude": 94.1913, "landslide_category": "landslide", "landslide_trigger": "continuous_rain", "fatalities": 0, "injuries": 0, "inside_ne_polygon": true, "susceptibility_probability": 0.9244, "susceptibility_class_num": 5.0, "susceptibility_class_name": "Very High (80-100%)" }, "geometry": { "type": "Point", "coordinates": [ 94.1913, 24.4265 ] } },
{ "type": "Feature", "properties": { "event_id": "NASA_GLC_7036", "source": "NASA_GLC", "event_title": "Mahendra village, Thana Line, Tingling Garden village in Mirik", "event_date": "07-01-2015 00:00", "state": "West Bengal", "location_description": "Mahendra village, Thana Line, Tingling Garden village in Mirik", "latitude": 26.8352, "longitude": 88.1881, "landslide_category": "landslide", "landslide_trigger": "downpour", "fatalities": 42, "injuries": 0, "inside_ne_polygon": false, "susceptibility_probability": null, "susceptibility_class_num": null, "susceptibility_class_name": "Unclassified" }, "geometry": { "type": "Point", "coordinates": [ 88.1881, 26.8352 ] } },
{ "type": "Feature", "properties": { "event_id": "NASA_GLC_1106", "source": "NASA_GLC", "event_title": "(Okai Tea Garden) Mirik, Darjeeling, West Bengal", "event_date": "08/20/2009 12:00:00 AM", "state": "Bengal", "location_description": "(Okai Tea Garden) Mirik, Darjeeling, West Bengal", "latitude": 26.8992, "longitude": 88.1667, "landslide_category": "landslide", "landslide_trigger": "continuous_rain", "fatalities": 2, "injuries": 0, "inside_ne_polygon": false, "susceptibility_probability": null, "susceptibility_class_num": null, "susceptibility_class_name": "Unclassified" }, "geometry": { "type": "Point", "coordinates": [ 88.1667, 26.8992 ] } },
{ "type": "Feature", "properties": { "event_id": "NASA_GLC_2420", "source": "NASA_GLC", "event_title": "Tuikual 'C', Aizawl, Mizoram", "event_date": "09/13/2010 12:00:00 AM", "state": "Mizoram", "location_description": "Tuikual 'C', Aizawl, Mizoram", "latitude": 23.72988966, "longitude": 92.71495623, "landslide_category": "landslide", "landslide_trigger": "downpour", "fatalities": 1, "injuries": 0, "inside_ne_polygon": true, "susceptibility_probability": 0.9675, "susceptibility_class_num": 5.0, "susceptibility_class_name": "Very High (80-100%)" }, "geometry": { "type": "Point", "coordinates": [ 92.71495623, 23.72988966 ] } },
{ "type": "Feature", "properties": { "event_id": "NASA_GLC_264", "source": "NASA_GLC", "event_title": "Guwahati", "event_date": "09/13/2007 12:00:00 AM", "state": "Assam", "location_description": "Guwahati", "latitude": 26.1833, "longitude": 91.8, "landslide_category": "landslide", "landslide_trigger": "rain", "fatalities": 0, "injuries": 0, "inside_ne_polygon": true, "susceptibility_probability": 0.0288, "susceptibility_class_num": 1.0, "susceptibility_class_name": "Very Low (0-20%)" }, "geometry": { "type": "Point", "coordinates": [ 91.8, 26.1833 ] } },
{ "type": "Feature", "properties": { "event_id": "NASA_GLC_2034", "source": "NASA_GLC", "event_title": "Toy Train rails between Siliguri and Darjeeling, West Bengal", "event_date": "07-04-2010 00:00", "state": "Bengal", "location_description": "Toy Train rails between Siliguri and Darjeeling, West Bengal", "latitude": 26.8712, "longitude": 88.3052, "landslide_category": "landslide", "landslide_trigger": "rain", "fatalities": 0, "injuries": 0, "inside_ne_polygon": false, "susceptibility_probability": null, "susceptibility_class_num": null, "susceptibility_class_name": "Unclassified" }, "geometry": { "type": "Point", "coordinates": [ 88.3052, 26.8712 ] } },
{ "type": "Feature", "properties": { "event_id": "NASA_GLC_251", "source": "NASA_GLC", "event_title": "Hingdam village in South Sikkim", "event_date": "09-09-2007 00:00", "state": "Sikkim", "location_description": "Hingdam village in South Sikkim", "latitude": 27.1667, "longitude": 88.35, "landslide_category": "landslide", "landslide_trigger": "rain", "fatalities": 1, "injuries": 0, "inside_ne_polygon": true, "susceptibility_probability": null, "susceptibility_class_num": 5.0, "susceptibility_class_name": "Very High (80-100%)" }, "geometry": { "type": "Point", "coordinates": [ 88.35, 27.1667 ] } },
{ "type": "Feature", "properties": { "event_id": "NASA_GLC_6214", "source": "NASA_GLC", "event_title": "Jorabat-Umiam route", "event_date": "10-05-2014 17:45", "state": "Meghalaya", "location_description": "Jorabat-Umiam route", "latitude": 25.9702, "longitude": 91.8587, "landslide_category": "landslide", "landslide_trigger": "rain", "fatalities": 1, "injuries": 0, "inside_ne_polygon": true, "susceptibility_probability": 0.792, "susceptibility_class_num": 4.0, "susceptibility_class_name": "High (60-80%)" }, "geometry": { "type": "Point", "coordinates": [ 91.8587, 25.9702 ] } },
{ "type": "Feature", "properties": { "event_id": "NASA_GLC_3944", "source": "NASA_GLC", "event_title": "Hee-Khola, Sikkim", "event_date": "08/25/2011 12:00:00 AM", "state": "nan", "location_description": "Hee-Khola, Sikkim", "latitude": 27.7344, "longitude": 88.633, "landslide_category": "landslide", "landslide_trigger": "downpour", "fatalities": 2, "injuries": 0, "inside_ne_polygon": true, "susceptibility_probability": 0.9274, "susceptibility_class_num": 5.0, "susceptibility_class_name": "Very High (80-100%)" }, "geometry": { "type": "Point", "coordinates": [ 88.633, 27.7344 ] } },
{ "type": "Feature", "properties": { "event_id": "NASA_GLC_10022", "source": "NASA_GLC", "event_title": "Landslide at Irautar, Ilam Province, Nepal", "event_date": "08-09-2016 04:00", "state": "nan", "location_description": "Irautar, Ilam Province, Nepal", "latitude": 26.7903, "longitude": 88.11, "landslide_category": "landslide", "landslide_trigger": "continuous_rain", "fatalities": 0, "injuries": 0, "inside_ne_polygon": false, "susceptibility_probability": null, "susceptibility_class_num": null, "susceptibility_class_name": "Unclassified" }, "geometry": { "type": "Point", "coordinates": [ 88.11, 26.7903 ] } },
{ "type": "Feature", "properties": { "event_id": "NASA_GLC_4411", "source": "NASA_GLC", "event_title": "Tathangchen, Gangtok, Sikkim ", "event_date": "06/14/2012 04:00:00 AM", "state": "Sikkim", "location_description": "Tathangchen, Gangtok, Sikkim ", "latitude": 27.339, "longitude": 88.6065, "landslide_category": "landslide", "landslide_trigger": "downpour", "fatalities": 0, "injuries": 0, "inside_ne_polygon": true, "susceptibility_probability": 0.9935, "susceptibility_class_num": 5.0, "susceptibility_class_name": "Very High (80-100%)" }, "geometry": { "type": "Point", "coordinates": [ 88.6065, 27.339 ] } },
{ "type": "Feature", "properties": { "event_id": "NASA_GLC_252", "source": "NASA_GLC", "event_title": "Mao in Manipur, Phipema and Chunikhudima in Nagaland", "event_date": "09-09-2007 00:00", "state": "Nāgāland", "location_description": "Mao in Manipur, Phipema and Chunikhudima in Nagaland", "latitude": 25.4993, "longitude": 94.1192, "landslide_category": "landslide", "landslide_trigger": "rain", "fatalities": 0, "injuries": 0, "inside_ne_polygon": true, "susceptibility_probability": 0.7872, "susceptibility_class_num": 4.0, "susceptibility_class_name": "High (60-80%)" }, "geometry": { "type": "Point", "coordinates": [ 94.1192, 25.4993 ] } },
{ "type": "Feature", "properties": { "event_id": "NASA_GLC_142", "source": "NASA_GLC", "event_title": "Tura", "event_date": "07/27/2007 12:00:00 AM", "state": "Meghālaya", "location_description": "Tura", "latitude": 25.5212, "longitude": 90.232, "landslide_category": "rock_fall", "landslide_trigger": "rain", "fatalities": 8, "injuries": 0, "inside_ne_polygon": true, "susceptibility_probability": 0.569, "susceptibility_class_num": 3.0, "susceptibility_class_name": "Moderate (40-60%)" }, "geometry": { "type": "Point", "coordinates": [ 90.232, 25.5212 ] } },
{ "type": "Feature", "properties": { "event_id": "NASA_GLC_7384", "source": "NASA_GLC", "event_title": "Wayang, Khengjoi", "event_date": "08-01-2015 00:00", "state": "Manipur", "location_description": "Wayang, Khengjoi", "latitude": 23.9278, "longitude": 94.0906, "landslide_category": "landslide", "landslide_trigger": "rain", "fatalities": 0, "injuries": 0, "inside_ne_polygon": true, "susceptibility_probability": 0.73, "susceptibility_class_num": 4.0, "susceptibility_class_name": "High (60-80%)" }, "geometry": { "type": "Point", "coordinates": [ 94.0906, 23.9278 ] } },
{ "type": "Feature", "properties": { "event_id": "NASA_GLC_211", "source": "NASA_GLC", "event_title": "Tamenglong", "event_date": "08/26/2007 12:00:00 AM", "state": "Manipur", "location_description": "Tamenglong", "latitude": 24.9667, "longitude": 93.55, "landslide_category": "mudslide", "landslide_trigger": "continuous_rain", "fatalities": 1, "injuries": 0, "inside_ne_polygon": true, "susceptibility_probability": 0.8529, "susceptibility_class_num": 5.0, "susceptibility_class_name": "Very High (80-100%)" }, "geometry": { "type": "Point", "coordinates": [ 93.55, 24.9667 ] } },
{ "type": "Feature", "properties": { "event_id": "NASA_GLC_4384", "source": "NASA_GLC", "event_title": "between Haflong and  Bagetar, Assam", "event_date": "06-03-2012 00:00", "state": "Assam", "location_description": "between Haflong and  Bagetar, Assam", "latitude": 25.1775, "longitude": 93.0123, "landslide_category": "landslide", "landslide_trigger": "downpour", "fatalities": 0, "injuries": 0, "inside_ne_polygon": true, "susceptibility_probability": 0.887, "susceptibility_class_num": 5.0, "susceptibility_class_name": "Very High (80-100%)" }, "geometry": { "type": "Point", "coordinates": [ 93.0123, 25.1775 ] } },
{ "type": "Feature", "properties": { "event_id": "NASA_GLC_7033", "source": "NASA_GLC", "event_title": "NH-55 at Merry Villa", "event_date": "06/29/2015 12:00:00 AM", "state": "West Bengal", "location_description": "NH-55 at Merry Villa", "latitude": 27.0161, "longitude": 88.2478, "landslide_category": "landslide", "landslide_trigger": "downpour", "fatalities": 0, "injuries": 0, "inside_ne_polygon": false, "susceptibility_probability": null, "susceptibility_class_num": null, "susceptibility_class_name": "Unclassified" }, "geometry": { "type": "Point", "coordinates": [ 88.2478, 27.0161 ] } },
{ "type": "Feature", "properties": { "event_id": "NASA_GLC_4383", "source": "NASA_GLC", "event_title": "between Maibang and Daotohaja, Assam", "event_date": "06-03-2012 00:00", "state": "Assam", "location_description": "between Maibang and Daotohaja, Assam", "latitude": 25.3056, "longitude": 93.1265, "landslide_category": "landslide", "landslide_trigger": "downpour", "fatalities": 0, "injuries": 0, "inside_ne_polygon": true, "susceptibility_probability": 0.6148, "susceptibility_class_num": 4.0, "susceptibility_class_name": "High (60-80%)" }, "geometry": { "type": "Point", "coordinates": [ 93.1265, 25.3056 ] } },
{ "type": "Feature", "properties": { "event_id": "NASA_GLC_6758", "source": "NASA_GLC", "event_title": "Gulgaon Hill area under Bahubal upazila of Habiganj district", "event_date": "02-09-2015 11:00", "state": "Sylhet", "location_description": "Gulgaon Hill area under Bahubal upazila of Habiganj district", "latitude": 24.3311, "longitude": 91.5642, "landslide_category": "other", "landslide_trigger": "mining", "fatalities": 2, "injuries": 0, "inside_ne_polygon": false, "susceptibility_probability": null, "susceptibility_class_num": null, "susceptibility_class_name": "Unclassified" }, "geometry": { "type": "Point", "coordinates": [ 91.5642, 24.3311 ] } },
{ "type": "Feature", "properties": { "event_id": "NASA_GLC_7375", "source": "NASA_GLC", "event_title": "Ukhrul NH 201-Jessami road", "event_date": "08-01-2015 00:00", "state": "Manipur", "location_description": "Ukhrul NH 201-Jessami road", "latitude": 25.1941, "longitude": 94.4481, "landslide_category": "landslide", "landslide_trigger": "continuous_rain", "fatalities": 0, "injuries": 0, "inside_ne_polygon": true, "susceptibility_probability": 0.9683, "susceptibility_class_num": 5.0, "susceptibility_class_name": "Very High (80-100%)" }, "geometry": { "type": "Point", "coordinates": [ 94.4481, 25.1941 ] } },
{ "type": "Feature", "properties": { "event_id": "NASA_GLC_2163", "source": "NASA_GLC", "event_title": "Maram area in Senapati district, National Highway 39", "event_date": "07/29/2010 12:00:00 AM", "state": "Nāgāland", "location_description": "Maram area in Senapati district, National Highway 39", "latitude": 25.4196, "longitude": 94.1054, "landslide_category": "landslide", "landslide_trigger": "downpour", "fatalities": 0, "injuries": 0, "inside_ne_polygon": true, "susceptibility_probability": 0.9909, "susceptibility_class_num": 5.0, "susceptibility_class_name": "Very High (80-100%)" }, "geometry": { "type": "Point", "coordinates": [ 94.1054, 25.4196 ] } },
{ "type": "Feature", "properties": { "event_id": "NASA_GLC_6967", "source": "NASA_GLC", "event_title": "Darjeeling Heritage Railway, Darjeeling", "event_date": "06/13/2015 06:30:00 AM", "state": "West Bengal", "location_description": "Darjeeling Heritage Railway, Darjeeling", "latitude": 27.0165, "longitude": 88.2476, "landslide_category": "landslide", "landslide_trigger": "downpour", "fatalities": 0, "injuries": 0, "inside_ne_polygon": false, "susceptibility_probability": null, "susceptibility_class_num": null, "susceptibility_class_name": "Unclassified" }, "geometry": { "type": "Point", "coordinates": [ 88.2476, 27.0165 ] } },
{ "type": "Feature", "properties": { "event_id": "NASA_GLC_3932", "source": "NASA_GLC", "event_title": " Botsa  and Chiechama", "event_date": "08/18/2011 12:00:00 AM", "state": "Nāgāland", "location_description": " Botsa  and Chiechama", "latitude": 25.83, "longitude": 94.13, "landslide_category": "landslide", "landslide_trigger": "monsoon", "fatalities": 0, "injuries": 0, "inside_ne_polygon": true, "susceptibility_probability": 0.4767, "susceptibility_class_num": 3.0, "susceptibility_class_name": "Moderate (40-60%)" }, "geometry": { "type": "Point", "coordinates": [ 94.13, 25.83 ] } },
{ "type": "Feature", "properties": { "event_id": "NASA_GLC_4861", "source": "NASA_GLC", "event_title": "Khongsang, Tamenglong, Manipur,", "event_date": "05-12-2013 00:00", "state": "Assam", "location_description": "Khongsang, Tamenglong, Manipur,", "latitude": 24.9926, "longitude": 93.4946, "landslide_category": "mudslide", "landslide_trigger": "rain", "fatalities": 0, "injuries": 0, "inside_ne_polygon": true, "susceptibility_probability": 0.6478, "susceptibility_class_num": 4.0, "susceptibility_class_name": "High (60-80%)" }, "geometry": { "type": "Point", "coordinates": [ 93.4946, 24.9926 ] } },
{ "type": "Feature", "properties": { "event_id": "NASA_GLC_1093", "source": "NASA_GLC", "event_title": "Phagutar near Mahanadi, 12km from Kurseong, Siliguri district, Darjeeling", "event_date": "08/16/2009 12:00:00 AM", "state": "Bengal", "location_description": "Phagutar near Mahanadi, 12km from Kurseong, Siliguri district, Darjeeling", "latitude": 26.88211522, "longitude": 88.3195318, "landslide_category": "landslide", "landslide_trigger": "downpour", "fatalities": 1, "injuries": 0, "inside_ne_polygon": false, "susceptibility_probability": null, "susceptibility_class_num": null, "susceptibility_class_name": "Unclassified" }, "geometry": { "type": "Point", "coordinates": [ 88.3195318, 26.88211522 ] } },
{ "type": "Feature", "properties": { "event_id": "NASA_GLC_7972", "source": "NASA_GLC", "event_title": "Mizoram, India", "event_date": "08/28/2015 01:45:00 AM", "state": "Mizoram", "location_description": "Mizoram, India", "latitude": 23.4495, "longitude": 92.8112, "landslide_category": "landslide", "landslide_trigger": "downpour", "fatalities": 0, "injuries": 0, "inside_ne_polygon": true, "susceptibility_probability": null, "susceptibility_class_num": 3.0, "susceptibility_class_name": "Moderate (40-60%)" }, "geometry": { "type": "Point", "coordinates": [ 92.8112, 23.4495 ] } },
{ "type": "Feature", "properties": { "event_id": "NASA_GLC_3831", "source": "NASA_GLC", "event_title": "Heibok Hills", "event_date": "07/22/2011 12:00:00 AM", "state": "Manipur", "location_description": "Heibok Hills", "latitude": 24.7992, "longitude": 93.948, "landslide_category": "landslide", "landslide_trigger": "downpour", "fatalities": 0, "injuries": 0, "inside_ne_polygon": true, "susceptibility_probability": 0.0401, "susceptibility_class_num": 1.0, "susceptibility_class_name": "Very Low (0-20%)" }, "geometry": { "type": "Point", "coordinates": [ 93.948, 24.7992 ] } },
{ "type": "Feature", "properties": { "event_id": "NASA_GLC_5394", "source": "NASA_GLC", "event_title": "Zar Lai, Falam, Chin", "event_date": "08/23/2013 12:00:00 AM", "state": "Chin", "location_description": "Zar Lai, Falam, Chin", "latitude": 22.9167, "longitude": 93.6833, "landslide_category": "landslide", "landslide_trigger": "downpour", "fatalities": 0, "injuries": 0, "inside_ne_polygon": false, "susceptibility_probability": null, "susceptibility_class_num": null, "susceptibility_class_name": "Unclassified" }, "geometry": { "type": "Point", "coordinates": [ 93.6833, 22.9167 ] } },
{ "type": "Feature", "properties": { "event_id": "NASA_GLC_5584", "source": "NASA_GLC", "event_title": "Nilachal Hill, Guwahati, Assam", "event_date": "10-06-2013 00:00", "state": "Assam", "location_description": "Nilachal Hill, Guwahati, Assam", "latitude": 26.1665, "longitude": 91.7049, "landslide_category": "landslide", "landslide_trigger": "downpour", "fatalities": 0, "injuries": 0, "inside_ne_polygon": true, "susceptibility_probability": 0.0183, "susceptibility_class_num": 1.0, "susceptibility_class_name": "Very Low (0-20%)" }, "geometry": { "type": "Point", "coordinates": [ 91.7049, 26.1665 ] } },
{ "type": "Feature", "properties": { "event_id": "NASA_GLC_1986", "source": "NASA_GLC", "event_title": "Fazl Ali College, Mokokchung, Nagaland", "event_date": "06/15/2010 12:00:00 AM", "state": "Nāgāland", "location_description": "Fazl Ali College, Mokokchung, Nagaland", "latitude": 26.3335, "longitude": 94.5512, "landslide_category": "landslide", "landslide_trigger": "downpour", "fatalities": 0, "injuries": 0, "inside_ne_polygon": true, "susceptibility_probability": 0.9906, "susceptibility_class_num": 5.0, "susceptibility_class_name": "Very High (80-100%)" }, "geometry": { "type": "Point", "coordinates": [ 94.5512, 26.3335 ] } },
{ "type": "Feature", "properties": { "event_id": "NASA_GLC_7387", "source": "NASA_GLC", "event_title": "Imphal-Ukhrul road", "event_date": "08-01-2015 00:00", "state": "Manipur", "location_description": "Imphal-Ukhrul road", "latitude": 24.954, "longitude": 94.2156, "landslide_category": "landslide", "landslide_trigger": "continuous_rain", "fatalities": 0, "injuries": 0, "inside_ne_polygon": true, "susceptibility_probability": 0.9063, "susceptibility_class_num": 5.0, "susceptibility_class_name": "Very High (80-100%)" }, "geometry": { "type": "Point", "coordinates": [ 94.2156, 24.954 ] } },
{ "type": "Feature", "properties": { "event_id": "NASA_GLC_7002", "source": "NASA_GLC", "event_title": "Banorupa Para in Sadar upazila, Bandarban", "event_date": "06/26/2015 03:00:00 AM", "state": "Chittagong", "location_description": "Banorupa Para in Sadar upazila, Bandarban", "latitude": 22.2144, "longitude": 92.235, "landslide_category": "landslide", "landslide_trigger": "monsoon", "fatalities": 2, "injuries": 2, "inside_ne_polygon": false, "susceptibility_probability": null, "susceptibility_class_num": null, "susceptibility_class_name": "Unclassified" }, "geometry": { "type": "Point", "coordinates": [ 92.235, 22.2144 ] } },
{ "type": "Feature", "properties": { "event_id": "NASA_GLC_2573", "source": "NASA_GLC", "event_title": "Haflong, Assam", "event_date": "10-09-2010 00:00", "state": "Assam", "location_description": "Haflong, Assam", "latitude": 25.1796, "longitude": 93.0083, "landslide_category": "mudslide", "landslide_trigger": "downpour", "fatalities": 1, "injuries": 0, "inside_ne_polygon": true, "susceptibility_probability": 0.4151, "susceptibility_class_num": 3.0, "susceptibility_class_name": "Moderate (40-60%)" }, "geometry": { "type": "Point", "coordinates": [ 93.0083, 25.1796 ] } },
{ "type": "Feature", "properties": { "event_id": "NASA_GLC_319", "source": "NASA_GLC", "event_title": "Maram-Purul Road, Karong Assembly Constituency of Senapati district, Manipur", "event_date": "10/19/2007 12:00:00 AM", "state": "Nāgāland", "location_description": "Maram-Purul Road, Karong Assembly Constituency of Senapati district, Manipur", "latitude": 25.4379, "longitude": 94.1162, "landslide_category": "landslide", "landslide_trigger": "rain", "fatalities": 0, "injuries": 0, "inside_ne_polygon": true, "susceptibility_probability": 0.8739, "susceptibility_class_num": 5.0, "susceptibility_class_name": "Very High (80-100%)" }, "geometry": { "type": "Point", "coordinates": [ 94.1162, 25.4379 ] } },
{ "type": "Feature", "properties": { "event_id": "NASA_GLC_6846", "source": "NASA_GLC", "event_title": "between Khunkhar and Shansu village", "event_date": "03-08-2015 00:00", "state": "Kachin", "location_description": "between Khunkhar and Shansu village", "latitude": 25.6183, "longitude": 96.2964, "landslide_category": "mudslide", "landslide_trigger": "mining", "fatalities": 50, "injuries": 0, "inside_ne_polygon": false, "susceptibility_probability": null, "susceptibility_class_num": null, "susceptibility_class_name": "Unclassified" }, "geometry": { "type": "Point", "coordinates": [ 96.2964, 25.6183 ] } },
{ "type": "Feature", "properties": { "event_id": "NASA_GLC_313", "source": "NASA_GLC", "event_title": "NH-39 at Piphema,  6 km towards Dimapur from Kohima in Nagaland", "event_date": "10/16/2007 12:00:00 AM", "state": "Nāgāland", "location_description": "NH-39 at Piphema,  6 km towards Dimapur from Kohima in Nagaland", "latitude": 25.7055, "longitude": 94.0132, "landslide_category": "landslide", "landslide_trigger": "rain", "fatalities": 0, "injuries": 0, "inside_ne_polygon": true, "susceptibility_probability": 0.8676, "susceptibility_class_num": 5.0, "susceptibility_class_name": "Very High (80-100%)" }, "geometry": { "type": "Point", "coordinates": [ 94.0132, 25.7055 ] } },
{ "type": "Feature", "properties": { "event_id": "NASA_GLC_9010", "source": "NASA_GLC", "event_title": "Hoj-Potin Highway, Arunachal Pradesh, India", "event_date": "07/16/2016 12:00:00 AM", "state": "Arunachal Pradesh", "location_description": "Hoj-Potin Highway, Arunachal Pradesh, India", "latitude": 27.3034, "longitude": 93.804, "landslide_category": "mudslide", "landslide_trigger": "downpour", "fatalities": 1, "injuries": 0, "inside_ne_polygon": true, "susceptibility_probability": null, "susceptibility_class_num": 5.0, "susceptibility_class_name": "Very High (80-100%)" }, "geometry": { "type": "Point", "coordinates": [ 93.804, 27.3034 ] } },
{ "type": "Feature", "properties": { "event_id": "NASA_GLC_2539", "source": "NASA_GLC", "event_title": "Mosing village, Upper Siang district, Arunachal Pradesh", "event_date": "10-03-2010 00:00", "state": "Arunāchal Pradesh", "location_description": "Mosing village, Upper Siang district, Arunachal Pradesh", "latitude": 28.3092, "longitude": 95.4149, "landslide_category": "landslide", "landslide_trigger": "downpour", "fatalities": 10, "injuries": 0, "inside_ne_polygon": true, "susceptibility_probability": null, "susceptibility_class_num": 5.0, "susceptibility_class_name": "Very High (80-100%)" }, "geometry": { "type": "Point", "coordinates": [ 95.4149, 28.3092 ] } },
{ "type": "Feature", "properties": { "event_id": "NASA_GLC_6331", "source": "NASA_GLC", "event_title": "Kiphire-Seyochung road near Yangzitong village", "event_date": "09-08-2014 00:00", "state": "Nagaland", "location_description": "Kiphire-Seyochung road near Yangzitong village", "latitude": 25.9466, "longitude": 94.6279, "landslide_category": "mudslide", "landslide_trigger": "unknown", "fatalities": 0, "injuries": 0, "inside_ne_polygon": true, "susceptibility_probability": null, "susceptibility_class_num": 5.0, "susceptibility_class_name": "Very High (80-100%)" }, "geometry": { "type": "Point", "coordinates": [ 94.6279, 25.9466 ] } },
{ "type": "Feature", "properties": { "event_id": "NASA_GLC_5485", "source": "NASA_GLC", "event_title": "Chungthang, Sikkim", "event_date": "09-08-2013 00:00", "state": "nan", "location_description": "Chungthang, Sikkim", "latitude": 27.6047, "longitude": 88.6463, "landslide_category": "rock_fall", "landslide_trigger": "rain", "fatalities": 1, "injuries": 2, "inside_ne_polygon": true, "susceptibility_probability": 0.9862, "susceptibility_class_num": 5.0, "susceptibility_class_name": "Very High (80-100%)" }, "geometry": { "type": "Point", "coordinates": [ 88.6463, 27.6047 ] } },
{ "type": "Feature", "properties": { "event_id": "NASA_GLC_4554", "source": "NASA_GLC", "event_title": "Thimphu-Phuentsholing Highway, between Taktikoti and Wangkha, Phuentsholing,  Chukha , Bhutan", "event_date": "09/15/2012 12:00:00 AM", "state": "Chhukha", "location_description": "Thimphu-Phuentsholing Highway, between Taktikoti and Wangkha, Phuentsholing,  Chukha , Bhutan", "latitude": 26.8597, "longitude": 89.3903, "landslide_category": "landslide", "landslide_trigger": "downpour", "fatalities": 0, "injuries": 0, "inside_ne_polygon": false, "susceptibility_probability": null, "susceptibility_class_num": null, "susceptibility_class_name": "Unclassified" }, "geometry": { "type": "Point", "coordinates": [ 89.3903, 26.8597 ] } },
{ "type": "Feature", "properties": { "event_id": "NASA_GLC_94", "source": "NASA_GLC", "event_title": "National Highway 31A at Sevoke", "event_date": "06/15/2007 12:00:00 AM", "state": "Bengal", "location_description": "National Highway 31A at Sevoke", "latitude": 26.8096, "longitude": 88.526, "landslide_category": "landslide", "landslide_trigger": "rain", "fatalities": 0, "injuries": 0, "inside_ne_polygon": false, "susceptibility_probability": null, "susceptibility_class_num": null, "susceptibility_class_name": "Unclassified" }, "geometry": { "type": "Point", "coordinates": [ 88.526, 26.8096 ] } },
{ "type": "Feature", "properties": { "event_id": "NASA_GLC_1987", "source": "NASA_GLC", "event_title": "rails between Mahur and Wadringdisa(?), Assam", "event_date": "06/15/2010 12:00:00 AM", "state": "Assam", "location_description": "rails between Mahur and Wadringdisa(?), Assam", "latitude": 25.2269, "longitude": 93.1658, "landslide_category": "landslide", "landslide_trigger": "downpour", "fatalities": 0, "injuries": 0, "inside_ne_polygon": true, "susceptibility_probability": null, "susceptibility_class_num": 1.0, "susceptibility_class_name": "Very Low (0-20%)" }, "geometry": { "type": "Point", "coordinates": [ 93.1658, 25.2269 ] } },
{ "type": "Feature", "properties": { "event_id": "NASA_GLC_2043", "source": "NASA_GLC", "event_title": "Mon, Nagaland", "event_date": "07-06-2010 00:00", "state": "Nāgāland", "location_description": "Mon, Nagaland", "latitude": 26.7225, "longitude": 95.0281, "landslide_category": "mudslide", "landslide_trigger": "monsoon", "fatalities": 0, "injuries": 0, "inside_ne_polygon": true, "susceptibility_probability": 0.7241, "susceptibility_class_num": 4.0, "susceptibility_class_name": "High (60-80%)" }, "geometry": { "type": "Point", "coordinates": [ 95.0281, 26.7225 ] } },
{ "type": "Feature", "properties": { "event_id": "NASA_GLC_7910", "source": "NASA_GLC", "event_title": "Chandel", "event_date": "08-01-2015 00:00", "state": "Manipur", "location_description": "Chandel", "latitude": 24.3481, "longitude": 94.1146, "landslide_category": "landslide", "landslide_trigger": "unknown", "fatalities": 0, "injuries": 0, "inside_ne_polygon": true, "susceptibility_probability": null, "susceptibility_class_num": 3.0, "susceptibility_class_name": "Moderate (40-60%)" }, "geometry": { "type": "Point", "coordinates": [ 94.1146, 24.3481 ] } },
{ "type": "Feature", "properties": { "event_id": "NASA_GLC_6775", "source": "NASA_GLC", "event_title": "Kailashpur hill", "event_date": "02/14/2015 12:00:00 AM", "state": "Assam", "location_description": "Kailashpur hill", "latitude": 26.1468, "longitude": 91.6469, "landslide_category": "landslide", "landslide_trigger": "mining", "fatalities": 1, "injuries": 2, "inside_ne_polygon": true, "susceptibility_probability": 0.2953, "susceptibility_class_num": 2.0, "susceptibility_class_name": "Low (20-40%)" }, "geometry": { "type": "Point", "coordinates": [ 91.6469, 26.1468 ] } },
{ "type": "Feature", "properties": { "event_id": "NASA_GLC_1776", "source": "NASA_GLC", "event_title": "Shillong-Jowai(Jwai)-Badarpur National Highway(NH 44) at Sunapur village in Jaintia Hills District", "event_date": "04/21/2010 12:00:00 AM", "state": "Meghālaya", "location_description": "Shillong-Jowai(Jwai)-Badarpur National Highway(NH 44) at Sunapur village in Jaintia Hills District", "latitude": 25.3612, "longitude": 92.2845, "landslide_category": "landslide", "landslide_trigger": "downpour", "fatalities": 0, "injuries": 0, "inside_ne_polygon": true, "susceptibility_probability": null, "susceptibility_class_num": 2.0, "susceptibility_class_name": "Low (20-40%)" }, "geometry": { "type": "Point", "coordinates": [ 92.2845, 25.3612 ] } },
{ "type": "Feature", "properties": { "event_id": "NASA_GLC_6786", "source": "NASA_GLC", "event_title": "Hailākāndi : Two labourers died while another was injured in a landslide in Assam's Hailakandi district, the police said today.", "event_date": "02/19/2015 11:00:00 PM", "state": "Assam", "location_description": "nan", "latitude": 24.6108, "longitude": 92.562, "landslide_category": "landslide", "landslide_trigger": "mining", "fatalities": 2, "injuries": 1, "inside_ne_polygon": true, "susceptibility_probability": null, "susceptibility_class_num": 1.0, "susceptibility_class_name": "Very Low (0-20%)" }, "geometry": { "type": "Point", "coordinates": [ 92.562, 24.6108 ] } },
{ "type": "Feature", "properties": { "event_id": "NASA_GLC_6291", "source": "NASA_GLC", "event_title": "National Highway 51", "event_date": "09/21/2014 12:00:00 AM", "state": "Meghalaya", "location_description": "National Highway 51", "latitude": 25.7354, "longitude": 90.3852, "landslide_category": "landslide", "landslide_trigger": "continuous_rain", "fatalities": 0, "injuries": 0, "inside_ne_polygon": true, "susceptibility_probability": null, "susceptibility_class_num": 4.0, "susceptibility_class_name": "High (60-80%)" }, "geometry": { "type": "Point", "coordinates": [ 90.3852, 25.7354 ] } },
{ "type": "Feature", "properties": { "event_id": "NASA_GLC_6213", "source": "NASA_GLC", "event_title": "Meghalaya", "event_date": "09/24/2014 12:00:00 AM", "state": "Meghalaya", "location_description": "Meghalaya", "latitude": 25.8143, "longitude": 90.5763, "landslide_category": "landslide", "landslide_trigger": "continuous_rain", "fatalities": 0, "injuries": 0, "inside_ne_polygon": true, "susceptibility_probability": null, "susceptibility_class_num": 1.0, "susceptibility_class_name": "Very Low (0-20%)" }, "geometry": { "type": "Point", "coordinates": [ 90.5763, 25.8143 ] } },
{ "type": "Feature", "properties": { "event_id": "NASA_GLC_2415", "source": "NASA_GLC", "event_title": "power lines 5 km from Kohima", "event_date": "09-12-2010 00:00", "state": "Nāgāland", "location_description": "power lines 5 km from Kohima", "latitude": 25.63961883, "longitude": 94.11112157, "landslide_category": "landslide", "landslide_trigger": "downpour", "fatalities": 0, "injuries": 0, "inside_ne_polygon": true, "susceptibility_probability": 0.9822, "susceptibility_class_num": 5.0, "susceptibility_class_name": "Very High (80-100%)" }, "geometry": { "type": "Point", "coordinates": [ 94.11112157, 25.63961883 ] } },
{ "type": "Feature", "properties": { "event_id": "NASA_GLC_9336", "source": "NASA_GLC", "event_title": "Ramchandi , Hailakandi District, Assam, India", "event_date": "05/18/2016 08:00:00 AM", "state": "Assam", "location_description": "Ramchandi , Hailakandi District, Assam, India", "latitude": 24.5308, "longitude": 92.5121, "landslide_category": "landslide", "landslide_trigger": "continuous_rain", "fatalities": 1, "injuries": 0, "inside_ne_polygon": true, "susceptibility_probability": 0.0388, "susceptibility_class_num": 1.0, "susceptibility_class_name": "Very Low (0-20%)" }, "geometry": { "type": "Point", "coordinates": [ 92.5121, 24.5308 ] } },
{ "type": "Feature", "properties": { "event_id": "NASA_GLC_9604", "source": "NASA_GLC", "event_title": "Legship", "event_date": "10-12-2016 00:00", "state": "Sikkim", "location_description": "Legship", "latitude": 27.2676, "longitude": 88.2891, "landslide_category": "landslide", "landslide_trigger": "continuous_rain", "fatalities": 0, "injuries": 0, "inside_ne_polygon": true, "susceptibility_probability": null, "susceptibility_class_num": 5.0, "susceptibility_class_name": "Very High (80-100%)" }, "geometry": { "type": "Point", "coordinates": [ 88.2891, 27.2676 ] } },
{ "type": "Feature", "properties": { "event_id": "NASA_GLC_1170", "source": "NASA_GLC", "event_title": "Tindharia and Rong Tong", "event_date": "09/18/2009 12:00:00 AM", "state": "Bengal", "location_description": "Tindharia and Rong Tong", "latitude": 26.8342, "longitude": 88.2798, "landslide_category": "landslide", "landslide_trigger": "rain", "fatalities": 0, "injuries": 0, "inside_ne_polygon": false, "susceptibility_probability": null, "susceptibility_class_num": null, "susceptibility_class_name": "Unclassified" }, "geometry": { "type": "Point", "coordinates": [ 88.2798, 26.8342 ] } },
{ "type": "Feature", "properties": { "event_id": "NASA_GLC_7837", "source": "NASA_GLC", "event_title": "three graveyards within Aizawl", "event_date": "08/27/2015 12:00:00 AM", "state": "Mizoram", "location_description": "three graveyards within Aizawl", "latitude": 23.7269, "longitude": 92.7265, "landslide_category": "landslide", "landslide_trigger": "downpour", "fatalities": 0, "injuries": 0, "inside_ne_polygon": true, "susceptibility_probability": 0.9274, "susceptibility_class_num": 5.0, "susceptibility_class_name": "Very High (80-100%)" }, "geometry": { "type": "Point", "coordinates": [ 92.7265, 23.7269 ] } },
{ "type": "Feature", "properties": { "event_id": "NASA_GLC_4309", "source": "NASA_GLC", "event_title": "Thumangdrak, 18 km from Trongsa", "event_date": "04-06-2012 23:00", "state": "Shemgang", "location_description": "Thumangdrak, 18 km from Trongsa", "latitude": 27.256, "longitude": 90.5257, "landslide_category": "complex", "landslide_trigger": "unknown", "fatalities": 0, "injuries": 0, "inside_ne_polygon": false, "susceptibility_probability": null, "susceptibility_class_num": null, "susceptibility_class_name": "Unclassified" }, "geometry": { "type": "Point", "coordinates": [ 90.5257, 27.256 ] } },
{ "type": "Feature", "properties": { "event_id": "NASA_GLC_7267", "source": "NASA_GLC", "event_title": "NH-2 between Senapati and Mao", "event_date": "07/22/2015 12:00:00 AM", "state": "Manipur", "location_description": "NH-2 between Senapati and Mao", "latitude": 25.3908, "longitude": 94.0926, "landslide_category": "landslide", "landslide_trigger": "continuous_rain", "fatalities": 0, "injuries": 0, "inside_ne_polygon": true, "susceptibility_probability": 0.6497, "susceptibility_class_num": 4.0, "susceptibility_class_name": "High (60-80%)" }, "geometry": { "type": "Point", "coordinates": [ 94.0926, 25.3908 ] } },
{ "type": "Feature", "properties": { "event_id": "NASA_GLC_84", "source": "NASA_GLC", "event_title": "Chittagong", "event_date": "06-11-2007 10:00", "state": "Chittagong", "location_description": "Chittagong", "latitude": 22.3555, "longitude": 91.8205, "landslide_category": "landslide", "landslide_trigger": "monsoon", "fatalities": 128, "injuries": 150, "inside_ne_polygon": false, "susceptibility_probability": null, "susceptibility_class_num": null, "susceptibility_class_name": "Unclassified" }, "geometry": { "type": "Point", "coordinates": [ 91.8205, 22.3555 ] } },
{ "type": "Feature", "properties": { "event_id": "NASA_GLC_4848", "source": "NASA_GLC", "event_title": "Purba Simna, Tripura", "event_date": "05-08-2013 00:00", "state": "Tripura", "location_description": "Purba Simna, Tripura", "latitude": 24.0896, "longitude": 91.4663, "landslide_category": "landslide", "landslide_trigger": "rain", "fatalities": 1, "injuries": 0, "inside_ne_polygon": true, "susceptibility_probability": null, "susceptibility_class_num": 1.0, "susceptibility_class_name": "Very Low (0-20%)" }, "geometry": { "type": "Point", "coordinates": [ 91.4663, 24.0896 ] } },
{ "type": "Feature", "properties": { "event_id": "NASA_GLC_3617", "source": "NASA_GLC", "event_title": "Pankhabari and Rohini routes in Kurseong", "event_date": "06/17/2011 11:00:00 PM", "state": "Bengal", "location_description": "Pankhabari and Rohini routes in Kurseong", "latitude": 26.84850975, "longitude": 88.26181745, "landslide_category": "landslide", "landslide_trigger": "continuous_rain", "fatalities": 0, "injuries": 0, "inside_ne_polygon": false, "susceptibility_probability": null, "susceptibility_class_num": null, "susceptibility_class_name": "Unclassified" }, "geometry": { "type": "Point", "coordinates": [ 88.26181745, 26.84850975 ] } },
{ "type": "Feature", "properties": { "event_id": "NASA_GLC_9122", "source": "NASA_GLC", "event_title": "Noonmati, Guwahati, Assam, India", "event_date": "07/20/2016 12:00:00 AM", "state": "Assam", "location_description": "Noonmati, Guwahati, Assam, India", "latitude": 26.1966, "longitude": 91.802, "landslide_category": "landslide", "landslide_trigger": "rain", "fatalities": 0, "injuries": 0, "inside_ne_polygon": true, "susceptibility_probability": 0.0349, "susceptibility_class_num": 1.0, "susceptibility_class_name": "Very Low (0-20%)" }, "geometry": { "type": "Point", "coordinates": [ 91.802, 26.1966 ] } },
{ "type": "Feature", "properties": { "event_id": "NASA_GLC_11152", "source": "NASA_GLC", "event_title": "Landslide in Sirakhong", "event_date": "04-06-2017 13:19", "state": "nan", "location_description": "Sirakhong, Ukhrul Central, Ukhrul, Manipur State, India", "latitude": 25.08303063, "longitude": 94.23757741, "landslide_category": "landslide", "landslide_trigger": "unknown", "fatalities": 0, "injuries": 0, "inside_ne_polygon": true, "susceptibility_probability": 0.9635, "susceptibility_class_num": 5.0, "susceptibility_class_name": "Very High (80-100%)" }, "geometry": { "type": "Point", "coordinates": [ 94.23757741, 25.08303063 ] } },
{ "type": "Feature", "properties": { "event_id": "NASA_GLC_2574", "source": "NASA_GLC", "event_title": "between Mahur and Maigrandisa(?) or Lumding, Assam", "event_date": "10-09-2010 00:00", "state": "Assam", "location_description": "between Mahur and Maigrandisa(?) or Lumding, Assam", "latitude": 25.4749, "longitude": 93.1477, "landslide_category": "landslide", "landslide_trigger": "downpour", "fatalities": 0, "injuries": 0, "inside_ne_polygon": true, "susceptibility_probability": 0.0024, "susceptibility_class_num": 1.0, "susceptibility_class_name": "Very Low (0-20%)" }, "geometry": { "type": "Point", "coordinates": [ 93.1477, 25.4749 ] } },
{ "type": "Feature", "properties": { "event_id": "NASA_GLC_6282", "source": "NASA_GLC", "event_title": "Lalmati", "event_date": "09/22/2014 12:00:00 AM", "state": "Assam", "location_description": "Lalmati", "latitude": 26.1097, "longitude": 91.7747, "landslide_category": "landslide", "landslide_trigger": "rain", "fatalities": 1, "injuries": 0, "inside_ne_polygon": true, "susceptibility_probability": 0.1614, "susceptibility_class_num": 1.0, "susceptibility_class_name": "Very Low (0-20%)" }, "geometry": { "type": "Point", "coordinates": [ 91.7747, 26.1097 ] } },
{ "type": "Feature", "properties": { "event_id": "NASA_GLC_2263", "source": "NASA_GLC", "event_title": "Dikhu bridge(?), Mokokchung-Tuensang road, Nagaland", "event_date": "08/17/2010 12:00:00 AM", "state": "Nāgāland", "location_description": "Dikhu bridge(?), Mokokchung-Tuensang road, Nagaland", "latitude": 26.2753, "longitude": 94.6654, "landslide_category": "landslide", "landslide_trigger": "downpour", "fatalities": 0, "injuries": 0, "inside_ne_polygon": true, "susceptibility_probability": 0.4821, "susceptibility_class_num": 3.0, "susceptibility_class_name": "Moderate (40-60%)" }, "geometry": { "type": "Point", "coordinates": [ 94.6654, 26.2753 ] } },
{ "type": "Feature", "properties": { "event_id": "NASA_GLC_620", "source": "NASA_GLC", "event_title": "Kalimpong", "event_date": "06/30/2008 12:00:00 AM", "state": "Bengal", "location_description": "Kalimpong", "latitude": 27.0771, "longitude": 88.482, "landslide_category": "landslide", "landslide_trigger": "downpour", "fatalities": 0, "injuries": 0, "inside_ne_polygon": false, "susceptibility_probability": null, "susceptibility_class_num": null, "susceptibility_class_name": "Unclassified" }, "geometry": { "type": "Point", "coordinates": [ 88.482, 27.0771 ] } },
{ "type": "Feature", "properties": { "event_id": "NASA_GLC_6289", "source": "NASA_GLC", "event_title": "Pamohi", "event_date": "09/22/2014 12:00:00 AM", "state": "Assam", "location_description": "Pamohi", "latitude": 26.1001, "longitude": 91.6849, "landslide_category": "landslide", "landslide_trigger": "rain", "fatalities": 0, "injuries": 0, "inside_ne_polygon": true, "susceptibility_probability": 0.0153, "susceptibility_class_num": 1.0, "susceptibility_class_name": "Very Low (0-20%)" }, "geometry": { "type": "Point", "coordinates": [ 91.6849, 26.1001 ] } },
{ "type": "Feature", "properties": { "event_id": "NASA_GLC_9087", "source": "NASA_GLC", "event_title": "5 km off Sangam point on Aalo- Pangin road, Arunachal Pradesh, India", "event_date": "07/19/2016 12:00:00 AM", "state": "Arunachal Pradesh", "location_description": "5 km off Sangam point on Aalo- Pangin road, Arunachal Pradesh, India", "latitude": 28.235, "longitude": 94.9612, "landslide_category": "landslide", "landslide_trigger": "downpour", "fatalities": 0, "injuries": 0, "inside_ne_polygon": true, "susceptibility_probability": null, "susceptibility_class_num": 5.0, "susceptibility_class_name": "Very High (80-100%)" }, "geometry": { "type": "Point", "coordinates": [ 94.9612, 28.235 ] } },
{ "type": "Feature", "properties": { "event_id": "NASA_GLC_2279", "source": "NASA_GLC", "event_title": "NH 31A at Likhuvir(?), near Teesta Bazar, 42nd Km marker(?), Kalimpong, West Bengal cutting off Sikkim and Kalimpong", "event_date": "08/19/2010 12:00:00 AM", "state": "Bengal", "location_description": "NH 31A at Likhuvir(?), near Teesta Bazar, 42nd Km marker(?), Kalimpong, West Bengal cutting off Sikkim and Kalimpong", "latitude": 26.9722, "longitude": 88.4481, "landslide_category": "landslide", "landslide_trigger": "downpour", "fatalities": 0, "injuries": 0, "inside_ne_polygon": false, "susceptibility_probability": null, "susceptibility_class_num": null, "susceptibility_class_name": "Unclassified" }, "geometry": { "type": "Point", "coordinates": [ 88.4481, 26.9722 ] } },
{ "type": "Feature", "properties": { "event_id": "NASA_GLC_1030", "source": "NASA_GLC", "event_title": "Darjeeling Sadar, Darjeeling West Bengal", "event_date": "05/26/2009 12:00:00 AM", "state": "Bengal", "location_description": "Darjeeling Sadar, Darjeeling West Bengal", "latitude": 27.04357147, "longitude": 88.26522126, "landslide_category": "landslide", "landslide_trigger": "tropical_cyclone", "fatalities": 14, "injuries": 0, "inside_ne_polygon": false, "susceptibility_probability": null, "susceptibility_class_num": null, "susceptibility_class_name": "Unclassified" }, "geometry": { "type": "Point", "coordinates": [ 88.26522126, 27.04357147 ] } },
{ "type": "Feature", "properties": { "event_id": "NASA_GLC_130", "source": "NASA_GLC", "event_title": "Guwahati", "event_date": "07/19/2007 12:00:00 AM", "state": "Assam", "location_description": "Guwahati", "latitude": 26.1699, "longitude": 91.7986, "landslide_category": "landslide", "landslide_trigger": "rain", "fatalities": 6, "injuries": 0, "inside_ne_polygon": true, "susceptibility_probability": 0.0292, "susceptibility_class_num": 1.0, "susceptibility_class_name": "Very Low (0-20%)" }, "geometry": { "type": "Point", "coordinates": [ 91.7986, 26.1699 ] } },
{ "type": "Feature", "properties": { "event_id": "NASA_GLC_11167", "source": "NASA_GLC", "event_title": "Landslide on road near Durga Mandir", "event_date": "07-09-2017 13:23", "state": "nan", "location_description": "Naharlagun Sub-District, Papum Pare, Arunachal Pradesh", "latitude": 27.11610665, "longitude": 93.79559574, "landslide_category": "landslide", "landslide_trigger": "continuous_rain", "fatalities": 0, "injuries": 0, "inside_ne_polygon": true, "susceptibility_probability": 0.0811, "susceptibility_class_num": 1.0, "susceptibility_class_name": "Very Low (0-20%)" }, "geometry": { "type": "Point", "coordinates": [ 93.79559574, 27.11610665 ] } },
{ "type": "Feature", "properties": { "event_id": "NASA_GLC_10980", "source": "NASA_GLC", "event_title": "Landslide in Mahur", "event_date": "04-04-2017 12:57", "state": "nan", "location_description": "Mahur, Assam, India", "latitude": 25.181453, "longitude": 93.118105, "landslide_category": "landslide", "landslide_trigger": "rain", "fatalities": 0, "injuries": 0, "inside_ne_polygon": true, "susceptibility_probability": 0.6124, "susceptibility_class_num": 4.0, "susceptibility_class_name": "High (60-80%)" }, "geometry": { "type": "Point", "coordinates": [ 93.118105, 25.181453 ] } },
{ "type": "Feature", "properties": { "event_id": "NASA_GLC_10983", "source": "NASA_GLC", "event_title": "Jaflong Landslide Caused by Illegal Stone Picking", "event_date": "03/16/2017 04:46:00 PM", "state": "nan", "location_description": "Noyabosti area beside the Piyan River, Jaflong, Gowainghat upazila, Sylhet District, Bangladesh, Y:25.178619 X:92.012806", "latitude": 25.178619, "longitude": 92.012806, "landslide_category": "landslide", "landslide_trigger": "mining", "fatalities": 2, "injuries": 2, "inside_ne_polygon": false, "susceptibility_probability": null, "susceptibility_class_num": null, "susceptibility_class_name": "Unclassified" }, "geometry": { "type": "Point", "coordinates": [ 92.012806, 25.178619 ] } },
{ "type": "Feature", "properties": { "event_id": "NASA_GLC_10964", "source": "NASA_GLC", "event_title": "Sankarsena landslide buries two during hill-cutting", "event_date": "11-01-2016 14:24", "state": "nan", "location_description": "Sankarsena, Nabiganj upazilla, Habiganj, Gaznaipur Union, Bangladesh", "latitude": 24.506937, "longitude": 91.588893, "landslide_category": "landslide", "landslide_trigger": "mining", "fatalities": 2, "injuries": 0, "inside_ne_polygon": false, "susceptibility_probability": null, "susceptibility_class_num": null, "susceptibility_class_name": "Unclassified" }, "geometry": { "type": "Point", "coordinates": [ 91.588893, 24.506937 ] } },
{ "type": "Feature", "properties": { "event_id": "NASA_GLC_10988", "source": "NASA_GLC", "event_title": "Landslide on NH-6", "event_date": "07-09-2017 18:45", "state": "nan", "location_description": "Pahamrynnai, Ribhoi, Meghalaya", "latitude": 25.82601444, "longitude": 91.87113067, "landslide_category": "landslide", "landslide_trigger": "continuous_rain", "fatalities": 0, "injuries": 0, "inside_ne_polygon": true, "susceptibility_probability": null, "susceptibility_class_num": 4.0, "susceptibility_class_name": "High (60-80%)" }, "geometry": { "type": "Point", "coordinates": [ 91.87113067, 25.82601444 ] } },
{ "type": "Feature", "properties": { "event_id": "NASA_GLC_11182", "source": "NASA_GLC", "event_title": "Landslides block roads connecting to Lhamoizingkha", "event_date": "07-08-2017 14:21", "state": "nan", "location_description": "Bhutan", "latitude": 27.02099026, "longitude": 89.90712175, "landslide_category": "landslide", "landslide_trigger": "downpour", "fatalities": 0, "injuries": 0, "inside_ne_polygon": false, "susceptibility_probability": null, "susceptibility_class_num": null, "susceptibility_class_name": "Unclassified" }, "geometry": { "type": "Point", "coordinates": [ 89.90712175, 27.02099026 ] } },
{ "type": "Feature", "properties": { "event_id": "NASA_GLC_11176", "source": "NASA_GLC", "event_title": "Fatal landslide in Gussar circle", "event_date": "06/20/2017 01:16:00 PM", "state": "nan", "location_description": "Gussar, Upper Subansiri, Arunachal Pradesh", "latitude": 28.10756941, "longitude": 94.18315697, "landslide_category": "landslide", "landslide_trigger": "rain", "fatalities": 1, "injuries": 0, "inside_ne_polygon": true, "susceptibility_probability": 0.6846, "susceptibility_class_num": 4.0, "susceptibility_class_name": "High (60-80%)" }, "geometry": { "type": "Point", "coordinates": [ 94.18315697, 28.10756941 ] } },
{ "type": "Feature", "properties": { "event_id": "NASA_GLC_10955", "source": "NASA_GLC", "event_title": "Fatal landslide in Budungpara", "event_date": "06/18/2017 02:21:00 PM", "state": "nan", "location_description": "Budungpara, Ragmar Upazila, Bangladesh", "latitude": 22.97758595, "longitude": 91.80439129, "landslide_category": "landslide", "landslide_trigger": "downpour", "fatalities": 2, "injuries": 0, "inside_ne_polygon": false, "susceptibility_probability": null, "susceptibility_class_num": null, "susceptibility_class_name": "Unclassified" }, "geometry": { "type": "Point", "coordinates": [ 91.80439129, 22.97758595 ] } },
{ "type": "Feature", "properties": { "event_id": "NASA_GLC_11150", "source": "NASA_GLC", "event_title": "NH-37 Landslide in the Tamenglong District", "event_date": "03/30/2017 08:28:00 PM", "state": "nan", "location_description": "NH-37, between T. Laijang and K. Sinam villages, Tamenglong district, Manipur, 795008", "latitude": 24.79591421, "longitude": 93.72386429, "landslide_category": "landslide", "landslide_trigger": "downpour", "fatalities": 0, "injuries": 0, "inside_ne_polygon": true, "susceptibility_probability": null, "susceptibility_class_num": 5.0, "susceptibility_class_name": "Very High (80-100%)" }, "geometry": { "type": "Point", "coordinates": [ 93.72386429, 24.79591421 ] } },
{ "type": "Feature", "properties": { "event_id": "NASA_GLC_11179", "source": "NASA_GLC", "event_title": "Landslide on Phuntsholing-Thimphu road", "event_date": "07-08-2017 14:21", "state": "nan", "location_description": "Phuntsholing-Thimphu road, Bhutan", "latitude": 27.02856666, "longitude": 89.57220662, "landslide_category": "landslide", "landslide_trigger": "downpour", "fatalities": 0, "injuries": 0, "inside_ne_polygon": false, "susceptibility_probability": null, "susceptibility_class_num": null, "susceptibility_class_name": "Unclassified" }, "geometry": { "type": "Point", "coordinates": [ 89.57220662, 27.02856666 ] } },
{ "type": "Feature", "properties": { "event_id": "NASA_GLC_10957", "source": "NASA_GLC", "event_title": "Landslides throuhgout Lunglei District", "event_date": "06-09-2017 14:21", "state": "nan", "location_description": "Tlabung, Lungsen, Lunglei, Mizoram", "latitude": 22.90813548, "longitude": 92.47207294, "landslide_category": "landslide", "landslide_trigger": "rain", "fatalities": 10, "injuries": 0, "inside_ne_polygon": true, "susceptibility_probability": null, "susceptibility_class_num": 4.0, "susceptibility_class_name": "High (60-80%)" }, "geometry": { "type": "Point", "coordinates": [ 92.47207294, 22.90813548 ] } },
{ "type": "Feature", "properties": { "event_id": "NASA_GLC_10985", "source": "NASA_GLC", "event_title": "Fatal landslide in Mawjrong", "event_date": "06/17/2017 06:45:00 PM", "state": "nan", "location_description": "Khatarshnong Laitkroh, East Khasi Hills, Meghalaya", "latitude": 25.43807422, "longitude": 91.79904872, "landslide_category": "landslide", "landslide_trigger": "continuous_rain", "fatalities": 1, "injuries": 2, "inside_ne_polygon": true, "susceptibility_probability": null, "susceptibility_class_num": 1.0, "susceptibility_class_name": "Very Low (0-20%)" }, "geometry": { "type": "Point", "coordinates": [ 91.79904872, 25.43807422 ] } },
{ "type": "Feature", "properties": { "event_id": "NASA_GLC_10989", "source": "NASA_GLC", "event_title": "Stone Quarry Landslide in Lamlyer", "event_date": "02/15/2017 10:56:00 PM", "state": "nan", "location_description": "Mawryngkneng, East Khasi Hills, Meghalaya", "latitude": 25.51826286, "longitude": 91.9630294, "landslide_category": "landslide", "landslide_trigger": "mining", "fatalities": 2, "injuries": 0, "inside_ne_polygon": true, "susceptibility_probability": 0.7405, "susceptibility_class_num": 4.0, "susceptibility_class_name": "High (60-80%)" }, "geometry": { "type": "Point", "coordinates": [ 91.9630294, 25.51826286 ] } },
{ "type": "Feature", "properties": { "event_id": "NASA_GLC_10974", "source": "NASA_GLC", "event_title": "Fatal landslide in Bonda", "event_date": "04-05-2017 13:19", "state": "nan", "location_description": "Bonda, Guwahati, Assam, India", "latitude": 26.16066111, "longitude": 91.85294885, "landslide_category": "landslide", "landslide_trigger": "continuous_rain", "fatalities": 2, "injuries": 0, "inside_ne_polygon": true, "susceptibility_probability": 0.111, "susceptibility_class_num": 1.0, "susceptibility_class_name": "Very Low (0-20%)" }, "geometry": { "type": "Point", "coordinates": [ 91.85294885, 26.16066111 ] } },
{ "type": "Feature", "properties": { "event_id": "NASA_GLC_11175", "source": "NASA_GLC", "event_title": "Fatal landslide in Yangte", "event_date": "05-03-2017 14:05", "state": "nan", "location_description": "Yangte, Kra Daadi District, Arunachal Pradesh, India", "latitude": 27.82743132, "longitude": 93.62407259, "landslide_category": "landslide", "landslide_trigger": "rain", "fatalities": 1, "injuries": 0, "inside_ne_polygon": true, "susceptibility_probability": 0.9088, "susceptibility_class_num": 5.0, "susceptibility_class_name": "Very High (80-100%)" }, "geometry": { "type": "Point", "coordinates": [ 93.62407259, 27.82743132 ] } },
{ "type": "Feature", "properties": { "event_id": "NASA_GLC_11180", "source": "NASA_GLC", "event_title": "Landslide on road between Wangdue and Thimphu", "event_date": "07-08-2017 14:21", "state": "nan", "location_description": "Wangdeu-Thimphu road, Bhutan", "latitude": 27.51353298, "longitude": 89.79033898, "landslide_category": "landslide", "landslide_trigger": "downpour", "fatalities": 0, "injuries": 0, "inside_ne_polygon": false, "susceptibility_probability": null, "susceptibility_class_num": null, "susceptibility_class_name": "Unclassified" }, "geometry": { "type": "Point", "coordinates": [ 89.79033898, 27.51353298 ] } },
{ "type": "Feature", "properties": { "event_id": "NASA_GLC_10962", "source": "NASA_GLC", "event_title": "Landslide damages Aizawl-Champhai Road", "event_date": "06/17/2017 01:16:00 PM", "state": "nan", "location_description": "Aizawl-Champhai road, Champhai, Mizoram State, India", "latitude": 23.65637182, "longitude": 93.02746602000001, "landslide_category": "landslide", "landslide_trigger": "continuous_rain", "fatalities": 0, "injuries": 0, "inside_ne_polygon": true, "susceptibility_probability": 0.6898, "susceptibility_class_num": 4.0, "susceptibility_class_name": "High (60-80%)" }, "geometry": { "type": "Point", "coordinates": [ 93.02746602, 23.65637182 ] } },
{ "type": "Feature", "properties": { "event_id": "NASA_GLC_10982", "source": "NASA_GLC", "event_title": "Quarry Worker Killed in Companigonj Landslide", "event_date": "03-06-2017 20:35", "state": "nan", "location_description": "Uthma Chara quarry, Companigonj Upazila, Bangladesh", "latitude": 25.092576, "longitude": 91.763689, "landslide_category": "landslide", "landslide_trigger": "mining", "fatalities": 1, "injuries": 0, "inside_ne_polygon": false, "susceptibility_probability": null, "susceptibility_class_num": null, "susceptibility_class_name": "Unclassified" }, "geometry": { "type": "Point", "coordinates": [ 91.763689, 25.092576 ] } },
{ "type": "Feature", "properties": { "event_id": "NASA_GLC_11164", "source": "NASA_GLC", "event_title": "Landslides on Itanagar-Naharlagun road", "event_date": "07-09-2017 13:23", "state": "nan", "location_description": "NH-52A, Naharlagun Sub-District, Papum Pare, Arunachal Pradesh, 791111", "latitude": 27.1071241, "longitude": 93.65156438, "landslide_category": "landslide", "landslide_trigger": "continuous_rain", "fatalities": 0, "injuries": 0, "inside_ne_polygon": true, "susceptibility_probability": 0.5244, "susceptibility_class_num": 3.0, "susceptibility_class_name": "Moderate (40-60%)" }, "geometry": { "type": "Point", "coordinates": [ 93.65156438, 27.1071241 ] } },
{ "type": "Feature", "properties": { "event_id": "NASA_GLC_10977", "source": "NASA_GLC", "event_title": "Landslides along National Highway 54", "event_date": "04-04-2017 12:57", "state": "nan", "location_description": "nan", "latitude": 25.481623, "longitude": 93.141692, "landslide_category": "landslide", "landslide_trigger": "rain", "fatalities": 0, "injuries": 0, "inside_ne_polygon": true, "susceptibility_probability": 0.0564, "susceptibility_class_num": 1.0, "susceptibility_class_name": "Very Low (0-20%)" }, "geometry": { "type": "Point", "coordinates": [ 93.141692, 25.481623 ] } },
{ "type": "Feature", "properties": { "event_id": "NASA_GLC_11153", "source": "NASA_GLC", "event_title": "Landslide in Langol Laimanai", "event_date": "07-09-2017 13:23", "state": "nan", "location_description": "Langol Laimanai, Imphal West, Manipur", "latitude": 24.83507319, "longitude": 93.89896294, "landslide_category": "landslide", "landslide_trigger": "continuous_rain", "fatalities": 0, "injuries": 0, "inside_ne_polygon": true, "susceptibility_probability": null, "susceptibility_class_num": 5.0, "susceptibility_class_name": "Very High (80-100%)" }, "geometry": { "type": "Point", "coordinates": [ 93.89896294, 24.83507319 ] } },
{ "type": "Feature", "properties": { "event_id": "NASA_GLC_11168", "source": "NASA_GLC", "event_title": "Large landslide at Laptap village", "event_date": "07-11-2017 14:21", "state": "nan", "location_description": "Laptap, Papum Pare, Arunachal Pradesh, India", "latitude": 27.21668161, "longitude": 93.63051815, "landslide_category": "landslide", "landslide_trigger": "continuous_rain", "fatalities": 14, "injuries": 0, "inside_ne_polygon": true, "susceptibility_probability": null, "susceptibility_class_num": 5.0, "susceptibility_class_name": "Very High (80-100%)" }, "geometry": { "type": "Point", "coordinates": [ 93.63051815, 27.21668161 ] } },
{ "type": "Feature", "properties": { "event_id": "NASA_GLC_10967", "source": "NASA_GLC", "event_title": "Landslide near Molnom blocks road", "event_date": "07-10-2017 18:45", "state": "nan", "location_description": "NH-150, Churachandpur, Manipur, 795133", "latitude": 24.37169581, "longitude": 93.70684171000001, "landslide_category": "landslide", "landslide_trigger": "rain", "fatalities": 0, "injuries": 0, "inside_ne_polygon": true, "susceptibility_probability": null, "susceptibility_class_num": 1.0, "susceptibility_class_name": "Very Low (0-20%)" }, "geometry": { "type": "Point", "coordinates": [ 93.70684171, 24.37169581 ] } },
{ "type": "Feature", "properties": { "event_id": "NASA_GLC_10987", "source": "NASA_GLC", "event_title": "Fatal landslide in Umiam", "event_date": "06/17/2017 06:45:00 PM", "state": "nan", "location_description": "Umiam, Ribhoi, Meghalaya", "latitude": 25.67836832, "longitude": 91.9234343, "landslide_category": "landslide", "landslide_trigger": "continuous_rain", "fatalities": 3, "injuries": 0, "inside_ne_polygon": true, "susceptibility_probability": null, "susceptibility_class_num": 3.0, "susceptibility_class_name": "Moderate (40-60%)" }, "geometry": { "type": "Point", "coordinates": [ 91.9234343, 25.67836832 ] } },
{ "type": "Feature", "properties": { "event_id": "NASA_GLC_11172", "source": "NASA_GLC", "event_title": "Landslide at Niti Vihar", "event_date": "07-09-2017 13:23", "state": "nan", "location_description": "Niti Vihar, Itanagar, Arunachal Pradesh, India", "latitude": 27.0844941, "longitude": 93.60505989000001, "landslide_category": "landslide", "landslide_trigger": "continuous_rain", "fatalities": 0, "injuries": 0, "inside_ne_polygon": true, "susceptibility_probability": 0.5974, "susceptibility_class_num": 3.0, "susceptibility_class_name": "Moderate (40-60%)" }, "geometry": { "type": "Point", "coordinates": [ 93.60505989, 27.0844941 ] } },
{ "type": "Feature", "properties": { "event_id": "NASA_GLC_10984", "source": "NASA_GLC", "event_title": "Makeshift Stone Quarry Landslide Kills Worker", "event_date": "03-08-2017 21:02", "state": "nan", "location_description": "Jaflang Mandir, Gowainghat upazila, Sylhet Division, Bangladesh", "latitude": 25.167803, "longitude": 92.019575, "landslide_category": "landslide", "landslide_trigger": "mining", "fatalities": 1, "injuries": 0, "inside_ne_polygon": false, "susceptibility_probability": null, "susceptibility_class_num": null, "susceptibility_class_name": "Unclassified" }, "geometry": { "type": "Point", "coordinates": [ 92.019575, 25.167803 ] } },
{ "type": "Feature", "properties": { "event_id": "NASA_GLC_10966", "source": "NASA_GLC", "event_title": "Fatal landslide in Dimai village", "event_date": "06/18/2017 02:21:00 PM", "state": "nan", "location_description": "Dimai village (??), Barlekha Upazila, Bangaldesh", "latitude": 24.70412149, "longitude": 92.23034662000001, "landslide_category": "landslide", "landslide_trigger": "rain", "fatalities": 2, "injuries": 0, "inside_ne_polygon": false, "susceptibility_probability": null, "susceptibility_class_num": null, "susceptibility_class_name": "Unclassified" }, "geometry": { "type": "Point", "coordinates": [ 92.23034662, 24.70412149 ] } },
{ "type": "Feature", "properties": { "event_id": "NASA_GLC_10979", "source": "NASA_GLC", "event_title": "Landslide in Phaiding", "event_date": "04-04-2017 12:57", "state": "nan", "location_description": "Phaiding, Assam, India", "latitude": 25.195355, "longitude": 93.172758, "landslide_category": "landslide", "landslide_trigger": "rain", "fatalities": 0, "injuries": 0, "inside_ne_polygon": true, "susceptibility_probability": null, "susceptibility_class_num": 5.0, "susceptibility_class_name": "Very High (80-100%)" }, "geometry": { "type": "Point", "coordinates": [ 93.172758, 25.195355 ] } },
{ "type": "Feature", "properties": { "event_id": "NASA_GLC_10963", "source": "NASA_GLC", "event_title": "Damaging landslide in Serchhip District", "event_date": "06-12-2017 14:21", "state": "nan", "location_description": "Serchhip District, Mizoram, 796230", "latitude": 23.33501164, "longitude": 92.85410625, "landslide_category": "landslide", "landslide_trigger": "rain", "fatalities": 1, "injuries": 0, "inside_ne_polygon": true, "susceptibility_probability": null, "susceptibility_class_num": 5.0, "susceptibility_class_name": "Very High (80-100%)" }, "geometry": { "type": "Point", "coordinates": [ 92.85410625, 23.33501164 ] } },
{ "type": "Feature", "properties": { "event_id": "NASA_GLC_10981", "source": "NASA_GLC", "event_title": "Companiganj Landslide in Stone Quarry", "event_date": "01/23/2017 02:49:00 PM", "state": "nan", "location_description": "Companiganj, Sylhet Division, Bangladesh", "latitude": 25.08734272, "longitude": 91.75063827, "landslide_category": "landslide", "landslide_trigger": "mining", "fatalities": 5, "injuries": 0, "inside_ne_polygon": false, "susceptibility_probability": null, "susceptibility_class_num": null, "susceptibility_class_name": "Unclassified" }, "geometry": { "type": "Point", "coordinates": [ 91.75063827, 25.08734272 ] } },
{ "type": "Feature", "properties": { "event_id": "NASA_GLC_10968", "source": "NASA_GLC", "event_title": "Landslide blocks road near Thanlon", "event_date": "07-09-2017 13:23", "state": "nan", "location_description": "Thanlon, Churachandpur, Manipur", "latitude": 24.27173018, "longitude": 93.28039349, "landslide_category": "landslide", "landslide_trigger": "continuous_rain", "fatalities": 0, "injuries": 0, "inside_ne_polygon": true, "susceptibility_probability": 0.9095, "susceptibility_class_num": 5.0, "susceptibility_class_name": "Very High (80-100%)" }, "geometry": { "type": "Point", "coordinates": [ 93.28039349, 24.27173018 ] } },
{ "type": "Feature", "properties": { "event_id": "NASA_GLC_11177", "source": "NASA_GLC", "event_title": "Landslide in Tawang", "event_date": "07-11-2017 14:24", "state": "nan", "location_description": "Tawang, Arunchal Pradesh", "latitude": 27.583849, "longitude": 91.876945, "landslide_category": "landslide", "landslide_trigger": "rain", "fatalities": 19, "injuries": 0, "inside_ne_polygon": true, "susceptibility_probability": 0.874, "susceptibility_class_num": 5.0, "susceptibility_class_name": "Very High (80-100%)" }, "geometry": { "type": "Point", "coordinates": [ 91.876945, 27.583849 ] } },
{ "type": "Feature", "properties": { "event_id": "NASA_GLC_11158", "source": "NASA_GLC", "event_title": "Landslide destroys houses in Kohiama, near High School area", "event_date": "07-12-2017 13:28", "state": "nan", "location_description": "Kohima, Nagaland, India", "latitude": 25.69111465, "longitude": 94.09483333, "landslide_category": "landslide", "landslide_trigger": "rain", "fatalities": 0, "injuries": 0, "inside_ne_polygon": true, "susceptibility_probability": 0.9655, "susceptibility_class_num": 5.0, "susceptibility_class_name": "Very High (80-100%)" }, "geometry": { "type": "Point", "coordinates": [ 94.09483333, 25.69111465 ] } },
{ "type": "Feature", "properties": { "event_id": "NASA_GLC_11183", "source": "NASA_GLC", "event_title": "Cars crushed by deadly landslide on Chongey road, Sikkim", "event_date": "07-10-2017 12:55", "state": "nan", "location_description": "East Sikkim", "latitude": 27.360364, "longitude": 88.651914, "landslide_category": "rock_fall", "landslide_trigger": "nan", "fatalities": 0, "injuries": 0, "inside_ne_polygon": true, "susceptibility_probability": 0.9803, "susceptibility_class_num": 5.0, "susceptibility_class_name": "Very High (80-100%)" }, "geometry": { "type": "Point", "coordinates": [ 88.651914, 27.360364 ] } },
{ "type": "Feature", "properties": { "event_id": "NASA_GLC_10969", "source": "NASA_GLC", "event_title": "Kalay-Tiddim-Reed Route Landslide near Sozan village suspends border trade", "event_date": "03/19/2017 03:47:00 PM", "state": "nan", "location_description": "Kalay-Tiddim-Reed Route, near Sozan Village, Chin State, Myanmar", "latitude": 23.32140323, "longitude": 93.75079688, "landslide_category": "landslide", "landslide_trigger": "unknown", "fatalities": 0, "injuries": 0, "inside_ne_polygon": false, "susceptibility_probability": null, "susceptibility_class_num": null, "susceptibility_class_name": "Unclassified" }, "geometry": { "type": "Point", "coordinates": [ 93.75079688, 23.32140323 ] } },
{ "type": "Feature", "properties": { "event_id": "NASA_GLC_11170", "source": "NASA_GLC", "event_title": "Mudslides in Borum and Nyorch", "event_date": "07-09-2017 13:23", "state": "nan", "location_description": "Naharlagun Sub-District, Papum Pare, Arunachal Pradesh", "latitude": 27.14163897, "longitude": 93.66495709, "landslide_category": "mudslide", "landslide_trigger": "continuous_rain", "fatalities": 0, "injuries": 0, "inside_ne_polygon": true, "susceptibility_probability": 0.6893, "susceptibility_class_num": 4.0, "susceptibility_class_name": "High (60-80%)" }, "geometry": { "type": "Point", "coordinates": [ 93.66495709, 27.14163897 ] } },
{ "type": "Feature", "properties": { "event_id": "NASA_GLC_11169", "source": "NASA_GLC", "event_title": "Landslide on Itanagar- Jote-Tapiasso road", "event_date": "07-09-2017 14:21", "state": "nan", "location_description": "Itanagar- Jote-Tapiasso road, Papum Pare, Arunachal Pradesh", "latitude": 27.05957271, "longitude": 93.50102778, "landslide_category": "landslide", "landslide_trigger": "continuous_rain", "fatalities": 0, "injuries": 0, "inside_ne_polygon": true, "susceptibility_probability": 0.7878, "susceptibility_class_num": 4.0, "susceptibility_class_name": "High (60-80%)" }, "geometry": { "type": "Point", "coordinates": [ 93.50102778, 27.05957271 ] } },
{ "type": "Feature", "properties": { "event_id": "NASA_GLC_10958", "source": "NASA_GLC", "event_title": "Landslide Triggered by Digging at Rangamati", "event_date": "03/16/2017 08:44:00 PM", "state": "nan", "location_description": "a hill in Rangamati, College Gate area, Bangladesh", "latitude": 22.64753, "longitude": 92.15455, "landslide_category": "landslide", "landslide_trigger": "construction", "fatalities": 3, "injuries": 1, "inside_ne_polygon": false, "susceptibility_probability": null, "susceptibility_class_num": null, "susceptibility_class_name": "Unclassified" }, "geometry": { "type": "Point", "coordinates": [ 92.15455, 22.64753 ] } },
{ "type": "Feature", "properties": { "event_id": "NASA_GLC_11171", "source": "NASA_GLC", "event_title": "Landslide on Senki View road", "event_date": "04/26/2017 01:17:00 PM", "state": "nan", "location_description": "Senki View, Itanagar, Papum Pare, Arunachal Pradesh, India", "latitude": 27.104022, "longitude": 93.61156568, "landslide_category": "landslide", "landslide_trigger": "continuous_rain", "fatalities": 0, "injuries": 0, "inside_ne_polygon": true, "susceptibility_probability": 0.3683, "susceptibility_class_num": 2.0, "susceptibility_class_name": "Low (20-40%)" }, "geometry": { "type": "Point", "coordinates": [ 93.61156568, 27.104022 ] } },
{ "type": "Feature", "properties": { "event_id": "NASA_GLC_10976", "source": "NASA_GLC", "event_title": "Landslide in Harangajao", "event_date": "04-04-2017 12:57", "state": "nan", "location_description": "Harangajao, Assam, India", "latitude": 25.118398, "longitude": 92.853913, "landslide_category": "landslide", "landslide_trigger": "rain", "fatalities": 0, "injuries": 0, "inside_ne_polygon": true, "susceptibility_probability": 0.7973, "susceptibility_class_num": 4.0, "susceptibility_class_name": "High (60-80%)" }, "geometry": { "type": "Point", "coordinates": [ 92.853913, 25.118398 ] } },
{ "type": "Feature", "properties": { "event_id": "NASA_GLC_10970", "source": "NASA_GLC", "event_title": "Jade Mine Collapse in Hpakant in Kachin State Kills 9", "event_date": "02-09-2017 17:05", "state": "nan", "location_description": "Hpakant, Kachin, Myanmar (Burma)", "latitude": 25.61953667, "longitude": 96.3086022, "landslide_category": "landslide", "landslide_trigger": "mining", "fatalities": 9, "injuries": 0, "inside_ne_polygon": false, "susceptibility_probability": null, "susceptibility_class_num": null, "susceptibility_class_name": "Unclassified" }, "geometry": { "type": "Point", "coordinates": [ 96.3086022, 25.61953667 ] } },
{ "type": "Feature", "properties": { "event_id": "NASA_GLC_10978", "source": "NASA_GLC", "event_title": "Landslide in N. Leikul", "event_date": "04-04-2017 12:57", "state": "nan", "location_description": "N. Leikul, Assam, India", "latitude": 25.132228, "longitude": 93.04681, "landslide_category": "landslide", "landslide_trigger": "rain", "fatalities": 0, "injuries": 0, "inside_ne_polygon": true, "susceptibility_probability": 0.9376, "susceptibility_class_num": 5.0, "susceptibility_class_name": "Very High (80-100%)" }, "geometry": { "type": "Point", "coordinates": [ 93.04681, 25.132228 ] } },
{ "type": "Feature", "properties": { "event_id": "NASA_GLC_11165", "source": "NASA_GLC", "event_title": "Landslide near Civil Secretariat, Itanagar", "event_date": "07-09-2017 13:23", "state": "nan", "location_description": "Civil Secretariat, Itanagar, Arunachal Pradesh, India", "latitude": 27.092916, "longitude": 93.61882043, "landslide_category": "landslide", "landslide_trigger": "continuous_rain", "fatalities": 0, "injuries": 0, "inside_ne_polygon": true, "susceptibility_probability": 0.6807, "susceptibility_class_num": 4.0, "susceptibility_class_name": "High (60-80%)" }, "geometry": { "type": "Point", "coordinates": [ 93.61882043, 27.092916 ] } },
{ "type": "Feature", "properties": { "event_id": "NASA_GLC_11159", "source": "NASA_GLC", "event_title": "Landslide on NH-2 between Sinam and Laijang", "event_date": "07-09-2017 13:23", "state": "nan", "location_description": "Jakhama, Kohima, Nagaland", "latitude": 25.6320357, "longitude": 94.10065403, "landslide_category": "landslide", "landslide_trigger": "continuous_rain", "fatalities": 0, "injuries": 0, "inside_ne_polygon": true, "susceptibility_probability": 0.84, "susceptibility_class_num": 5.0, "susceptibility_class_name": "Very High (80-100%)" }, "geometry": { "type": "Point", "coordinates": [ 94.10065403, 25.6320357 ] } },
{ "type": "Feature", "properties": { "event_id": "NASA_GLC_10959", "source": "NASA_GLC", "event_title": "Comilla Landslide Kills Two", "event_date": "03/16/2017 08:44:00 PM", "state": "nan", "location_description": "Tipra Bazar, near Cantonment area, Bangladesh", "latitude": 23.438189, "longitude": 91.125374, "landslide_category": "landslide", "landslide_trigger": "construction", "fatalities": 2, "injuries": 1, "inside_ne_polygon": false, "susceptibility_probability": null, "susceptibility_class_num": null, "susceptibility_class_name": "Unclassified" }, "geometry": { "type": "Point", "coordinates": [ 91.125374, 23.438189 ] } },
{ "type": "Feature", "properties": { "event_id": "NASA_GLC_11178", "source": "NASA_GLC", "event_title": "Landslide traps commuters", "event_date": "06/18/2017 01:16:00 PM", "state": "nan", "location_description": "Bhalukpong, Assam", "latitude": 26.96437841, "longitude": 92.78260587, "landslide_category": "landslide", "landslide_trigger": "monsoon", "fatalities": 0, "injuries": 0, "inside_ne_polygon": true, "susceptibility_probability": 0.5179, "susceptibility_class_num": 3.0, "susceptibility_class_name": "Moderate (40-60%)" }, "geometry": { "type": "Point", "coordinates": [ 92.78260587, 26.96437841 ] } },
{ "type": "Feature", "properties": { "event_id": "NASA_GLC_11163", "source": "NASA_GLC", "event_title": "Fatal landslide in Narayanpur", "event_date": "07-10-2017 14:21", "state": "nan", "location_description": "Narayanpur, Lakhimpur, Assam, 784164", "latitude": 26.95223279, "longitude": 93.85748748, "landslide_category": "landslide", "landslide_trigger": "continuous_rain", "fatalities": 2, "injuries": 0, "inside_ne_polygon": true, "susceptibility_probability": 0.0038, "susceptibility_class_num": 1.0, "susceptibility_class_name": "Very Low (0-20%)" }, "geometry": { "type": "Point", "coordinates": [ 93.85748748, 26.95223279 ] } },
{ "type": "Feature", "properties": { "event_id": "NASA_GLC_10961", "source": "NASA_GLC", "event_title": "Landslide blocks NH-54", "event_date": "04/25/2017 05:58:00 PM", "state": "nan", "location_description": "NH-54, North Thingdawl, Kolasib, Mizoram, 796075", "latitude": 24.0135808, "longitude": 92.67420963, "landslide_category": "landslide", "landslide_trigger": "continuous_rain", "fatalities": 0, "injuries": 0, "inside_ne_polygon": true, "susceptibility_probability": null, "susceptibility_class_num": 5.0, "susceptibility_class_name": "Very High (80-100%)" }, "geometry": { "type": "Point", "coordinates": [ 92.67420963, 24.0135808 ] } },
{ "type": "Feature", "properties": { "event_id": "NASA_GLC_11156", "source": "NASA_GLC", "event_title": "Landslide on NH-29 between Dimapur and Kohima", "event_date": "05/16/2017 02:05:00 PM", "state": "nan", "location_description": "NH-29, Sechu (Zubza), Kohima, Nagaland, 797002", "latitude": 25.73318099, "longitude": 93.99655231, "landslide_category": "landslide", "landslide_trigger": "continuous_rain", "fatalities": 0, "injuries": 0, "inside_ne_polygon": true, "susceptibility_probability": 0.8591, "susceptibility_class_num": 5.0, "susceptibility_class_name": "Very High (80-100%)" }, "geometry": { "type": "Point", "coordinates": [ 93.99655231, 25.73318099 ] } },
{ "type": "Feature", "properties": { "event_id": "NASA_GLC_11161", "source": "NASA_GLC", "event_title": "Landslide on road isolates villages", "event_date": "06/24/2017 01:23:00 PM", "state": "nan", "location_description": "Alongkima, Mokokchung, Nagaland", "latitude": 26.66354481, "longitude": 94.62220277, "landslide_category": "landslide", "landslide_trigger": "rain", "fatalities": 0, "injuries": 0, "inside_ne_polygon": true, "susceptibility_probability": null, "susceptibility_class_num": 3.0, "susceptibility_class_name": "Moderate (40-60%)" }, "geometry": { "type": "Point", "coordinates": [ 94.62220277, 26.66354481 ] } },
{ "type": "Feature", "properties": { "event_id": "NASA_GLC_10864", "source": "NASA_GLC", "event_title": "Brickfield Worker Killed in Pirgachha upazila During Work", "event_date": "02-07-2017 18:52", "state": "nan", "location_description": "Pirgachha Upazila, Rangpur Division, Bangladesh, পীরগাছা", "latitude": 25.64319355, "longitude": 89.45570226, "landslide_category": "mudslide", "landslide_trigger": "construction", "fatalities": 1, "injuries": 1, "inside_ne_polygon": false, "susceptibility_probability": null, "susceptibility_class_num": null, "susceptibility_class_name": "Unclassified" }, "geometry": { "type": "Point", "coordinates": [ 89.45570226, 25.64319355 ] } },
{ "type": "Feature", "properties": { "event_id": "NASA_GLC_11155", "source": "NASA_GLC", "event_title": "Landslides at Kiruphema village", "event_date": "07-08-2017 13:23", "state": "nan", "location_description": "Kiruphema village, Kohima, Nagaland", "latitude": 25.72019272, "longitude": 94.03225673, "landslide_category": "landslide", "landslide_trigger": "continuous_rain", "fatalities": 0, "injuries": 0, "inside_ne_polygon": true, "susceptibility_probability": 0.866, "susceptibility_class_num": 5.0, "susceptibility_class_name": "Very High (80-100%)" }, "geometry": { "type": "Point", "coordinates": [ 94.03225673, 25.72019272 ] } },
{ "type": "Feature", "properties": { "event_id": "NASA_GLC_11154", "source": "NASA_GLC", "event_title": "Landslide blocks NH-29 between Pherima and Phiphema", "event_date": "04-07-2017 13:19", "state": "nan", "location_description": "Medziphema, Dimapur, Nagaland", "latitude": 25.77171292, "longitude": 93.93507183, "landslide_category": "landslide", "landslide_trigger": "rain", "fatalities": 0, "injuries": 0, "inside_ne_polygon": true, "susceptibility_probability": 0.3433, "susceptibility_class_num": 2.0, "susceptibility_class_name": "Low (20-40%)" }, "geometry": { "type": "Point", "coordinates": [ 93.93507183, 25.77171292 ] } },
{ "type": "Feature", "properties": { "event_id": "NASA_GLC_10965", "source": "NASA_GLC", "event_title": "Landslide in Lawachara National Park", "event_date": "06/19/2017 02:21:00 PM", "state": "nan", "location_description": "Lawachara National Park, Bangladesh", "latitude": 24.33197035, "longitude": 91.8008536, "landslide_category": "landslide", "landslide_trigger": "rain", "fatalities": 0, "injuries": 0, "inside_ne_polygon": false, "susceptibility_probability": null, "susceptibility_class_num": null, "susceptibility_class_name": "Unclassified" }, "geometry": { "type": "Point", "coordinates": [ 91.8008536, 24.33197035 ] } },
{ "type": "Feature", "properties": { "event_id": "NASA_GLC_10956", "source": "NASA_GLC", "event_title": "Fatal landslide in Lakhsmichhari", "event_date": "06/18/2017 02:21:00 PM", "state": "nan", "location_description": "Lakshmichhari Upazila, Bangladesh", "latitude": 22.84756674, "longitude": 91.95656252000001, "landslide_category": "landslide", "landslide_trigger": "rain", "fatalities": 1, "injuries": 0, "inside_ne_polygon": false, "susceptibility_probability": null, "susceptibility_class_num": null, "susceptibility_class_name": "Unclassified" }, "geometry": { "type": "Point", "coordinates": [ 91.95656252, 22.84756674 ] } },
{ "type": "Feature", "properties": { "event_id": "NASA_GLC_10986", "source": "NASA_GLC", "event_title": "Landslide on NH-6", "event_date": "07-06-2017 13:16", "state": "nan", "location_description": "Umsning, Ribhoi, Meghalaya State, India", "latitude": 25.82860033, "longitude": 91.876717, "landslide_category": "landslide", "landslide_trigger": "downpour", "fatalities": 0, "injuries": 0, "inside_ne_polygon": true, "susceptibility_probability": null, "susceptibility_class_num": 4.0, "susceptibility_class_name": "High (60-80%)" }, "geometry": { "type": "Point", "coordinates": [ 91.876717, 25.82860033 ] } },
{ "type": "Feature", "properties": { "event_id": "NASA_GLC_11166", "source": "NASA_GLC", "event_title": "Landslides in Aalo", "event_date": "07-09-2017 13:23", "state": "nan", "location_description": "Aalo, Itanagar, Papum Pare, Arunachal Pradesh", "latitude": 27.07671517, "longitude": 93.59755441, "landslide_category": "landslide", "landslide_trigger": "continuous_rain", "fatalities": 0, "injuries": 0, "inside_ne_polygon": true, "susceptibility_probability": 0.379, "susceptibility_class_num": 2.0, "susceptibility_class_name": "Low (20-40%)" }, "geometry": { "type": "Point", "coordinates": [ 93.59755441, 27.07671517 ] } },
{ "type": "Feature", "properties": { "event_id": "NASA_GLC_11181", "source": "NASA_GLC", "event_title": "Landslide blocks road between Dagapela and Dagana", "event_date": "07-08-2017 14:21", "state": "nan", "location_description": "Bhutan", "latitude": 27.04040393, "longitude": 89.90633458000001, "landslide_category": "landslide", "landslide_trigger": "downpour", "fatalities": 0, "injuries": 0, "inside_ne_polygon": false, "susceptibility_probability": null, "susceptibility_class_num": null, "susceptibility_class_name": "Unclassified" }, "geometry": { "type": "Point", "coordinates": [ 89.90633458, 27.04040393 ] } },
{ "type": "Feature", "properties": { "event_id": "NASA_GLC_10960", "source": "NASA_GLC", "event_title": "Landslide in Mizoram", "event_date": "09/17/2016 02:54:00 PM", "state": "nan", "location_description": "Mizoram, India", "latitude": 23.725943, "longitude": 92.7178, "landslide_category": "landslide", "landslide_trigger": "nan", "fatalities": 5, "injuries": 0, "inside_ne_polygon": true, "susceptibility_probability": 0.9608, "susceptibility_class_num": 5.0, "susceptibility_class_name": "Very High (80-100%)" }, "geometry": { "type": "Point", "coordinates": [ 92.7178, 23.725943 ] } },
{ "type": "Feature", "properties": { "event_id": "NASA_GLC_11157", "source": "NASA_GLC", "event_title": "Significant landslide blocks NH-29 near Peducha", "event_date": "07-09-2017 13:23", "state": "nan", "location_description": "Peducha, Kohima, Nagaland State, India", "latitude": 25.73111942, "longitude": 93.98827528, "landslide_category": "landslide", "landslide_trigger": "continuous_rain", "fatalities": 0, "injuries": 0, "inside_ne_polygon": true, "susceptibility_probability": 0.8446, "susceptibility_class_num": 5.0, "susceptibility_class_name": "Very High (80-100%)" }, "geometry": { "type": "Point", "coordinates": [ 93.98827528, 25.73111942 ] } },
{ "type": "Feature", "properties": { "event_id": "NASA_GLC_11151", "source": "NASA_GLC", "event_title": "Landslides along Lamlang River", "event_date": "07-08-2017 13:23", "state": "nan", "location_description": "Ukhrul Central, Ukhrul, Manipur", "latitude": 25.06466676, "longitude": 94.27420555, "landslide_category": "landslide", "landslide_trigger": "continuous_rain", "fatalities": 0, "injuries": 0, "inside_ne_polygon": true, "susceptibility_probability": 0.9185, "susceptibility_class_num": 5.0, "susceptibility_class_name": "Very High (80-100%)" }, "geometry": { "type": "Point", "coordinates": [ 94.27420555, 25.06466676 ] } },
{ "type": "Feature", "properties": { "event_id": "NASA_GLC_11160", "source": "NASA_GLC", "event_title": "Landslide in Tuensang Village", "event_date": "07-10-2017 14:21", "state": "nan", "location_description": "Tuensang, Nagaland", "latitude": 26.2632687, "longitude": 94.81481951000001, "landslide_category": "landslide", "landslide_trigger": "unknown", "fatalities": 0, "injuries": 0, "inside_ne_polygon": true, "susceptibility_probability": 0.9942, "susceptibility_class_num": 5.0, "susceptibility_class_name": "Very High (80-100%)" }, "geometry": { "type": "Point", "coordinates": [ 94.81481951, 26.2632687 ] } },
{ "type": "Feature", "properties": { "event_id": "NASA_GLC_11174", "source": "NASA_GLC", "event_title": "Fatal landslide near Palin", "event_date": "04/22/2017 06:27:00 PM", "state": "nan", "location_description": "Palin, Kurung Kumey, Arunachal Pradesh", "latitude": 27.6802471, "longitude": 93.62592773, "landslide_category": "landslide", "landslide_trigger": "continuous_rain", "fatalities": 3, "injuries": 0, "inside_ne_polygon": true, "susceptibility_probability": 0.8798, "susceptibility_class_num": 5.0, "susceptibility_class_name": "Very High (80-100%)" }, "geometry": { "type": "Point", "coordinates": [ 93.62592773, 27.6802471 ] } },
{ "type": "Feature", "properties": { "event_id": "NASA_GLC_10865", "source": "NASA_GLC", "event_title": "Landslide on Samdrupjongkhar to Trashigang road", "event_date": "07-08-2017 14:21", "state": "nan", "location_description": "Bhutan", "latitude": 27.16009861, "longitude": 91.6036289, "landslide_category": "landslide", "landslide_trigger": "rain", "fatalities": 0, "injuries": 0, "inside_ne_polygon": false, "susceptibility_probability": null, "susceptibility_class_num": null, "susceptibility_class_name": "Unclassified" }, "geometry": { "type": "Point", "coordinates": [ 91.6036289, 27.16009861 ] } },
{ "type": "Feature", "properties": { "event_id": "NASA_GLC_11149", "source": "NASA_GLC", "event_title": "Landslide on NH-37", "event_date": "07-09-2017 13:23", "state": "nan", "location_description": "NH-37, Manipur State, India", "latitude": 24.82767572, "longitude": 93.51825, "landslide_category": "landslide", "landslide_trigger": "continuous_rain", "fatalities": 0, "injuries": 0, "inside_ne_polygon": true, "susceptibility_probability": 0.6636, "susceptibility_class_num": 4.0, "susceptibility_class_name": "High (60-80%)" }, "geometry": { "type": "Point", "coordinates": [ 93.51825, 24.82767572 ] } },
{ "type": "Feature", "properties": { "event_id": "NASA_GLC_11173", "source": "NASA_GLC", "event_title": "Landslide at IMC Ward Number 18", "event_date": "04/22/2017 06:27:00 PM", "state": "nan", "location_description": "IMC ward #18 (??), Lower Subansiri, Arunachal Pradesh", "latitude": 27.61790706, "longitude": 93.84196894, "landslide_category": "landslide", "landslide_trigger": "monsoon", "fatalities": 0, "injuries": 0, "inside_ne_polygon": true, "susceptibility_probability": 0.8971, "susceptibility_class_num": 5.0, "susceptibility_class_name": "Very High (80-100%)" }, "geometry": { "type": "Point", "coordinates": [ 93.84196894, 27.61790706 ] } },
{ "type": "Feature", "properties": { "event_id": "NASA_GLC_10975", "source": "NASA_GLC", "event_title": "Fatal landslide in Makhim village", "event_date": "04/29/2017 01:17:00 PM", "state": "nan", "location_description": "Makhim (??), West Karbi Anglong, Assam", "latitude": 25.61919207, "longitude": 92.7094701, "landslide_category": "landslide", "landslide_trigger": "continuous_rain", "fatalities": 3, "injuries": 0, "inside_ne_polygon": true, "susceptibility_probability": 0.0434, "susceptibility_class_num": 1.0, "susceptibility_class_name": "Very Low (0-20%)" }, "geometry": { "type": "Point", "coordinates": [ 92.7094701, 25.61919207 ] } },
{ "type": "Feature", "properties": { "event_id": "NASA_GLC_11162", "source": "NASA_GLC", "event_title": "Landslide blocks NH-37", "event_date": "07-09-2017 18:45", "state": "nan", "location_description": "Burapahar, Nagaon, Assam", "latitude": 26.56636244, "longitude": 93.13195098, "landslide_category": "landslide", "landslide_trigger": "continuous_rain", "fatalities": 0, "injuries": 0, "inside_ne_polygon": true, "susceptibility_probability": null, "susceptibility_class_num": 1.0, "susceptibility_class_name": "Very Low (0-20%)" }, "geometry": { "type": "Point", "coordinates": [ 93.13195098, 26.56636244 ] } },
{ "type": "Feature", "properties": { "event_id": "NASA_GLC_10973", "source": "NASA_GLC", "event_title": "Landslide at Pub Sarania Hill", "event_date": "12/15/2016 05:00:00 AM", "state": "nan", "location_description": "Pub Sarania Hill, Guwahati, Assam, India", "latitude": 26.181606, "longitude": 91.772042, "landslide_category": "landslide", "landslide_trigger": "unknown", "fatalities": 1, "injuries": 0, "inside_ne_polygon": true, "susceptibility_probability": 0.1146, "susceptibility_class_num": 1.0, "susceptibility_class_name": "Very Low (0-20%)" }, "geometry": { "type": "Point", "coordinates": [ 91.772042, 26.181606 ] } },
{ "type": "Feature", "properties": { "event_id": "SIKKIM_INV_0001", "source": "Sikkim_State_Inventory", "event_title": "Sikkim Debris flow - Gangtok basin", "event_date": "nan", "state": "Sikkim", "location_description": "Gangtok basin - Geology: LHS Daling", "latitude": 27.28073438539538, "longitude": 88.570538342581543, "landslide_category": "Debris flow", "landslide_trigger": "Monsoon Rainfall / Slope Instability", "fatalities": 0, "injuries": 0, "inside_ne_polygon": true, "susceptibility_probability": 0.8965, "susceptibility_class_num": 5.0, "susceptibility_class_name": "Very High (80-100%)" }, "geometry": { "type": "Point", "coordinates": [ 88.570538342581543, 27.28073438539538 ] } },
{ "type": "Feature", "properties": { "event_id": "SIKKIM_INV_0002", "source": "Sikkim_State_Inventory", "event_title": "Sikkim Debris flow - Gangtok basin", "event_date": "nan", "state": "Sikkim", "location_description": "Gangtok basin - Geology: LHS Daling", "latitude": 27.255345231280739, "longitude": 88.630938198206877, "landslide_category": "Debris flow", "landslide_trigger": "Monsoon Rainfall / Slope Instability", "fatalities": 0, "injuries": 0, "inside_ne_polygon": true, "susceptibility_probability": 0.9845, "susceptibility_class_num": 5.0, "susceptibility_class_name": "Very High (80-100%)" }, "geometry": { "type": "Point", "coordinates": [ 88.630938198206877, 27.255345231280739 ] } },
{ "type": "Feature", "properties": { "event_id": "SIKKIM_INV_0003", "source": "Sikkim_State_Inventory", "event_title": "Sikkim Debris flow - Gangtok basin", "event_date": "Image 3/12/2012", "state": "Sikkim", "location_description": "Gangtok basin - Geology: LHS Daling", "latitude": 27.308641666666659, "longitude": 88.66735833333334, "landslide_category": "Debris flow", "landslide_trigger": "Monsoon Rainfall / Slope Instability", "fatalities": 0, "injuries": 0, "inside_ne_polygon": true, "susceptibility_probability": 0.6984, "susceptibility_class_num": 4.0, "susceptibility_class_name": "High (60-80%)" }, "geometry": { "type": "Point", "coordinates": [ 88.66735833333334, 27.308641666666659 ] } },
{ "type": "Feature", "properties": { "event_id": "SIKKIM_INV_0004", "source": "Sikkim_State_Inventory", "event_title": "Sikkim Debris flow - Gangtok basin", "event_date": "2017", "state": "Sikkim", "location_description": "Gangtok basin - Geology: LHS Daling", "latitude": 27.262886111111118, "longitude": 88.590822222222215, "landslide_category": "Debris flow", "landslide_trigger": "Monsoon Rainfall / Slope Instability", "fatalities": 0, "injuries": 0, "inside_ne_polygon": true, "susceptibility_probability": 0.9635, "susceptibility_class_num": 5.0, "susceptibility_class_name": "Very High (80-100%)" }, "geometry": { "type": "Point", "coordinates": [ 88.590822222222215, 27.262886111111118 ] } },
{ "type": "Feature", "properties": { "event_id": "SIKKIM_INV_0005", "source": "Sikkim_State_Inventory", "event_title": "Sikkim Debris flow - Gangtok basin", "event_date": "2017", "state": "Sikkim", "location_description": "Gangtok basin - Geology: LHS Daling", "latitude": 27.328093151351691, "longitude": 88.623805163767756, "landslide_category": "Debris flow", "landslide_trigger": "Monsoon Rainfall / Slope Instability", "fatalities": 0, "injuries": 0, "inside_ne_polygon": true, "susceptibility_probability": 0.9524, "susceptibility_class_num": 5.0, "susceptibility_class_name": "Very High (80-100%)" }, "geometry": { "type": "Point", "coordinates": [ 88.623805163767756, 27.328093151351691 ] } },
{ "type": "Feature", "properties": { "event_id": "SIKKIM_INV_0006", "source": "Sikkim_State_Inventory", "event_title": "Sikkim Debris flow - Gangtok basin", "event_date": "2011", "state": "Sikkim", "location_description": "Gangtok basin - Geology: MCT zone", "latitude": 27.35486944444445, "longitude": 88.661258333333336, "landslide_category": "Debris flow", "landslide_trigger": "Monsoon Rainfall / Slope Instability", "fatalities": 0, "injuries": 0, "inside_ne_polygon": true, "susceptibility_probability": 0.9879, "susceptibility_class_num": 5.0, "susceptibility_class_name": "Very High (80-100%)" }, "geometry": { "type": "Point", "coordinates": [ 88.661258333333336, 27.35486944444445 ] } },
{ "type": "Feature", "properties": { "event_id": "SIKKIM_INV_0007", "source": "Sikkim_State_Inventory", "event_title": "Sikkim Debris flow - Gangtok basin", "event_date": "2010", "state": "Sikkim", "location_description": "Gangtok basin - Geology: MCT zone", "latitude": 27.35799166666667, "longitude": 88.662558333333337, "landslide_category": "Debris flow", "landslide_trigger": "Monsoon Rainfall / Slope Instability", "fatalities": 0, "injuries": 0, "inside_ne_polygon": true, "susceptibility_probability": 0.9841, "susceptibility_class_num": 5.0, "susceptibility_class_name": "Very High (80-100%)" }, "geometry": { "type": "Point", "coordinates": [ 88.662558333333337, 27.35799166666667 ] } },
{ "type": "Feature", "properties": { "event_id": "SIKKIM_INV_0008", "source": "Sikkim_State_Inventory", "event_title": "Sikkim Debris flow - Gangtok basin", "event_date": "2010", "state": "Sikkim", "location_description": "Gangtok basin - Geology: MCT zone", "latitude": 27.35724722222222, "longitude": 88.663894444444452, "landslide_category": "Debris flow", "landslide_trigger": "Monsoon Rainfall / Slope Instability", "fatalities": 0, "injuries": 0, "inside_ne_polygon": true, "susceptibility_probability": 0.9828, "susceptibility_class_num": 5.0, "susceptibility_class_name": "Very High (80-100%)" }, "geometry": { "type": "Point", "coordinates": [ 88.663894444444452, 27.35724722222222 ] } },
{ "type": "Feature", "properties": { "event_id": "SIKKIM_INV_0009", "source": "Sikkim_State_Inventory", "event_title": "Sikkim Debris flow - Gangtok basin", "event_date": "2012", "state": "Sikkim", "location_description": "Gangtok basin - Geology: MCT zone", "latitude": 27.352625, "longitude": 88.658761111111119, "landslide_category": "Debris flow", "landslide_trigger": "Monsoon Rainfall / Slope Instability", "fatalities": 0, "injuries": 0, "inside_ne_polygon": true, "susceptibility_probability": 0.9658, "susceptibility_class_num": 5.0, "susceptibility_class_name": "Very High (80-100%)" }, "geometry": { "type": "Point", "coordinates": [ 88.658761111111119, 27.352625 ] } },
{ "type": "Feature", "properties": { "event_id": "SIKKIM_INV_0010", "source": "Sikkim_State_Inventory", "event_title": "Sikkim Debris flow - Gangtok basin", "event_date": "2010", "state": "Sikkim", "location_description": "Gangtok basin - Geology: GHS paro", "latitude": 27.29975, "longitude": 88.693761111111115, "landslide_category": "Debris flow", "landslide_trigger": "Monsoon Rainfall / Slope Instability", "fatalities": 0, "injuries": 0, "inside_ne_polygon": true, "susceptibility_probability": 0.8846, "susceptibility_class_num": 5.0, "susceptibility_class_name": "Very High (80-100%)" }, "geometry": { "type": "Point", "coordinates": [ 88.693761111111115, 27.29975 ] } },
{ "type": "Feature", "properties": { "event_id": "SIKKIM_INV_0011", "source": "Sikkim_State_Inventory", "event_title": "Sikkim Debris flow - Gangtok basin", "event_date": "Active", "state": "Sikkim", "location_description": "Gangtok basin - Geology: GHS paro", "latitude": 27.38047000212643, "longitude": 88.683084274410234, "landslide_category": "Debris flow", "landslide_trigger": "Monsoon Rainfall / Slope Instability", "fatalities": 0, "injuries": 0, "inside_ne_polygon": true, "susceptibility_probability": 0.7993, "susceptibility_class_num": 4.0, "susceptibility_class_name": "High (60-80%)" }, "geometry": { "type": "Point", "coordinates": [ 88.683084274410234, 27.38047000212643 ] } },
{ "type": "Feature", "properties": { "event_id": "SIKKIM_INV_0012", "source": "Sikkim_State_Inventory", "event_title": "Sikkim Debris flow - Gangtok basin", "event_date": "Image 9/27/2011", "state": "Sikkim", "location_description": "Gangtok basin - Geology: Lingtse", "latitude": 27.266886111111109, "longitude": 88.557125, "landslide_category": "Debris flow", "landslide_trigger": "Monsoon Rainfall / Slope Instability", "fatalities": 0, "injuries": 0, "inside_ne_polygon": true, "susceptibility_probability": 0.9508, "susceptibility_class_num": 5.0, "susceptibility_class_name": "Very High (80-100%)" }, "geometry": { "type": "Point", "coordinates": [ 88.557125, 27.266886111111109 ] } },
{ "type": "Feature", "properties": { "event_id": "SIKKIM_INV_0013", "source": "Sikkim_State_Inventory", "event_title": "Sikkim Debris flow - Gangtok basin", "event_date": "Image 10/27/2009", "state": "Sikkim", "location_description": "Gangtok basin - Geology: Lingtse", "latitude": 27.26787777777778, "longitude": 88.558611111111105, "landslide_category": "Debris flow", "landslide_trigger": "Monsoon Rainfall / Slope Instability", "fatalities": 0, "injuries": 0, "inside_ne_polygon": true, "susceptibility_probability": 0.9716, "susceptibility_class_num": 5.0, "susceptibility_class_name": "Very High (80-100%)" }, "geometry": { "type": "Point", "coordinates": [ 88.558611111111105, 27.26787777777778 ] } },
{ "type": "Feature", "properties": { "event_id": "SIKKIM_INV_0014", "source": "Sikkim_State_Inventory", "event_title": "Sikkim Debris flow - Gangtok basin", "event_date": "2011", "state": "Sikkim", "location_description": "Gangtok basin - Geology: Lingtse", "latitude": 27.28628611111111, "longitude": 88.548477777777777, "landslide_category": "Debris flow", "landslide_trigger": "Monsoon Rainfall / Slope Instability", "fatalities": 0, "injuries": 0, "inside_ne_polygon": true, "susceptibility_probability": 0.9922, "susceptibility_class_num": 5.0, "susceptibility_class_name": "Very High (80-100%)" }, "geometry": { "type": "Point", "coordinates": [ 88.548477777777777, 27.28628611111111 ] } },
{ "type": "Feature", "properties": { "event_id": "SIKKIM_INV_0015", "source": "Sikkim_State_Inventory", "event_title": "Sikkim Debris flow - East Sikkim", "event_date": "nan", "state": "Sikkim", "location_description": "East Sikkim - Geology: LHS Daling", "latitude": 27.252106834176931, "longitude": 88.68219186467816, "landslide_category": "Debris flow", "landslide_trigger": "Monsoon Rainfall / Slope Instability", "fatalities": 0, "injuries": 0, "inside_ne_polygon": true, "susceptibility_probability": 0.9102, "susceptibility_class_num": 5.0, "susceptibility_class_name": "Very High (80-100%)" }, "geometry": { "type": "Point", "coordinates": [ 88.68219186467816, 27.252106834176931 ] } },
{ "type": "Feature", "properties": { "event_id": "SIKKIM_INV_0016", "source": "Sikkim_State_Inventory", "event_title": "Sikkim Debris flow - East Sikkim", "event_date": "2006", "state": "Sikkim", "location_description": "East Sikkim - Geology: LHS Daling", "latitude": 27.191745953434388, "longitude": 88.643919132320534, "landslide_category": "Debris flow", "landslide_trigger": "Monsoon Rainfall / Slope Instability", "fatalities": 0, "injuries": 0, "inside_ne_polygon": true, "susceptibility_probability": 0.9497, "susceptibility_class_num": 5.0, "susceptibility_class_name": "Very High (80-100%)" }, "geometry": { "type": "Point", "coordinates": [ 88.643919132320534, 27.191745953434388 ] } },
{ "type": "Feature", "properties": { "event_id": "SIKKIM_INV_0017", "source": "Sikkim_State_Inventory", "event_title": "Sikkim Debris flow - East Sikkim", "event_date": "2011", "state": "Sikkim", "location_description": "East Sikkim - Geology: GHS paro", "latitude": 27.28974742811852, "longitude": 88.748525635261146, "landslide_category": "Debris flow", "landslide_trigger": "Monsoon Rainfall / Slope Instability", "fatalities": 0, "injuries": 0, "inside_ne_polygon": true, "susceptibility_probability": 0.9739, "susceptibility_class_num": 5.0, "susceptibility_class_name": "Very High (80-100%)" }, "geometry": { "type": "Point", "coordinates": [ 88.748525635261146, 27.28974742811852 ] } },
{ "type": "Feature", "properties": { "event_id": "SIKKIM_INV_0018", "source": "Sikkim_State_Inventory", "event_title": "Sikkim Debris flow - East Sikkim", "event_date": "nan", "state": "Sikkim", "location_description": "East Sikkim - Geology: GHS paro", "latitude": 27.262222469061449, "longitude": 88.731677969456129, "landslide_category": "Debris flow", "landslide_trigger": "Monsoon Rainfall / Slope Instability", "fatalities": 0, "injuries": 0, "inside_ne_polygon": true, "susceptibility_probability": 0.9384, "susceptibility_class_num": 5.0, "susceptibility_class_name": "Very High (80-100%)" }, "geometry": { "type": "Point", "coordinates": [ 88.731677969456129, 27.262222469061449 ] } },
{ "type": "Feature", "properties": { "event_id": "SIKKIM_INV_0019", "source": "Sikkim_State_Inventory", "event_title": "Sikkim Debris flow - East Sikkim", "event_date": "nan", "state": "Sikkim", "location_description": "East Sikkim - Geology: GHS paro", "latitude": 27.331627777777779, "longitude": 88.861804701093192, "landslide_category": "Debris flow", "landslide_trigger": "Monsoon Rainfall / Slope Instability", "fatalities": 0, "injuries": 0, "inside_ne_polygon": true, "susceptibility_probability": null, "susceptibility_class_num": 5.0, "susceptibility_class_name": "Very High (80-100%)" }, "geometry": { "type": "Point", "coordinates": [ 88.861804701093192, 27.331627777777779 ] } },
{ "type": "Feature", "properties": { "event_id": "SIKKIM_INV_0020", "source": "Sikkim_State_Inventory", "event_title": "Sikkim Debris flow - East Sikkim", "event_date": "nan", "state": "Sikkim", "location_description": "East Sikkim - Geology: GHS paro", "latitude": 27.330078775268351, "longitude": 88.859773164266414, "landslide_category": "Debris flow", "landslide_trigger": "Monsoon Rainfall / Slope Instability", "fatalities": 0, "injuries": 0, "inside_ne_polygon": true, "susceptibility_probability": null, "susceptibility_class_num": 5.0, "susceptibility_class_name": "Very High (80-100%)" }, "geometry": { "type": "Point", "coordinates": [ 88.859773164266414, 27.330078775268351 ] } },
{ "type": "Feature", "properties": { "event_id": "SIKKIM_INV_0021", "source": "Sikkim_State_Inventory", "event_title": "Sikkim Debris flow - East Sikkim", "event_date": "nan", "state": "Sikkim", "location_description": "East Sikkim - Geology: GHS paro", "latitude": 27.329434017430199, "longitude": 88.859152270769755, "landslide_category": "Debris flow", "landslide_trigger": "Monsoon Rainfall / Slope Instability", "fatalities": 0, "injuries": 0, "inside_ne_polygon": true, "susceptibility_probability": null, "susceptibility_class_num": 5.0, "susceptibility_class_name": "Very High (80-100%)" }, "geometry": { "type": "Point", "coordinates": [ 88.859152270769755, 27.329434017430199 ] } },
{ "type": "Feature", "properties": { "event_id": "SIKKIM_INV_0022", "source": "Sikkim_State_Inventory", "event_title": "Sikkim Debris flow - East Sikkim", "event_date": "nan", "state": "Sikkim", "location_description": "East Sikkim - Geology: GHS paro", "latitude": 27.290946837415358, "longitude": 88.874263830553261, "landslide_category": "Debris flow", "landslide_trigger": "Monsoon Rainfall / Slope Instability", "fatalities": 0, "injuries": 0, "inside_ne_polygon": true, "susceptibility_probability": null, "susceptibility_class_num": 5.0, "susceptibility_class_name": "Very High (80-100%)" }, "geometry": { "type": "Point", "coordinates": [ 88.874263830553261, 27.290946837415358 ] } },
{ "type": "Feature", "properties": { "event_id": "SIKKIM_INV_0023", "source": "Sikkim_State_Inventory", "event_title": "Sikkim Debris flow - East Sikkim", "event_date": "nan", "state": "Sikkim", "location_description": "East Sikkim - Geology: GHS paro", "latitude": 27.410986111111111, "longitude": 88.754594164883528, "landslide_category": "Debris flow", "landslide_trigger": "Monsoon Rainfall / Slope Instability", "fatalities": 0, "injuries": 0, "inside_ne_polygon": true, "susceptibility_probability": 0.9477, "susceptibility_class_num": 5.0, "susceptibility_class_name": "Very High (80-100%)" }, "geometry": { "type": "Point", "coordinates": [ 88.754594164883528, 27.410986111111111 ] } },
{ "type": "Feature", "properties": { "event_id": "SIKKIM_INV_0024", "source": "Sikkim_State_Inventory", "event_title": "Sikkim Debris flow - East Sikkim", "event_date": "nan", "state": "Sikkim", "location_description": "East Sikkim - Geology: GHS paro", "latitude": 27.411811562012861, "longitude": 88.745989022396586, "landslide_category": "Debris flow", "landslide_trigger": "Monsoon Rainfall / Slope Instability", "fatalities": 0, "injuries": 0, "inside_ne_polygon": true, "susceptibility_probability": 0.9742, "susceptibility_class_num": 5.0, "susceptibility_class_name": "Very High (80-100%)" }, "geometry": { "type": "Point", "coordinates": [ 88.745989022396586, 27.411811562012861 ] } },
{ "type": "Feature", "properties": { "event_id": "SIKKIM_INV_0025", "source": "Sikkim_State_Inventory", "event_title": "Sikkim Debris flow - East Sikkim", "event_date": "nan", "state": "Sikkim", "location_description": "East Sikkim - Geology: GHS paro", "latitude": 27.285040219711838, "longitude": 88.79251830306967, "landslide_category": "Debris flow", "landslide_trigger": "Monsoon Rainfall / Slope Instability", "fatalities": 0, "injuries": 0, "inside_ne_polygon": true, "susceptibility_probability": null, "susceptibility_class_num": 5.0, "susceptibility_class_name": "Very High (80-100%)" }, "geometry": { "type": "Point", "coordinates": [ 88.79251830306967, 27.285040219711838 ] } },
{ "type": "Feature", "properties": { "event_id": "SIKKIM_INV_0026", "source": "Sikkim_State_Inventory", "event_title": "Sikkim Debris flow - East Sikkim", "event_date": "nan", "state": "Sikkim", "location_description": "East Sikkim - Geology: GHS paro", "latitude": 27.394281312215611, "longitude": 88.820488355495129, "landslide_category": "Debris flow", "landslide_trigger": "Monsoon Rainfall / Slope Instability", "fatalities": 0, "injuries": 0, "inside_ne_polygon": true, "susceptibility_probability": null, "susceptibility_class_num": 5.0, "susceptibility_class_name": "Very High (80-100%)" }, "geometry": { "type": "Point", "coordinates": [ 88.820488355495129, 27.394281312215611 ] } },
{ "type": "Feature", "properties": { "event_id": "SIKKIM_INV_0027", "source": "Sikkim_State_Inventory", "event_title": "Sikkim Debris flow - East Sikkim", "event_date": "nan", "state": "Sikkim", "location_description": "East Sikkim - Geology: GHS paro", "latitude": 27.382343571013081, "longitude": 88.741356539419272, "landslide_category": "Debris flow", "landslide_trigger": "Monsoon Rainfall / Slope Instability", "fatalities": 0, "injuries": 0, "inside_ne_polygon": true, "susceptibility_probability": 0.9158, "susceptibility_class_num": 5.0, "susceptibility_class_name": "Very High (80-100%)" }, "geometry": { "type": "Point", "coordinates": [ 88.741356539419272, 27.382343571013081 ] } },
{ "type": "Feature", "properties": { "event_id": "SIKKIM_INV_0028", "source": "Sikkim_State_Inventory", "event_title": "Sikkim Debris flow - East Sikkim", "event_date": "nan", "state": "Sikkim", "location_description": "East Sikkim - Geology: GHS paro", "latitude": 27.401176134184539, "longitude": 88.81546101380998, "landslide_category": "Debris flow", "landslide_trigger": "Monsoon Rainfall / Slope Instability", "fatalities": 0, "injuries": 0, "inside_ne_polygon": true, "susceptibility_probability": null, "susceptibility_class_num": 5.0, "susceptibility_class_name": "Very High (80-100%)" }, "geometry": { "type": "Point", "coordinates": [ 88.81546101380998, 27.401176134184539 ] } },
{ "type": "Feature", "properties": { "event_id": "SIKKIM_INV_0029", "source": "Sikkim_State_Inventory", "event_title": "Sikkim Debris flow - East Sikkim", "event_date": "nan", "state": "Sikkim", "location_description": "East Sikkim - Geology: GHS paro", "latitude": 27.397678487405429, "longitude": 88.81353310482173, "landslide_category": "Debris flow", "landslide_trigger": "Monsoon Rainfall / Slope Instability", "fatalities": 0, "injuries": 0, "inside_ne_polygon": true, "susceptibility_probability": null, "susceptibility_class_num": 5.0, "susceptibility_class_name": "Very High (80-100%)" }, "geometry": { "type": "Point", "coordinates": [ 88.81353310482173, 27.397678487405429 ] } },
{ "type": "Feature", "properties": { "event_id": "SIKKIM_INV_0030", "source": "Sikkim_State_Inventory", "event_title": "Sikkim Debris flow - East Sikkim", "event_date": "nan", "state": "Sikkim", "location_description": "East Sikkim - Geology: GHS paro", "latitude": 27.39797224560936, "longitude": 88.814270293118327, "landslide_category": "Debris flow", "landslide_trigger": "Monsoon Rainfall / Slope Instability", "fatalities": 0, "injuries": 0, "inside_ne_polygon": true, "susceptibility_probability": null, "susceptibility_class_num": 5.0, "susceptibility_class_name": "Very High (80-100%)" }, "geometry": { "type": "Point", "coordinates": [ 88.814270293118327, 27.39797224560936 ] } },
{ "type": "Feature", "properties": { "event_id": "SIKKIM_INV_0031", "source": "Sikkim_State_Inventory", "event_title": "Sikkim Debris flow - East Sikkim", "event_date": "nan", "state": "Sikkim", "location_description": "East Sikkim - Geology: GHS paro", "latitude": 27.411000457845461, "longitude": 88.751829804412239, "landslide_category": "Debris flow", "landslide_trigger": "Monsoon Rainfall / Slope Instability", "fatalities": 0, "injuries": 0, "inside_ne_polygon": true, "susceptibility_probability": 0.9473, "susceptibility_class_num": 5.0, "susceptibility_class_name": "Very High (80-100%)" }, "geometry": { "type": "Point", "coordinates": [ 88.751829804412239, 27.411000457845461 ] } },
{ "type": "Feature", "properties": { "event_id": "SIKKIM_INV_0032", "source": "Sikkim_State_Inventory", "event_title": "Sikkim Debris flow - East Sikkim", "event_date": "2011", "state": "Sikkim", "location_description": "East Sikkim - Geology: GHS paro", "latitude": 27.286875, "longitude": 88.739905555555552, "landslide_category": "Debris flow", "landslide_trigger": "Monsoon Rainfall / Slope Instability", "fatalities": 0, "injuries": 0, "inside_ne_polygon": true, "susceptibility_probability": 0.9794, "susceptibility_class_num": 5.0, "susceptibility_class_name": "Very High (80-100%)" }, "geometry": { "type": "Point", "coordinates": [ 88.739905555555552, 27.286875 ] } },
{ "type": "Feature", "properties": { "event_id": "SIKKIM_INV_0033", "source": "Sikkim_State_Inventory", "event_title": "Sikkim Debris flow - East Sikkim", "event_date": "Image 10/5/2011", "state": "Sikkim", "location_description": "East Sikkim - Geology: GHS paro", "latitude": 27.2703586795352, "longitude": 88.85630846700964, "landslide_category": "Debris flow", "landslide_trigger": "Monsoon Rainfall / Slope Instability", "fatalities": 0, "injuries": 0, "inside_ne_polygon": true, "susceptibility_probability": null, "susceptibility_class_num": 5.0, "susceptibility_class_name": "Very High (80-100%)" }, "geometry": { "type": "Point", "coordinates": [ 88.85630846700964, 27.2703586795352 ] } },
{ "type": "Feature", "properties": { "event_id": "SIKKIM_INV_0034", "source": "Sikkim_State_Inventory", "event_title": "Sikkim Debris flow - East Sikkim", "event_date": "nan", "state": "Sikkim", "location_description": "East Sikkim - Geology: GHS paro", "latitude": 27.291922337110339, "longitude": 88.840367578445054, "landslide_category": "Debris flow", "landslide_trigger": "Monsoon Rainfall / Slope Instability", "fatalities": 0, "injuries": 0, "inside_ne_polygon": true, "susceptibility_probability": null, "susceptibility_class_num": 5.0, "susceptibility_class_name": "Very High (80-100%)" }, "geometry": { "type": "Point", "coordinates": [ 88.840367578445054, 27.291922337110339 ] } },
{ "type": "Feature", "properties": { "event_id": "SIKKIM_INV_0035", "source": "Sikkim_State_Inventory", "event_title": "Sikkim Debris flow - East Sikkim", "event_date": "nan", "state": "Sikkim", "location_description": "East Sikkim - Geology: GHS paro", "latitude": 27.292449710297511, "longitude": 88.84062111228512, "landslide_category": "Debris flow", "landslide_trigger": "Monsoon Rainfall / Slope Instability", "fatalities": 0, "injuries": 0, "inside_ne_polygon": true, "susceptibility_probability": null, "susceptibility_class_num": 5.0, "susceptibility_class_name": "Very High (80-100%)" }, "geometry": { "type": "Point", "coordinates": [ 88.84062111228512, 27.292449710297511 ] } },
{ "type": "Feature", "properties": { "event_id": "SIKKIM_INV_0036", "source": "Sikkim_State_Inventory", "event_title": "Sikkim Debris flow - East Sikkim", "event_date": "nan", "state": "Sikkim", "location_description": "East Sikkim - Geology: GHS paro", "latitude": 27.356045566506211, "longitude": 88.824257381079065, "landslide_category": "Debris flow", "landslide_trigger": "Monsoon Rainfall / Slope Instability", "fatalities": 0, "injuries": 0, "inside_ne_polygon": true, "susceptibility_probability": null, "susceptibility_class_num": 5.0, "susceptibility_class_name": "Very High (80-100%)" }, "geometry": { "type": "Point", "coordinates": [ 88.824257381079065, 27.356045566506211 ] } },
{ "type": "Feature", "properties": { "event_id": "SIKKIM_INV_0037", "source": "Sikkim_State_Inventory", "event_title": "Sikkim Debris flow - East Sikkim", "event_date": "nan", "state": "Sikkim", "location_description": "East Sikkim - Geology: GHS paro", "latitude": 27.315214154213429, "longitude": 88.862512651936285, "landslide_category": "Debris flow", "landslide_trigger": "Monsoon Rainfall / Slope Instability", "fatalities": 0, "injuries": 0, "inside_ne_polygon": true, "susceptibility_probability": null, "susceptibility_class_num": 5.0, "susceptibility_class_name": "Very High (80-100%)" }, "geometry": { "type": "Point", "coordinates": [ 88.862512651936285, 27.315214154213429 ] } },
{ "type": "Feature", "properties": { "event_id": "SIKKIM_INV_0038", "source": "Sikkim_State_Inventory", "event_title": "Sikkim Debris flow - East Sikkim", "event_date": "Active\nImage 10/5/2011", "state": "Sikkim", "location_description": "East Sikkim - Geology: GHS paro", "latitude": 27.30451934574344, "longitude": 88.882735448939499, "landslide_category": "Debris flow", "landslide_trigger": "Monsoon Rainfall / Slope Instability", "fatalities": 0, "injuries": 0, "inside_ne_polygon": true, "susceptibility_probability": null, "susceptibility_class_num": 5.0, "susceptibility_class_name": "Very High (80-100%)" }, "geometry": { "type": "Point", "coordinates": [ 88.882735448939499, 27.30451934574344 ] } },
{ "type": "Feature", "properties": { "event_id": "SIKKIM_INV_0039", "source": "Sikkim_State_Inventory", "event_title": "Sikkim Debris flow? - East Sikkim", "event_date": "nan", "state": "Sikkim", "location_description": "East Sikkim - Geology: GHS paro", "latitude": 27.283274125821421, "longitude": 88.88891076512013, "landslide_category": "Debris flow?", "landslide_trigger": "Monsoon Rainfall / Slope Instability", "fatalities": 0, "injuries": 0, "inside_ne_polygon": true, "susceptibility_probability": null, "susceptibility_class_num": 5.0, "susceptibility_class_name": "Very High (80-100%)" }, "geometry": { "type": "Point", "coordinates": [ 88.88891076512013, 27.283274125821421 ] } },
{ "type": "Feature", "properties": { "event_id": "SIKKIM_INV_0040", "source": "Sikkim_State_Inventory", "event_title": "Sikkim Debris flow - East Sikkim", "event_date": "nan", "state": "Sikkim", "location_description": "East Sikkim - Geology: GHS paro", "latitude": 27.29169828518166, "longitude": 88.840074684114526, "landslide_category": "Debris flow", "landslide_trigger": "Monsoon Rainfall / Slope Instability", "fatalities": 0, "injuries": 0, "inside_ne_polygon": true, "susceptibility_probability": null, "susceptibility_class_num": 5.0, "susceptibility_class_name": "Very High (80-100%)" }, "geometry": { "type": "Point", "coordinates": [ 88.840074684114526, 27.29169828518166 ] } },
{ "type": "Feature", "properties": { "event_id": "SIKKIM_INV_0041", "source": "Sikkim_State_Inventory", "event_title": "Sikkim Debris flow - East Sikkim", "event_date": "10/5/2011", "state": "Sikkim", "location_description": "East Sikkim - Geology: GHS paro", "latitude": 27.246941666666672, "longitude": 88.78705, "landslide_category": "Debris flow", "landslide_trigger": "Monsoon Rainfall / Slope Instability", "fatalities": 0, "injuries": 0, "inside_ne_polygon": true, "susceptibility_probability": null, "susceptibility_class_num": 5.0, "susceptibility_class_name": "Very High (80-100%)" }, "geometry": { "type": "Point", "coordinates": [ 88.78705, 27.246941666666672 ] } },
{ "type": "Feature", "properties": { "event_id": "SIKKIM_INV_0042", "source": "Sikkim_State_Inventory", "event_title": "Sikkim Debris flow - East Sikkim", "event_date": "12/3/2010", "state": "Sikkim", "location_description": "East Sikkim - Geology: GHS paro", "latitude": 27.23971944444445, "longitude": 88.776313888888893, "landslide_category": "Debris flow", "landslide_trigger": "Monsoon Rainfall / Slope Instability", "fatalities": 0, "injuries": 0, "inside_ne_polygon": true, "susceptibility_probability": 0.9826, "susceptibility_class_num": 5.0, "susceptibility_class_name": "Very High (80-100%)" }, "geometry": { "type": "Point", "coordinates": [ 88.776313888888893, 27.23971944444445 ] } },
{ "type": "Feature", "properties": { "event_id": "SIKKIM_INV_0043", "source": "Sikkim_State_Inventory", "event_title": "Sikkim Debris flow - East Sikkim", "event_date": "Image 10//2011", "state": "Sikkim", "location_description": "East Sikkim - Geology: GHS paro", "latitude": 27.264297222222229, "longitude": 88.839016666666666, "landslide_category": "Debris flow", "landslide_trigger": "Monsoon Rainfall / Slope Instability", "fatalities": 0, "injuries": 0, "inside_ne_polygon": true, "susceptibility_probability": null, "susceptibility_class_num": 5.0, "susceptibility_class_name": "Very High (80-100%)" }, "geometry": { "type": "Point", "coordinates": [ 88.839016666666666, 27.264297222222229 ] } },
{ "type": "Feature", "properties": { "event_id": "SIKKIM_INV_0044", "source": "Sikkim_State_Inventory", "event_title": "Sikkim Debris flow - East Sikkim", "event_date": "Image 10/5/2011", "state": "Sikkim", "location_description": "East Sikkim - Geology: GHS paro", "latitude": 27.268330555555551, "longitude": 88.831888888888884, "landslide_category": "Debris flow", "landslide_trigger": "Monsoon Rainfall / Slope Instability", "fatalities": 0, "injuries": 0, "inside_ne_polygon": true, "susceptibility_probability": null, "susceptibility_class_num": 5.0, "susceptibility_class_name": "Very High (80-100%)" }, "geometry": { "type": "Point", "coordinates": [ 88.831888888888884, 27.268330555555551 ] } },
{ "type": "Feature", "properties": { "event_id": "SIKKIM_INV_0045", "source": "Sikkim_State_Inventory", "event_title": "Sikkim Debris flow - East Sikkim", "event_date": "10/5/2011", "state": "Sikkim", "location_description": "East Sikkim - Geology: GHS paro", "latitude": 27.292763888888889, "longitude": 88.775336111111116, "landslide_category": "Debris flow", "landslide_trigger": "Monsoon Rainfall / Slope Instability", "fatalities": 0, "injuries": 0, "inside_ne_polygon": true, "susceptibility_probability": 0.8716, "susceptibility_class_num": 5.0, "susceptibility_class_name": "Very High (80-100%)" }, "geometry": { "type": "Point", "coordinates": [ 88.775336111111116, 27.292763888888889 ] } },
{ "type": "Feature", "properties": { "event_id": "SIKKIM_INV_0046", "source": "Sikkim_State_Inventory", "event_title": "Sikkim Debris flow? - East Sikkim", "event_date": "Image 10/5/2011", "state": "Sikkim", "location_description": "East Sikkim - Geology: GHS paro", "latitude": 27.295822222222231, "longitude": 88.786147222222226, "landslide_category": "Debris flow?", "landslide_trigger": "Monsoon Rainfall / Slope Instability", "fatalities": 0, "injuries": 0, "inside_ne_polygon": true, "susceptibility_probability": null, "susceptibility_class_num": 5.0, "susceptibility_class_name": "Very High (80-100%)" }, "geometry": { "type": "Point", "coordinates": [ 88.786147222222226, 27.295822222222231 ] } },
{ "type": "Feature", "properties": { "event_id": "SIKKIM_INV_0047", "source": "Sikkim_State_Inventory", "event_title": "Sikkim Debris flow - East Sikkim", "event_date": "nan", "state": "Sikkim", "location_description": "East Sikkim - Geology: GHS paro", "latitude": 27.413070905357021, "longitude": 88.765454782396347, "landslide_category": "Debris flow", "landslide_trigger": "Monsoon Rainfall / Slope Instability", "fatalities": 0, "injuries": 0, "inside_ne_polygon": true, "susceptibility_probability": 0.9409, "susceptibility_class_num": 5.0, "susceptibility_class_name": "Very High (80-100%)" }, "geometry": { "type": "Point", "coordinates": [ 88.765454782396347, 27.413070905357021 ] } },
{ "type": "Feature", "properties": { "event_id": "SIKKIM_INV_0048", "source": "Sikkim_State_Inventory", "event_title": "Sikkim Debris flow? - East Sikkim", "event_date": "Image 1/16/2010", "state": "Sikkim", "location_description": "East Sikkim - Geology: GHS paro", "latitude": 27.251644444444452, "longitude": 88.74196388888889, "landslide_category": "Debris flow?", "landslide_trigger": "Monsoon Rainfall / Slope Instability", "fatalities": 0, "injuries": 0, "inside_ne_polygon": true, "susceptibility_probability": 0.9331, "susceptibility_class_num": 5.0, "susceptibility_class_name": "Very High (80-100%)" }, "geometry": { "type": "Point", "coordinates": [ 88.74196388888889, 27.251644444444452 ] } },
{ "type": "Feature", "properties": { "event_id": "SIKKIM_INV_0049", "source": "Sikkim_State_Inventory", "event_title": "Sikkim Debris flow - East Sikkim", "event_date": "2011", "state": "Sikkim", "location_description": "East Sikkim - Geology: GHS paro", "latitude": 27.291452777777781, "longitude": 88.70227777777778, "landslide_category": "Debris flow", "landslide_trigger": "Monsoon Rainfall / Slope Instability", "fatalities": 0, "injuries": 0, "inside_ne_polygon": true, "susceptibility_probability": 0.9483, "susceptibility_class_num": 5.0, "susceptibility_class_name": "Very High (80-100%)" }, "geometry": { "type": "Point", "coordinates": [ 88.70227777777778, 27.291452777777781 ] } },
{ "type": "Feature", "properties": { "event_id": "SIKKIM_INV_0050", "source": "Sikkim_State_Inventory", "event_title": "Sikkim Debris flow - East Sikkim", "event_date": "2011", "state": "Sikkim", "location_description": "East Sikkim - Geology: GHS paro", "latitude": 27.283938888888891, "longitude": 88.715333333333334, "landslide_category": "Debris flow", "landslide_trigger": "Monsoon Rainfall / Slope Instability", "fatalities": 0, "injuries": 0, "inside_ne_polygon": true, "susceptibility_probability": 0.9845, "susceptibility_class_num": 5.0, "susceptibility_class_name": "Very High (80-100%)" }, "geometry": { "type": "Point", "coordinates": [ 88.715333333333334, 27.283938888888891 ] } },
{ "type": "Feature", "properties": { "event_id": "SIKKIM_INV_0051", "source": "Sikkim_State_Inventory", "event_title": "Sikkim Debris flow - East Sikkim", "event_date": "2011", "state": "Sikkim", "location_description": "East Sikkim - Geology: GHS paro", "latitude": 27.284541666666669, "longitude": 88.715511111111113, "landslide_category": "Debris flow", "landslide_trigger": "Monsoon Rainfall / Slope Instability", "fatalities": 0, "injuries": 0, "inside_ne_polygon": true, "susceptibility_probability": 0.9858, "susceptibility_class_num": 5.0, "susceptibility_class_name": "Very High (80-100%)" }, "geometry": { "type": "Point", "coordinates": [ 88.715511111111113, 27.284541666666669 ] } },
{ "type": "Feature", "properties": { "event_id": "SIKKIM_INV_0052", "source": "Sikkim_State_Inventory", "event_title": "Sikkim Debris flow - East Sikkim", "event_date": "2011", "state": "Sikkim", "location_description": "East Sikkim - Geology: GHS paro", "latitude": 27.28466666666667, "longitude": 88.712566666666675, "landslide_category": "Debris flow", "landslide_trigger": "Monsoon Rainfall / Slope Instability", "fatalities": 0, "injuries": 0, "inside_ne_polygon": true, "susceptibility_probability": 0.9825, "susceptibility_class_num": 5.0, "susceptibility_class_name": "Very High (80-100%)" }, "geometry": { "type": "Point", "coordinates": [ 88.712566666666675, 27.28466666666667 ] } },
{ "type": "Feature", "properties": { "event_id": "SIKKIM_INV_0053", "source": "Sikkim_State_Inventory", "event_title": "Sikkim Debris flow - East Sikkim", "event_date": "2011", "state": "Sikkim", "location_description": "East Sikkim - Geology: GHS paro", "latitude": 27.285794444444448, "longitude": 88.739722222222227, "landslide_category": "Debris flow", "landslide_trigger": "Monsoon Rainfall / Slope Instability", "fatalities": 0, "injuries": 0, "inside_ne_polygon": true, "susceptibility_probability": 0.9647, "susceptibility_class_num": 5.0, "susceptibility_class_name": "Very High (80-100%)" }, "geometry": { "type": "Point", "coordinates": [ 88.739722222222227, 27.285794444444448 ] } },
{ "type": "Feature", "properties": { "event_id": "SIKKIM_INV_0054", "source": "Sikkim_State_Inventory", "event_title": "Sikkim Debris flow - East Sikkim", "event_date": "2011", "state": "Sikkim", "location_description": "East Sikkim - Geology: GHS paro", "latitude": 27.28455833333334, "longitude": 88.740005555555555, "landslide_category": "Debris flow", "landslide_trigger": "Monsoon Rainfall / Slope Instability", "fatalities": 0, "injuries": 0, "inside_ne_polygon": true, "susceptibility_probability": 0.9705, "susceptibility_class_num": 5.0, "susceptibility_class_name": "Very High (80-100%)" }, "geometry": { "type": "Point", "coordinates": [ 88.740005555555555, 27.28455833333334 ] } },
{ "type": "Feature", "properties": { "event_id": "SIKKIM_INV_0055", "source": "Sikkim_State_Inventory", "event_title": "Sikkim Debris flow - East Sikkim", "event_date": "2011", "state": "Sikkim", "location_description": "East Sikkim - Geology: GHS paro", "latitude": 27.283963888888891, "longitude": 88.730713888888886, "landslide_category": "Debris flow", "landslide_trigger": "Monsoon Rainfall / Slope Instability", "fatalities": 0, "injuries": 0, "inside_ne_polygon": true, "susceptibility_probability": 0.9801, "susceptibility_class_num": 5.0, "susceptibility_class_name": "Very High (80-100%)" }, "geometry": { "type": "Point", "coordinates": [ 88.730713888888886, 27.283963888888891 ] } },
{ "type": "Feature", "properties": { "event_id": "SIKKIM_INV_0056", "source": "Sikkim_State_Inventory", "event_title": "Sikkim Debris flow - East Sikkim", "event_date": "2011", "state": "Sikkim", "location_description": "East Sikkim - Geology: GHS paro", "latitude": 27.306922222222219, "longitude": 88.720352777777777, "landslide_category": "Debris flow", "landslide_trigger": "Monsoon Rainfall / Slope Instability", "fatalities": 0, "injuries": 0, "inside_ne_polygon": true, "susceptibility_probability": 0.9695, "susceptibility_class_num": 5.0, "susceptibility_class_name": "Very High (80-100%)" }, "geometry": { "type": "Point", "coordinates": [ 88.720352777777777, 27.306922222222219 ] } },
{ "type": "Feature", "properties": { "event_id": "SIKKIM_INV_0057", "source": "Sikkim_State_Inventory", "event_title": "Sikkim Debris flow - East Sikkim", "event_date": "2011", "state": "Sikkim", "location_description": "East Sikkim - Geology: GHS paro", "latitude": 27.307736111111112, "longitude": 88.729983333333337, "landslide_category": "Debris flow", "landslide_trigger": "Monsoon Rainfall / Slope Instability", "fatalities": 0, "injuries": 0, "inside_ne_polygon": true, "susceptibility_probability": 0.981, "susceptibility_class_num": 5.0, "susceptibility_class_name": "Very High (80-100%)" }, "geometry": { "type": "Point", "coordinates": [ 88.729983333333337, 27.307736111111112 ] } },
{ "type": "Feature", "properties": { "event_id": "SIKKIM_INV_0058", "source": "Sikkim_State_Inventory", "event_title": "Sikkim Debris flow - East Sikkim", "event_date": "2011", "state": "Sikkim", "location_description": "East Sikkim - Geology: GHS paro", "latitude": 27.296955555555559, "longitude": 88.757911111111113, "landslide_category": "Debris flow", "landslide_trigger": "Monsoon Rainfall / Slope Instability", "fatalities": 0, "injuries": 0, "inside_ne_polygon": true, "susceptibility_probability": 0.9345, "susceptibility_class_num": 5.0, "susceptibility_class_name": "Very High (80-100%)" }, "geometry": { "type": "Point", "coordinates": [ 88.757911111111113, 27.296955555555559 ] } },
{ "type": "Feature", "properties": { "event_id": "SIKKIM_INV_0059", "source": "Sikkim_State_Inventory", "event_title": "Sikkim Debris flow - East Sikkim", "event_date": "2011", "state": "Sikkim", "location_description": "East Sikkim - Geology: GHS paro", "latitude": 27.307377777777781, "longitude": 88.74410833333333, "landslide_category": "Debris flow", "landslide_trigger": "Monsoon Rainfall / Slope Instability", "fatalities": 0, "injuries": 0, "inside_ne_polygon": true, "susceptibility_probability": 0.8927, "susceptibility_class_num": 5.0, "susceptibility_class_name": "Very High (80-100%)" }, "geometry": { "type": "Point", "coordinates": [ 88.74410833333333, 27.307377777777781 ] } },
{ "type": "Feature", "properties": { "event_id": "SIKKIM_INV_0060", "source": "Sikkim_State_Inventory", "event_title": "Sikkim Debris flow - East Sikkim", "event_date": "2011", "state": "Sikkim", "location_description": "East Sikkim - Geology: GHS paro", "latitude": 27.306572222222211, "longitude": 88.743694444444444, "landslide_category": "Debris flow", "landslide_trigger": "Monsoon Rainfall / Slope Instability", "fatalities": 0, "injuries": 0, "inside_ne_polygon": true, "susceptibility_probability": 0.8927, "susceptibility_class_num": 5.0, "susceptibility_class_name": "Very High (80-100%)" }, "geometry": { "type": "Point", "coordinates": [ 88.743694444444444, 27.306572222222211 ] } },
{ "type": "Feature", "properties": { "event_id": "SIKKIM_INV_0061", "source": "Sikkim_State_Inventory", "event_title": "Sikkim Debris flow - East Sikkim", "event_date": "2011", "state": "Sikkim", "location_description": "East Sikkim - Geology: GHS paro", "latitude": 27.29933611111111, "longitude": 88.771691666666669, "landslide_category": "Debris flow", "landslide_trigger": "Monsoon Rainfall / Slope Instability", "fatalities": 0, "injuries": 0, "inside_ne_polygon": true, "susceptibility_probability": 0.9427, "susceptibility_class_num": 5.0, "susceptibility_class_name": "Very High (80-100%)" }, "geometry": { "type": "Point", "coordinates": [ 88.771691666666669, 27.29933611111111 ] } },
{ "type": "Feature", "properties": { "event_id": "SIKKIM_INV_0062", "source": "Sikkim_State_Inventory", "event_title": "Sikkim Debris flow - East Sikkim", "event_date": "2011", "state": "Sikkim", "location_description": "East Sikkim - Geology: GHS paro", "latitude": 27.29409722222222, "longitude": 88.758836111111108, "landslide_category": "Debris flow", "landslide_trigger": "Monsoon Rainfall / Slope Instability", "fatalities": 0, "injuries": 0, "inside_ne_polygon": true, "susceptibility_probability": 0.9715, "susceptibility_class_num": 5.0, "susceptibility_class_name": "Very High (80-100%)" }, "geometry": { "type": "Point", "coordinates": [ 88.758836111111108, 27.29409722222222 ] } },
{ "type": "Feature", "properties": { "event_id": "SIKKIM_INV_0063", "source": "Sikkim_State_Inventory", "event_title": "Sikkim Debris flow - East Sikkim", "event_date": "Active\n2011", "state": "Sikkim", "location_description": "East Sikkim - Geology: GHS paro", "latitude": 27.30500833333333, "longitude": 88.88196111111111, "landslide_category": "Debris flow", "landslide_trigger": "Monsoon Rainfall / Slope Instability", "fatalities": 0, "injuries": 0, "inside_ne_polygon": true, "susceptibility_probability": null, "susceptibility_class_num": 5.0, "susceptibility_class_name": "Very High (80-100%)" }, "geometry": { "type": "Point", "coordinates": [ 88.88196111111111, 27.30500833333333 ] } },
{ "type": "Feature", "properties": { "event_id": "SIKKIM_INV_0064", "source": "Sikkim_State_Inventory", "event_title": "Sikkim Debris flow - East Sikkim", "event_date": "nan", "state": "Sikkim", "location_description": "East Sikkim - Geology: GHS paro", "latitude": 27.293903985622219, "longitude": 88.7495911462523, "landslide_category": "Debris flow", "landslide_trigger": "Monsoon Rainfall / Slope Instability", "fatalities": 0, "injuries": 0, "inside_ne_polygon": true, "susceptibility_probability": 0.9617, "susceptibility_class_num": 5.0, "susceptibility_class_name": "Very High (80-100%)" }, "geometry": { "type": "Point", "coordinates": [ 88.7495911462523, 27.293903985622219 ] } },
{ "type": "Feature", "properties": { "event_id": "SIKKIM_INV_0065", "source": "Sikkim_State_Inventory", "event_title": "Sikkim Debris flow - East Sikkim", "event_date": "2005", "state": "Sikkim", "location_description": "East Sikkim - Geology: GHS paro", "latitude": 27.276454793103809, "longitude": 88.797546108402372, "landslide_category": "Debris flow", "landslide_trigger": "Monsoon Rainfall / Slope Instability", "fatalities": 0, "injuries": 0, "inside_ne_polygon": true, "susceptibility_probability": null, "susceptibility_class_num": 5.0, "susceptibility_class_name": "Very High (80-100%)" }, "geometry": { "type": "Point", "coordinates": [ 88.797546108402372, 27.276454793103809 ] } },
{ "type": "Feature", "properties": { "event_id": "SIKKIM_INV_0066", "source": "Sikkim_State_Inventory", "event_title": "Sikkim Debris flow - East Sikkim", "event_date": "nan", "state": "Sikkim", "location_description": "East Sikkim - Geology: GHS paro", "latitude": 27.291611882577989, "longitude": 88.750075600267024, "landslide_category": "Debris flow", "landslide_trigger": "Monsoon Rainfall / Slope Instability", "fatalities": 0, "injuries": 0, "inside_ne_polygon": true, "susceptibility_probability": 0.953, "susceptibility_class_num": 5.0, "susceptibility_class_name": "Very High (80-100%)" }, "geometry": { "type": "Point", "coordinates": [ 88.750075600267024, 27.291611882577989 ] } },
{ "type": "Feature", "properties": { "event_id": "SIKKIM_INV_0067", "source": "Sikkim_State_Inventory", "event_title": "Sikkim Debris flow - East Sikkim", "event_date": "2005", "state": "Sikkim", "location_description": "East Sikkim - Geology: GHS paro", "latitude": 27.27846944444444, "longitude": 88.794683333333325, "landslide_category": "Debris flow", "landslide_trigger": "Monsoon Rainfall / Slope Instability", "fatalities": 0, "injuries": 0, "inside_ne_polygon": true, "susceptibility_probability": null, "susceptibility_class_num": 5.0, "susceptibility_class_name": "Very High (80-100%)" }, "geometry": { "type": "Point", "coordinates": [ 88.794683333333325, 27.27846944444444 ] } },
{ "type": "Feature", "properties": { "event_id": "SIKKIM_INV_0068", "source": "Sikkim_State_Inventory", "event_title": "Sikkim Debris flow - East Sikkim", "event_date": "Active", "state": "Sikkim", "location_description": "East Sikkim - Geology: GHS paro", "latitude": 27.393072704979939, "longitude": 88.680332875873532, "landslide_category": "Debris flow", "landslide_trigger": "Monsoon Rainfall / Slope Instability", "fatalities": 0, "injuries": 0, "inside_ne_polygon": true, "susceptibility_probability": 0.9566, "susceptibility_class_num": 5.0, "susceptibility_class_name": "Very High (80-100%)" }, "geometry": { "type": "Point", "coordinates": [ 88.680332875873532, 27.393072704979939 ] } },
{ "type": "Feature", "properties": { "event_id": "SIKKIM_INV_0069", "source": "Sikkim_State_Inventory", "event_title": "Sikkim Debris flow - East Sikkim", "event_date": "Active", "state": "Sikkim", "location_description": "East Sikkim - Geology: GHS paro", "latitude": 27.39383957010557, "longitude": 88.68120913031072, "landslide_category": "Debris flow", "landslide_trigger": "Monsoon Rainfall / Slope Instability", "fatalities": 0, "injuries": 0, "inside_ne_polygon": true, "susceptibility_probability": 0.9343, "susceptibility_class_num": 5.0, "susceptibility_class_name": "Very High (80-100%)" }, "geometry": { "type": "Point", "coordinates": [ 88.68120913031072, 27.39383957010557 ] } },
{ "type": "Feature", "properties": { "event_id": "SIKKIM_INV_0070", "source": "Sikkim_State_Inventory", "event_title": "Sikkim Debris flow - East Sikkim", "event_date": "Active", "state": "Sikkim", "location_description": "East Sikkim - Geology: GHS paro", "latitude": 27.39179722222222, "longitude": 88.678116666666668, "landslide_category": "Debris flow", "landslide_trigger": "Monsoon Rainfall / Slope Instability", "fatalities": 0, "injuries": 0, "inside_ne_polygon": true, "susceptibility_probability": 0.9046, "susceptibility_class_num": 5.0, "susceptibility_class_name": "Very High (80-100%)" }, "geometry": { "type": "Point", "coordinates": [ 88.678116666666668, 27.39179722222222 ] } },
{ "type": "Feature", "properties": { "event_id": "SIKKIM_INV_0071", "source": "Sikkim_State_Inventory", "event_title": "Sikkim Debris flow - East Sikkim", "event_date": "nan", "state": "Sikkim", "location_description": "East Sikkim - Geology: GHS paro", "latitude": 27.403903336907941, "longitude": 88.709411333007608, "landslide_category": "Debris flow", "landslide_trigger": "Monsoon Rainfall / Slope Instability", "fatalities": 0, "injuries": 0, "inside_ne_polygon": true, "susceptibility_probability": 0.6759, "susceptibility_class_num": 4.0, "susceptibility_class_name": "High (60-80%)" }, "geometry": { "type": "Point", "coordinates": [ 88.709411333007608, 27.403903336907941 ] } },
{ "type": "Feature", "properties": { "event_id": "SIKKIM_INV_0072", "source": "Sikkim_State_Inventory", "event_title": "Sikkim Debris flow - East Sikkim", "event_date": "2010", "state": "Sikkim", "location_description": "East Sikkim - Geology: GHS paro", "latitude": 27.30452381400508, "longitude": 88.720835474915276, "landslide_category": "Debris flow", "landslide_trigger": "Monsoon Rainfall / Slope Instability", "fatalities": 0, "injuries": 0, "inside_ne_polygon": true, "susceptibility_probability": 0.9818, "susceptibility_class_num": 5.0, "susceptibility_class_name": "Very High (80-100%)" }, "geometry": { "type": "Point", "coordinates": [ 88.720835474915276, 27.30452381400508 ] } },
{ "type": "Feature", "properties": { "event_id": "SIKKIM_INV_0073", "source": "Sikkim_State_Inventory", "event_title": "Sikkim Debris flow - East Sikkim", "event_date": "2011", "state": "Sikkim", "location_description": "East Sikkim - Geology: GHS paro", "latitude": 27.196136111111109, "longitude": 88.720961111111109, "landslide_category": "Debris flow", "landslide_trigger": "Monsoon Rainfall / Slope Instability", "fatalities": 0, "injuries": 0, "inside_ne_polygon": true, "susceptibility_probability": 0.9921, "susceptibility_class_num": 5.0, "susceptibility_class_name": "Very High (80-100%)" }, "geometry": { "type": "Point", "coordinates": [ 88.720961111111109, 27.196136111111109 ] } },
{ "type": "Feature", "properties": { "event_id": "SIKKIM_INV_0074", "source": "Sikkim_State_Inventory", "event_title": "Sikkim Debris flow - East Sikkim", "event_date": "2011", "state": "Sikkim", "location_description": "East Sikkim - Geology: GHS paro", "latitude": 27.30923029835148, "longitude": 88.722460401824989, "landslide_category": "Debris flow", "landslide_trigger": "Monsoon Rainfall / Slope Instability", "fatalities": 0, "injuries": 0, "inside_ne_polygon": true, "susceptibility_probability": 0.9862, "susceptibility_class_num": 5.0, "susceptibility_class_name": "Very High (80-100%)" }, "geometry": { "type": "Point", "coordinates": [ 88.722460401824989, 27.30923029835148 ] } },
{ "type": "Feature", "properties": { "event_id": "SIKKIM_INV_0075", "source": "Sikkim_State_Inventory", "event_title": "Sikkim Debris flow - East Sikkim", "event_date": "2011", "state": "Sikkim", "location_description": "East Sikkim - Geology: GHS paro", "latitude": 27.30038611111112, "longitude": 88.719305555555565, "landslide_category": "Debris flow", "landslide_trigger": "Monsoon Rainfall / Slope Instability", "fatalities": 0, "injuries": 0, "inside_ne_polygon": true, "susceptibility_probability": 0.9784, "susceptibility_class_num": 5.0, "susceptibility_class_name": "Very High (80-100%)" }, "geometry": { "type": "Point", "coordinates": [ 88.719305555555565, 27.30038611111112 ] } },
{ "type": "Feature", "properties": { "event_id": "SIKKIM_INV_0076", "source": "Sikkim_State_Inventory", "event_title": "Sikkim Debris flow - East Sikkim", "event_date": "2011", "state": "Sikkim", "location_description": "East Sikkim - Geology: GHS paro", "latitude": 27.29355833333333, "longitude": 88.717825, "landslide_category": "Debris flow", "landslide_trigger": "Monsoon Rainfall / Slope Instability", "fatalities": 0, "injuries": 0, "inside_ne_polygon": true, "susceptibility_probability": 0.9844, "susceptibility_class_num": 5.0, "susceptibility_class_name": "Very High (80-100%)" }, "geometry": { "type": "Point", "coordinates": [ 88.717825, 27.29355833333333 ] } },
{ "type": "Feature", "properties": { "event_id": "SIKKIM_INV_0077", "source": "Sikkim_State_Inventory", "event_title": "Sikkim Debris flow - East Sikkim", "event_date": "2011", "state": "Sikkim", "location_description": "East Sikkim - Geology: GHS paro", "latitude": 27.29686388888889, "longitude": 88.718966666666674, "landslide_category": "Debris flow", "landslide_trigger": "Monsoon Rainfall / Slope Instability", "fatalities": 0, "injuries": 0, "inside_ne_polygon": true, "susceptibility_probability": 0.9863, "susceptibility_class_num": 5.0, "susceptibility_class_name": "Very High (80-100%)" }, "geometry": { "type": "Point", "coordinates": [ 88.718966666666674, 27.29686388888889 ] } },
{ "type": "Feature", "properties": { "event_id": "SIKKIM_INV_0078", "source": "Sikkim_State_Inventory", "event_title": "Sikkim Debris flow - East Sikkim", "event_date": "2011", "state": "Sikkim", "location_description": "East Sikkim - Geology: GHS paro", "latitude": 27.2516, "longitude": 88.795544444444445, "landslide_category": "Debris flow", "landslide_trigger": "Monsoon Rainfall / Slope Instability", "fatalities": 0, "injuries": 0, "inside_ne_polygon": true, "susceptibility_probability": null, "susceptibility_class_num": 5.0, "susceptibility_class_name": "Very High (80-100%)" }, "geometry": { "type": "Point", "coordinates": [ 88.795544444444445, 27.2516 ] } },
{ "type": "Feature", "properties": { "event_id": "SIKKIM_INV_0079", "source": "Sikkim_State_Inventory", "event_title": "Sikkim Debris flow - East Sikkim", "event_date": "2011", "state": "Sikkim", "location_description": "East Sikkim - Geology: GHS paro", "latitude": 27.308356300006551, "longitude": 88.721321141820297, "landslide_category": "Debris flow", "landslide_trigger": "Monsoon Rainfall / Slope Instability", "fatalities": 0, "injuries": 0, "inside_ne_polygon": true, "susceptibility_probability": 0.9824, "susceptibility_class_num": 5.0, "susceptibility_class_name": "Very High (80-100%)" }, "geometry": { "type": "Point", "coordinates": [ 88.721321141820297, 27.308356300006551 ] } },
{ "type": "Feature", "properties": { "event_id": "SIKKIM_INV_0080", "source": "Sikkim_State_Inventory", "event_title": "Sikkim Debris flow - East Sikkim", "event_date": "2011", "state": "Sikkim", "location_description": "East Sikkim - Geology: GHS paro", "latitude": 27.30124166666667, "longitude": 88.719536111111111, "landslide_category": "Debris flow", "landslide_trigger": "Monsoon Rainfall / Slope Instability", "fatalities": 0, "injuries": 0, "inside_ne_polygon": true, "susceptibility_probability": 0.9887, "susceptibility_class_num": 5.0, "susceptibility_class_name": "Very High (80-100%)" }, "geometry": { "type": "Point", "coordinates": [ 88.719536111111111, 27.30124166666667 ] } },
{ "type": "Feature", "properties": { "event_id": "SIKKIM_INV_0081", "source": "Sikkim_State_Inventory", "event_title": "Sikkim Debris flow - East Sikkim", "event_date": "2011", "state": "Sikkim", "location_description": "East Sikkim - Geology: GHS paro", "latitude": 27.30213333333333, "longitude": 88.720522222222229, "landslide_category": "Debris flow", "landslide_trigger": "Monsoon Rainfall / Slope Instability", "fatalities": 0, "injuries": 0, "inside_ne_polygon": true, "susceptibility_probability": 0.9916, "susceptibility_class_num": 5.0, "susceptibility_class_name": "Very High (80-100%)" }, "geometry": { "type": "Point", "coordinates": [ 88.720522222222229, 27.30213333333333 ] } },
{ "type": "Feature", "properties": { "event_id": "SIKKIM_INV_0082", "source": "Sikkim_State_Inventory", "event_title": "Sikkim Debris flow - East Sikkim", "event_date": "2011", "state": "Sikkim", "location_description": "East Sikkim - Geology: GHS paro", "latitude": 27.305719444444449, "longitude": 88.720936111111115, "landslide_category": "Debris flow", "landslide_trigger": "Monsoon Rainfall / Slope Instability", "fatalities": 0, "injuries": 0, "inside_ne_polygon": true, "susceptibility_probability": 0.9893, "susceptibility_class_num": 5.0, "susceptibility_class_name": "Very High (80-100%)" }, "geometry": { "type": "Point", "coordinates": [ 88.720936111111115, 27.305719444444449 ] } },
{ "type": "Feature", "properties": { "event_id": "SIKKIM_INV_0083", "source": "Sikkim_State_Inventory", "event_title": "Sikkim Debris flow - East Sikkim", "event_date": "2011", "state": "Sikkim", "location_description": "East Sikkim - Geology: GHS paro", "latitude": 27.308520998774281, "longitude": 88.721534865504665, "landslide_category": "Debris flow", "landslide_trigger": "Monsoon Rainfall / Slope Instability", "fatalities": 0, "injuries": 0, "inside_ne_polygon": true, "susceptibility_probability": 0.9862, "susceptibility_class_num": 5.0, "susceptibility_class_name": "Very High (80-100%)" }, "geometry": { "type": "Point", "coordinates": [ 88.721534865504665, 27.308520998774281 ] } },
{ "type": "Feature", "properties": { "event_id": "SIKKIM_INV_0084", "source": "Sikkim_State_Inventory", "event_title": "Sikkim Debris flow - East Sikkim", "event_date": "2011", "state": "Sikkim", "location_description": "East Sikkim - Geology: GHS paro", "latitude": 27.312555555555559, "longitude": 88.724186111111109, "landslide_category": "Debris flow", "landslide_trigger": "Monsoon Rainfall / Slope Instability", "fatalities": 0, "injuries": 0, "inside_ne_polygon": true, "susceptibility_probability": 0.9825, "susceptibility_class_num": 5.0, "susceptibility_class_name": "Very High (80-100%)" }, "geometry": { "type": "Point", "coordinates": [ 88.724186111111109, 27.312555555555559 ] } },
{ "type": "Feature", "properties": { "event_id": "SIKKIM_INV_0085", "source": "Sikkim_State_Inventory", "event_title": "Sikkim Debris flow - East Sikkim", "event_date": "2011", "state": "Sikkim", "location_description": "East Sikkim - Geology: GHS paro", "latitude": 27.30874444444445, "longitude": 88.735061111111108, "landslide_category": "Debris flow", "landslide_trigger": "Monsoon Rainfall / Slope Instability", "fatalities": 0, "injuries": 0, "inside_ne_polygon": true, "susceptibility_probability": 0.9465, "susceptibility_class_num": 5.0, "susceptibility_class_name": "Very High (80-100%)" }, "geometry": { "type": "Point", "coordinates": [ 88.735061111111108, 27.30874444444445 ] } },
{ "type": "Feature", "properties": { "event_id": "SIKKIM_INV_0086", "source": "Sikkim_State_Inventory", "event_title": "Sikkim Rock fall - East Sikkim", "event_date": "nan", "state": "Sikkim", "location_description": "East Sikkim - Geology: GHS paro", "latitude": 27.31184435229498, "longitude": 88.844429015117313, "landslide_category": "Rock fall", "landslide_trigger": "Monsoon Rainfall / Slope Instability", "fatalities": 0, "injuries": 0, "inside_ne_polygon": true, "susceptibility_probability": null, "susceptibility_class_num": 5.0, "susceptibility_class_name": "Very High (80-100%)" }, "geometry": { "type": "Point", "coordinates": [ 88.844429015117313, 27.31184435229498 ] } },
{ "type": "Feature", "properties": { "event_id": "SIKKIM_INV_0087", "source": "Sikkim_State_Inventory", "event_title": "Sikkim Rock fall - East Sikkim", "event_date": "image 10/18/2017", "state": "Sikkim", "location_description": "East Sikkim - Geology: GHS paro", "latitude": 27.41556111111111, "longitude": 88.787666666666667, "landslide_category": "Rock fall", "landslide_trigger": "Monsoon Rainfall / Slope Instability", "fatalities": 0, "injuries": 0, "inside_ne_polygon": true, "susceptibility_probability": null, "susceptibility_class_num": 5.0, "susceptibility_class_name": "Very High (80-100%)" }, "geometry": { "type": "Point", "coordinates": [ 88.787666666666667, 27.41556111111111 ] } },
{ "type": "Feature", "properties": { "event_id": "SIKKIM_INV_0088", "source": "Sikkim_State_Inventory", "event_title": "Sikkim Rock fall - East Sikkim", "event_date": "nan", "state": "Sikkim", "location_description": "East Sikkim - Geology: GHS paro", "latitude": 27.406715674393151, "longitude": 88.802734815657189, "landslide_category": "Rock fall", "landslide_trigger": "Monsoon Rainfall / Slope Instability", "fatalities": 0, "injuries": 0, "inside_ne_polygon": true, "susceptibility_probability": null, "susceptibility_class_num": 5.0, "susceptibility_class_name": "Very High (80-100%)" }, "geometry": { "type": "Point", "coordinates": [ 88.802734815657189, 27.406715674393151 ] } },
{ "type": "Feature", "properties": { "event_id": "SIKKIM_INV_0089", "source": "Sikkim_State_Inventory", "event_title": "Sikkim Rock fall - East Sikkim", "event_date": "nan", "state": "Sikkim", "location_description": "East Sikkim - Geology: GHS paro", "latitude": 27.406686952534152, "longitude": 88.803427755584067, "landslide_category": "Rock fall", "landslide_trigger": "Monsoon Rainfall / Slope Instability", "fatalities": 0, "injuries": 0, "inside_ne_polygon": true, "susceptibility_probability": null, "susceptibility_class_num": 5.0, "susceptibility_class_name": "Very High (80-100%)" }, "geometry": { "type": "Point", "coordinates": [ 88.803427755584067, 27.406686952534152 ] } },
{ "type": "Feature", "properties": { "event_id": "SIKKIM_INV_0090", "source": "Sikkim_State_Inventory", "event_title": "Sikkim Rock fall - East Sikkim", "event_date": "nan", "state": "Sikkim", "location_description": "East Sikkim - Geology: GHS paro", "latitude": 27.40695526764349, "longitude": 88.804163253706307, "landslide_category": "Rock fall", "landslide_trigger": "Monsoon Rainfall / Slope Instability", "fatalities": 0, "injuries": 0, "inside_ne_polygon": true, "susceptibility_probability": null, "susceptibility_class_num": 5.0, "susceptibility_class_name": "Very High (80-100%)" }, "geometry": { "type": "Point", "coordinates": [ 88.804163253706307, 27.40695526764349 ] } },
{ "type": "Feature", "properties": { "event_id": "SIKKIM_INV_0091", "source": "Sikkim_State_Inventory", "event_title": "Sikkim Rock fall - East Sikkim", "event_date": "nan", "state": "Sikkim", "location_description": "East Sikkim - Geology: GHS paro", "latitude": 27.39833033265133, "longitude": 88.815181144383985, "landslide_category": "Rock fall", "landslide_trigger": "Monsoon Rainfall / Slope Instability", "fatalities": 0, "injuries": 0, "inside_ne_polygon": true, "susceptibility_probability": null, "susceptibility_class_num": 5.0, "susceptibility_class_name": "Very High (80-100%)" }, "geometry": { "type": "Point", "coordinates": [ 88.815181144383985, 27.39833033265133 ] } },
{ "type": "Feature", "properties": { "event_id": "SIKKIM_INV_0092", "source": "Sikkim_State_Inventory", "event_title": "Sikkim Rock fall - East Sikkim", "event_date": "nan", "state": "Sikkim", "location_description": "East Sikkim - Geology: GHS paro", "latitude": 27.404180006871801, "longitude": 88.809700980114812, "landslide_category": "Rock fall", "landslide_trigger": "Monsoon Rainfall / Slope Instability", "fatalities": 0, "injuries": 0, "inside_ne_polygon": true, "susceptibility_probability": null, "susceptibility_class_num": 5.0, "susceptibility_class_name": "Very High (80-100%)" }, "geometry": { "type": "Point", "coordinates": [ 88.809700980114812, 27.404180006871801 ] } },
{ "type": "Feature", "properties": { "event_id": "SIKKIM_INV_0093", "source": "Sikkim_State_Inventory", "event_title": "Sikkim Debris flow - East Sikkim", "event_date": "nan", "state": "Sikkim", "location_description": "East Sikkim - Geology: GHS paro", "latitude": 27.405895026804071, "longitude": 88.806416584235336, "landslide_category": "Debris flow", "landslide_trigger": "Monsoon Rainfall / Slope Instability", "fatalities": 0, "injuries": 0, "inside_ne_polygon": true, "susceptibility_probability": null, "susceptibility_class_num": 3.0, "susceptibility_class_name": "Moderate (40-60%)" }, "geometry": { "type": "Point", "coordinates": [ 88.806416584235336, 27.405895026804071 ] } },
{ "type": "Feature", "properties": { "event_id": "SIKKIM_INV_0094", "source": "Sikkim_State_Inventory", "event_title": "Sikkim Rock slide - East Sikkim", "event_date": "nan", "state": "Sikkim", "location_description": "East Sikkim - Geology: GHS paro", "latitude": 27.40665015824408, "longitude": 88.805789917338444, "landslide_category": "Rock slide", "landslide_trigger": "Monsoon Rainfall / Slope Instability", "fatalities": 0, "injuries": 0, "inside_ne_polygon": true, "susceptibility_probability": null, "susceptibility_class_num": 4.0, "susceptibility_class_name": "High (60-80%)" }, "geometry": { "type": "Point", "coordinates": [ 88.805789917338444, 27.40665015824408 ] } },
{ "type": "Feature", "properties": { "event_id": "SIKKIM_INV_0095", "source": "Sikkim_State_Inventory", "event_title": "Sikkim Debris flow - East Sikkim", "event_date": "nan", "state": "Sikkim", "location_description": "East Sikkim - Geology: GHS paro", "latitude": 27.404820817877351, "longitude": 88.803861205191652, "landslide_category": "Debris flow", "landslide_trigger": "Monsoon Rainfall / Slope Instability", "fatalities": 0, "injuries": 0, "inside_ne_polygon": true, "susceptibility_probability": null, "susceptibility_class_num": 4.0, "susceptibility_class_name": "High (60-80%)" }, "geometry": { "type": "Point", "coordinates": [ 88.803861205191652, 27.404820817877351 ] } },
{ "type": "Feature", "properties": { "event_id": "SIKKIM_INV_0096", "source": "Sikkim_State_Inventory", "event_title": "Sikkim Rock slide - debris flow - East Sikkim", "event_date": "nan", "state": "Sikkim", "location_description": "East Sikkim - Geology: GHS paro", "latitude": 27.403690726806978, "longitude": 88.798209245933236, "landslide_category": "Rock slide - debris flow", "landslide_trigger": "Monsoon Rainfall / Slope Instability", "fatalities": 0, "injuries": 0, "inside_ne_polygon": true, "susceptibility_probability": null, "susceptibility_class_num": 5.0, "susceptibility_class_name": "Very High (80-100%)" }, "geometry": { "type": "Point", "coordinates": [ 88.798209245933236, 27.403690726806978 ] } },
{ "type": "Feature", "properties": { "event_id": "SIKKIM_INV_0097", "source": "Sikkim_State_Inventory", "event_title": "Sikkim Rock fall - East Sikkim", "event_date": "nan", "state": "Sikkim", "location_description": "East Sikkim - Geology: GHS paro", "latitude": 27.407617726730791, "longitude": 88.805209028011092, "landslide_category": "Rock fall", "landslide_trigger": "Monsoon Rainfall / Slope Instability", "fatalities": 0, "injuries": 0, "inside_ne_polygon": true, "susceptibility_probability": null, "susceptibility_class_num": 5.0, "susceptibility_class_name": "Very High (80-100%)" }, "geometry": { "type": "Point", "coordinates": [ 88.805209028011092, 27.407617726730791 ] } },
{ "type": "Feature", "properties": { "event_id": "SIKKIM_INV_0098", "source": "Sikkim_State_Inventory", "event_title": "Sikkim Rock fall - East Sikkim", "event_date": "nan", "state": "Sikkim", "location_description": "East Sikkim - Geology: GHS paro", "latitude": 27.407373887991341, "longitude": 88.804768907730079, "landslide_category": "Rock fall", "landslide_trigger": "Monsoon Rainfall / Slope Instability", "fatalities": 0, "injuries": 0, "inside_ne_polygon": true, "susceptibility_probability": null, "susceptibility_class_num": 5.0, "susceptibility_class_name": "Very High (80-100%)" }, "geometry": { "type": "Point", "coordinates": [ 88.804768907730079, 27.407373887991341 ] } },
{ "type": "Feature", "properties": { "event_id": "SIKKIM_INV_0099", "source": "Sikkim_State_Inventory", "event_title": "Sikkim Debris flow - East Sikkim", "event_date": "nan", "state": "Sikkim", "location_description": "East Sikkim - Geology: GHS paro", "latitude": 27.414170095248942, "longitude": 88.804662043987037, "landslide_category": "Debris flow", "landslide_trigger": "Monsoon Rainfall / Slope Instability", "fatalities": 0, "injuries": 0, "inside_ne_polygon": true, "susceptibility_probability": null, "susceptibility_class_num": 5.0, "susceptibility_class_name": "Very High (80-100%)" }, "geometry": { "type": "Point", "coordinates": [ 88.804662043987037, 27.414170095248942 ] } },
{ "type": "Feature", "properties": { "event_id": "SIKKIM_INV_0100", "source": "Sikkim_State_Inventory", "event_title": "Sikkim Debris flow - East Sikkim", "event_date": "nan", "state": "Sikkim", "location_description": "East Sikkim - Geology: GHS paro", "latitude": 27.414273936138741, "longitude": 88.803640227988922, "landslide_category": "Debris flow", "landslide_trigger": "Monsoon Rainfall / Slope Instability", "fatalities": 0, "injuries": 0, "inside_ne_polygon": true, "susceptibility_probability": null, "susceptibility_class_num": 5.0, "susceptibility_class_name": "Very High (80-100%)" }, "geometry": { "type": "Point", "coordinates": [ 88.803640227988922, 27.414273936138741 ] } },
{ "type": "Feature", "properties": { "event_id": "SIKKIM_INV_0101", "source": "Sikkim_State_Inventory", "event_title": "Sikkim Debris flow - East Sikkim", "event_date": "nan", "state": "Sikkim", "location_description": "East Sikkim - Geology: GHS paro", "latitude": 27.41482912594406, "longitude": 88.803220236425744, "landslide_category": "Debris flow", "landslide_trigger": "Monsoon Rainfall / Slope Instability", "fatalities": 0, "injuries": 0, "inside_ne_polygon": true, "susceptibility_probability": null, "susceptibility_class_num": 5.0, "susceptibility_class_name": "Very High (80-100%)" }, "geometry": { "type": "Point", "coordinates": [ 88.803220236425744, 27.41482912594406 ] } },
{ "type": "Feature", "properties": { "event_id": "SIKKIM_INV_0102", "source": "Sikkim_State_Inventory", "event_title": "Sikkim Rock fall - East Sikkim", "event_date": "nan", "state": "Sikkim", "location_description": "East Sikkim - Geology: GHS paro", "latitude": 27.411989664005581, "longitude": 88.796845833172711, "landslide_category": "Rock fall", "landslide_trigger": "Monsoon Rainfall / Slope Instability", "fatalities": 0, "injuries": 0, "inside_ne_polygon": true, "susceptibility_probability": null, "susceptibility_class_num": 5.0, "susceptibility_class_name": "Very High (80-100%)" }, "geometry": { "type": "Point", "coordinates": [ 88.796845833172711, 27.411989664005581 ] } },
{ "type": "Feature", "properties": { "event_id": "SIKKIM_INV_0103", "source": "Sikkim_State_Inventory", "event_title": "Sikkim Rock fall - East Sikkim", "event_date": "nan", "state": "Sikkim", "location_description": "East Sikkim - Geology: GHS paro", "latitude": 27.41248855395779, "longitude": 88.796555100276848, "landslide_category": "Rock fall", "landslide_trigger": "Monsoon Rainfall / Slope Instability", "fatalities": 0, "injuries": 0, "inside_ne_polygon": true, "susceptibility_probability": null, "susceptibility_class_num": 5.0, "susceptibility_class_name": "Very High (80-100%)" }, "geometry": { "type": "Point", "coordinates": [ 88.796555100276848, 27.41248855395779 ] } },
{ "type": "Feature", "properties": { "event_id": "SIKKIM_INV_0104", "source": "Sikkim_State_Inventory", "event_title": "Sikkim Rock fall - East Sikkim", "event_date": "nan", "state": "Sikkim", "location_description": "East Sikkim - Geology: GHS paro", "latitude": 27.41289045387628, "longitude": 88.796270599554006, "landslide_category": "Rock fall", "landslide_trigger": "Monsoon Rainfall / Slope Instability", "fatalities": 0, "injuries": 0, "inside_ne_polygon": true, "susceptibility_probability": null, "susceptibility_class_num": 5.0, "susceptibility_class_name": "Very High (80-100%)" }, "geometry": { "type": "Point", "coordinates": [ 88.796270599554006, 27.41289045387628 ] } },
{ "type": "Feature", "properties": { "event_id": "SIKKIM_INV_0105", "source": "Sikkim_State_Inventory", "event_title": "Sikkim Rock fall - East Sikkim", "event_date": "nan", "state": "Sikkim", "location_description": "East Sikkim - Geology: GHS paro", "latitude": 27.413895605111229, "longitude": 88.795578922834054, "landslide_category": "Rock fall", "landslide_trigger": "Monsoon Rainfall / Slope Instability", "fatalities": 0, "injuries": 0, "inside_ne_polygon": true, "susceptibility_probability": null, "susceptibility_class_num": 5.0, "susceptibility_class_name": "Very High (80-100%)" }, "geometry": { "type": "Point", "coordinates": [ 88.795578922834054, 27.413895605111229 ] } },
{ "type": "Feature", "properties": { "event_id": "SIKKIM_INV_0106", "source": "Sikkim_State_Inventory", "event_title": "Sikkim Debris flow - East Sikkim", "event_date": "nan", "state": "Sikkim", "location_description": "East Sikkim - Geology: GHS paro", "latitude": 27.414004591079749, "longitude": 88.793830354507961, "landslide_category": "Debris flow", "landslide_trigger": "Monsoon Rainfall / Slope Instability", "fatalities": 0, "injuries": 0, "inside_ne_polygon": true, "susceptibility_probability": null, "susceptibility_class_num": 5.0, "susceptibility_class_name": "Very High (80-100%)" }, "geometry": { "type": "Point", "coordinates": [ 88.793830354507961, 27.414004591079749 ] } },
{ "type": "Feature", "properties": { "event_id": "SIKKIM_INV_0107", "source": "Sikkim_State_Inventory", "event_title": "Sikkim Debris flow - East Sikkim", "event_date": "nan", "state": "Sikkim", "location_description": "East Sikkim - Geology: GHS paro", "latitude": 27.41729368629538, "longitude": 88.791115154832283, "landslide_category": "Debris flow", "landslide_trigger": "Monsoon Rainfall / Slope Instability", "fatalities": 0, "injuries": 0, "inside_ne_polygon": true, "susceptibility_probability": null, "susceptibility_class_num": 5.0, "susceptibility_class_name": "Very High (80-100%)" }, "geometry": { "type": "Point", "coordinates": [ 88.791115154832283, 27.41729368629538 ] } },
{ "type": "Feature", "properties": { "event_id": "SIKKIM_INV_0108", "source": "Sikkim_State_Inventory", "event_title": "Sikkim Debris flow - East Sikkim", "event_date": "nan", "state": "Sikkim", "location_description": "East Sikkim - Geology: GHS paro", "latitude": 27.416638833350529, "longitude": 88.793466956053663, "landslide_category": "Debris flow", "landslide_trigger": "Monsoon Rainfall / Slope Instability", "fatalities": 0, "injuries": 0, "inside_ne_polygon": true, "susceptibility_probability": null, "susceptibility_class_num": 5.0, "susceptibility_class_name": "Very High (80-100%)" }, "geometry": { "type": "Point", "coordinates": [ 88.793466956053663, 27.416638833350529 ] } },
{ "type": "Feature", "properties": { "event_id": "SIKKIM_INV_0109", "source": "Sikkim_State_Inventory", "event_title": "Sikkim Debris flow - East Sikkim", "event_date": "nan", "state": "Sikkim", "location_description": "East Sikkim - Geology: GHS paro", "latitude": 27.416101169652698, "longitude": 88.796721312925499, "landslide_category": "Debris flow", "landslide_trigger": "Monsoon Rainfall / Slope Instability", "fatalities": 0, "injuries": 0, "inside_ne_polygon": true, "susceptibility_probability": null, "susceptibility_class_num": 5.0, "susceptibility_class_name": "Very High (80-100%)" }, "geometry": { "type": "Point", "coordinates": [ 88.796721312925499, 27.416101169652698 ] } },
{ "type": "Feature", "properties": { "event_id": "SIKKIM_INV_0110", "source": "Sikkim_State_Inventory", "event_title": "Sikkim Debris flow - East Sikkim", "event_date": "nan", "state": "Sikkim", "location_description": "East Sikkim - Geology: GHS paro", "latitude": 27.416122084148231, "longitude": 88.795635681895249, "landslide_category": "Debris flow", "landslide_trigger": "Monsoon Rainfall / Slope Instability", "fatalities": 0, "injuries": 0, "inside_ne_polygon": true, "susceptibility_probability": null, "susceptibility_class_num": 5.0, "susceptibility_class_name": "Very High (80-100%)" }, "geometry": { "type": "Point", "coordinates": [ 88.795635681895249, 27.416122084148231 ] } },
{ "type": "Feature", "properties": { "event_id": "SIKKIM_INV_0111", "source": "Sikkim_State_Inventory", "event_title": "Sikkim Rock fall - East Sikkim", "event_date": "nan", "state": "Sikkim", "location_description": "East Sikkim - Geology: GHS paro", "latitude": 27.416454669074991, "longitude": 88.794834105765389, "landslide_category": "Rock fall", "landslide_trigger": "Monsoon Rainfall / Slope Instability", "fatalities": 0, "injuries": 0, "inside_ne_polygon": true, "susceptibility_probability": null, "susceptibility_class_num": 5.0, "susceptibility_class_name": "Very High (80-100%)" }, "geometry": { "type": "Point", "coordinates": [ 88.794834105765389, 27.416454669074991 ] } },
{ "type": "Feature", "properties": { "event_id": "SIKKIM_INV_0112", "source": "Sikkim_State_Inventory", "event_title": "Sikkim Debris flow - East Sikkim", "event_date": "nan", "state": "Sikkim", "location_description": "East Sikkim - Geology: GHS paro", "latitude": 27.416587599126721, "longitude": 88.798064174801425, "landslide_category": "Debris flow", "landslide_trigger": "Monsoon Rainfall / Slope Instability", "fatalities": 0, "injuries": 0, "inside_ne_polygon": true, "susceptibility_probability": null, "susceptibility_class_num": 5.0, "susceptibility_class_name": "Very High (80-100%)" }, "geometry": { "type": "Point", "coordinates": [ 88.798064174801425, 27.416587599126721 ] } },
{ "type": "Feature", "properties": { "event_id": "SIKKIM_INV_0113", "source": "Sikkim_State_Inventory", "event_title": "Sikkim Rock fall - East Sikkim", "event_date": "nan", "state": "Sikkim", "location_description": "East Sikkim - Geology: GHS paro", "latitude": 27.4032026124998, "longitude": 88.788904703391609, "landslide_category": "Rock fall", "landslide_trigger": "Monsoon Rainfall / Slope Instability", "fatalities": 0, "injuries": 0, "inside_ne_polygon": true, "susceptibility_probability": null, "susceptibility_class_num": 5.0, "susceptibility_class_name": "Very High (80-100%)" }, "geometry": { "type": "Point", "coordinates": [ 88.788904703391609, 27.4032026124998 ] } },
{ "type": "Feature", "properties": { "event_id": "SIKKIM_INV_0114", "source": "Sikkim_State_Inventory", "event_title": "Sikkim Rock fall - East Sikkim", "event_date": "nan", "state": "Sikkim", "location_description": "East Sikkim - Geology: GHS paro", "latitude": 27.405375037393121, "longitude": 88.792145358476219, "landslide_category": "Rock fall", "landslide_trigger": "Monsoon Rainfall / Slope Instability", "fatalities": 0, "injuries": 0, "inside_ne_polygon": true, "susceptibility_probability": null, "susceptibility_class_num": 5.0, "susceptibility_class_name": "Very High (80-100%)" }, "geometry": { "type": "Point", "coordinates": [ 88.792145358476219, 27.405375037393121 ] } },
{ "type": "Feature", "properties": { "event_id": "SIKKIM_INV_0115", "source": "Sikkim_State_Inventory", "event_title": "Sikkim Debris flow - East Sikkim", "event_date": "nan", "state": "Sikkim", "location_description": "East Sikkim - Geology: GHS paro", "latitude": 27.40241892654273, "longitude": 88.788125228660121, "landslide_category": "Debris flow", "landslide_trigger": "Monsoon Rainfall / Slope Instability", "fatalities": 0, "injuries": 0, "inside_ne_polygon": true, "susceptibility_probability": null, "susceptibility_class_num": 5.0, "susceptibility_class_name": "Very High (80-100%)" }, "geometry": { "type": "Point", "coordinates": [ 88.788125228660121, 27.40241892654273 ] } },
{ "type": "Feature", "properties": { "event_id": "SIKKIM_INV_0116", "source": "Sikkim_State_Inventory", "event_title": "Sikkim Debris flow - East Sikkim", "event_date": "nan", "state": "Sikkim", "location_description": "East Sikkim - Geology: GHS paro", "latitude": 27.401664369128341, "longitude": 88.78824338896689, "landslide_category": "Debris flow", "landslide_trigger": "Monsoon Rainfall / Slope Instability", "fatalities": 0, "injuries": 0, "inside_ne_polygon": true, "susceptibility_probability": null, "susceptibility_class_num": 5.0, "susceptibility_class_name": "Very High (80-100%)" }, "geometry": { "type": "Point", "coordinates": [ 88.78824338896689, 27.401664369128341 ] } },
{ "type": "Feature", "properties": { "event_id": "SIKKIM_INV_0117", "source": "Sikkim_State_Inventory", "event_title": "Sikkim Debris flow - East Sikkim", "event_date": "nan", "state": "Sikkim", "location_description": "East Sikkim - Geology: GHS paro", "latitude": 27.40083331882461, "longitude": 88.786267186225231, "landslide_category": "Debris flow", "landslide_trigger": "Monsoon Rainfall / Slope Instability", "fatalities": 0, "injuries": 0, "inside_ne_polygon": true, "susceptibility_probability": null, "susceptibility_class_num": 5.0, "susceptibility_class_name": "Very High (80-100%)" }, "geometry": { "type": "Point", "coordinates": [ 88.786267186225231, 27.40083331882461 ] } },
{ "type": "Feature", "properties": { "event_id": "SIKKIM_INV_0118", "source": "Sikkim_State_Inventory", "event_title": "Sikkim Rock fall - East Sikkim", "event_date": "nan", "state": "Sikkim", "location_description": "East Sikkim - Geology: GHS paro", "latitude": 27.385027268636541, "longitude": 88.790729678392594, "landslide_category": "Rock fall", "landslide_trigger": "Monsoon Rainfall / Slope Instability", "fatalities": 0, "injuries": 0, "inside_ne_polygon": true, "susceptibility_probability": null, "susceptibility_class_num": 5.0, "susceptibility_class_name": "Very High (80-100%)" }, "geometry": { "type": "Point", "coordinates": [ 88.790729678392594, 27.385027268636541 ] } },
{ "type": "Feature", "properties": { "event_id": "SIKKIM_INV_0119", "source": "Sikkim_State_Inventory", "event_title": "Sikkim Debris flow - East Sikkim", "event_date": "nan", "state": "Sikkim", "location_description": "East Sikkim - Geology: GHS paro", "latitude": 27.38590818133828, "longitude": 88.791635442381462, "landslide_category": "Debris flow", "landslide_trigger": "Monsoon Rainfall / Slope Instability", "fatalities": 0, "injuries": 0, "inside_ne_polygon": true, "susceptibility_probability": null, "susceptibility_class_num": 5.0, "susceptibility_class_name": "Very High (80-100%)" }, "geometry": { "type": "Point", "coordinates": [ 88.791635442381462, 27.38590818133828 ] } },
{ "type": "Feature", "properties": { "event_id": "SIKKIM_INV_0120", "source": "Sikkim_State_Inventory", "event_title": "Sikkim Rock fall/debris flow - East Sikkim", "event_date": "nan", "state": "Sikkim", "location_description": "East Sikkim - Geology: GHS paro", "latitude": 27.37029182313335, "longitude": 88.838401805604263, "landslide_category": "Rock fall/debris flow", "landslide_trigger": "Monsoon Rainfall / Slope Instability", "fatalities": 0, "injuries": 0, "inside_ne_polygon": true, "susceptibility_probability": null, "susceptibility_class_num": 5.0, "susceptibility_class_name": "Very High (80-100%)" }, "geometry": { "type": "Point", "coordinates": [ 88.838401805604263, 27.37029182313335 ] } },
{ "type": "Feature", "properties": { "event_id": "SIKKIM_INV_0121", "source": "Sikkim_State_Inventory", "event_title": "Sikkim Debris flow - East Sikkim", "event_date": "image 10/19/2017", "state": "Sikkim", "location_description": "East Sikkim - Geology: GHS paro", "latitude": 27.36868888888889, "longitude": 88.848808333333324, "landslide_category": "Debris flow", "landslide_trigger": "Monsoon Rainfall / Slope Instability", "fatalities": 0, "injuries": 0, "inside_ne_polygon": true, "susceptibility_probability": null, "susceptibility_class_num": 5.0, "susceptibility_class_name": "Very High (80-100%)" }, "geometry": { "type": "Point", "coordinates": [ 88.848808333333324, 27.36868888888889 ] } },
{ "type": "Feature", "properties": { "event_id": "SIKKIM_INV_0122", "source": "Sikkim_State_Inventory", "event_title": "Sikkim Rock slide - East Sikkim", "event_date": "Dipslope", "state": "Sikkim", "location_description": "East Sikkim - Geology: GHS paro", "latitude": 27.38219404377141, "longitude": 88.852563542921601, "landslide_category": "Rock slide", "landslide_trigger": "Monsoon Rainfall / Slope Instability", "fatalities": 0, "injuries": 0, "inside_ne_polygon": false, "susceptibility_probability": null, "susceptibility_class_num": null, "susceptibility_class_name": "Unclassified" }, "geometry": { "type": "Point", "coordinates": [ 88.852563542921601, 27.38219404377141 ] } },
{ "type": "Feature", "properties": { "event_id": "SIKKIM_INV_0123", "source": "Sikkim_State_Inventory", "event_title": "Sikkim Rock fall - East Sikkim", "event_date": "nan", "state": "Sikkim", "location_description": "East Sikkim - Geology: GHS paro", "latitude": 27.374184992154181, "longitude": 88.862870770318025, "landslide_category": "Rock fall", "landslide_trigger": "Monsoon Rainfall / Slope Instability", "fatalities": 0, "injuries": 0, "inside_ne_polygon": true, "susceptibility_probability": null, "susceptibility_class_num": 5.0, "susceptibility_class_name": "Very High (80-100%)" }, "geometry": { "type": "Point", "coordinates": [ 88.862870770318025, 27.374184992154181 ] } },
{ "type": "Feature", "properties": { "event_id": "SIKKIM_INV_0124", "source": "Sikkim_State_Inventory", "event_title": "Sikkim Debris flow - East Sikkim", "event_date": "nan", "state": "Sikkim", "location_description": "East Sikkim - Geology: GHS paro", "latitude": 27.360376708876029, "longitude": 88.880195819718239, "landslide_category": "Debris flow", "landslide_trigger": "Monsoon Rainfall / Slope Instability", "fatalities": 0, "injuries": 0, "inside_ne_polygon": true, "susceptibility_probability": null, "susceptibility_class_num": 5.0, "susceptibility_class_name": "Very High (80-100%)" }, "geometry": { "type": "Point", "coordinates": [ 88.880195819718239, 27.360376708876029 ] } },
{ "type": "Feature", "properties": { "event_id": "SIKKIM_INV_0125", "source": "Sikkim_State_Inventory", "event_title": "Sikkim Debris flow - East Sikkim", "event_date": "nan", "state": "Sikkim", "location_description": "East Sikkim - Geology: GHS paro", "latitude": 27.347478425841729, "longitude": 88.863660440244004, "landslide_category": "Debris flow", "landslide_trigger": "Monsoon Rainfall / Slope Instability", "fatalities": 0, "injuries": 0, "inside_ne_polygon": true, "susceptibility_probability": null, "susceptibility_class_num": 5.0, "susceptibility_class_name": "Very High (80-100%)" }, "geometry": { "type": "Point", "coordinates": [ 88.863660440244004, 27.347478425841729 ] } },
{ "type": "Feature", "properties": { "event_id": "SIKKIM_INV_0126", "source": "Sikkim_State_Inventory", "event_title": "Sikkim Rock slide - East Sikkim", "event_date": "nan", "state": "Sikkim", "location_description": "East Sikkim - Geology: GHS paro", "latitude": 27.297271354751221, "longitude": 88.855299863941724, "landslide_category": "Rock slide", "landslide_trigger": "Monsoon Rainfall / Slope Instability", "fatalities": 0, "injuries": 0, "inside_ne_polygon": true, "susceptibility_probability": null, "susceptibility_class_num": 5.0, "susceptibility_class_name": "Very High (80-100%)" }, "geometry": { "type": "Point", "coordinates": [ 88.855299863941724, 27.297271354751221 ] } },
{ "type": "Feature", "properties": { "event_id": "SIKKIM_INV_0127", "source": "Sikkim_State_Inventory", "event_title": "Sikkim Rock fall - East Sikkim", "event_date": "nan", "state": "Sikkim", "location_description": "East Sikkim - Geology: GHS paro", "latitude": 27.405046075256472, "longitude": 88.80672144844651, "landslide_category": "Rock fall", "landslide_trigger": "Monsoon Rainfall / Slope Instability", "fatalities": 0, "injuries": 0, "inside_ne_polygon": true, "susceptibility_probability": null, "susceptibility_class_num": 5.0, "susceptibility_class_name": "Very High (80-100%)" }, "geometry": { "type": "Point", "coordinates": [ 88.80672144844651, 27.405046075256472 ] } },
{ "type": "Feature", "properties": { "event_id": "SIKKIM_INV_0128", "source": "Sikkim_State_Inventory", "event_title": "Sikkim Debris flow - Sikkim", "event_date": "2011", "state": "Sikkim", "location_description": "Sikkim - Geology: LHS Daling", "latitude": 27.270386111111112, "longitude": 88.381808333333325, "landslide_category": "Debris flow", "landslide_trigger": "Monsoon Rainfall / Slope Instability", "fatalities": 0, "injuries": 0, "inside_ne_polygon": true, "susceptibility_probability": null, "susceptibility_class_num": 5.0, "susceptibility_class_name": "Very High (80-100%)" }, "geometry": { "type": "Point", "coordinates": [ 88.381808333333325, 27.270386111111112 ] } },
{ "type": "Feature", "properties": { "event_id": "SIKKIM_INV_0129", "source": "Sikkim_State_Inventory", "event_title": "Sikkim Debris flow - Sikkim", "event_date": "2005", "state": "Sikkim", "location_description": "Sikkim - Geology: LHS Daling", "latitude": 27.371935157682849, "longitude": 88.274459131224759, "landslide_category": "Debris flow", "landslide_trigger": "Monsoon Rainfall / Slope Instability", "fatalities": 0, "injuries": 0, "inside_ne_polygon": true, "susceptibility_probability": null, "susceptibility_class_num": 5.0, "susceptibility_class_name": "Very High (80-100%)" }, "geometry": { "type": "Point", "coordinates": [ 88.274459131224759, 27.371935157682849 ] } },
{ "type": "Feature", "properties": { "event_id": "SIKKIM_INV_0130", "source": "Sikkim_State_Inventory", "event_title": "Sikkim Debris flow - Sikkim", "event_date": "2002", "state": "Sikkim", "location_description": "Sikkim - Geology: LHS Daling", "latitude": 27.338219444444441, "longitude": 88.286308333333338, "landslide_category": "Debris flow", "landslide_trigger": "Monsoon Rainfall / Slope Instability", "fatalities": 0, "injuries": 0, "inside_ne_polygon": true, "susceptibility_probability": null, "susceptibility_class_num": 5.0, "susceptibility_class_name": "Very High (80-100%)" }, "geometry": { "type": "Point", "coordinates": [ 88.286308333333338, 27.338219444444441 ] } },
{ "type": "Feature", "properties": { "event_id": "SIKKIM_INV_0131", "source": "Sikkim_State_Inventory", "event_title": "Sikkim Debris flow - Sikkim", "event_date": "nan", "state": "Sikkim", "location_description": "Sikkim - Geology: LHS Daling", "latitude": 27.112448358754921, "longitude": 88.39664375645215, "landslide_category": "Debris flow", "landslide_trigger": "Monsoon Rainfall / Slope Instability", "fatalities": 0, "injuries": 0, "inside_ne_polygon": true, "susceptibility_probability": 0.7476, "susceptibility_class_num": 4.0, "susceptibility_class_name": "High (60-80%)" }, "geometry": { "type": "Point", "coordinates": [ 88.39664375645215, 27.112448358754921 ] } },
{ "type": "Feature", "properties": { "event_id": "SIKKIM_INV_0132", "source": "Sikkim_State_Inventory", "event_title": "Sikkim Debris flow - Sikkim", "event_date": "2011", "state": "Sikkim", "location_description": "Sikkim - Geology: LHS Daling", "latitude": 27.11174005194307, "longitude": 88.401818703898869, "landslide_category": "Debris flow", "landslide_trigger": "Monsoon Rainfall / Slope Instability", "fatalities": 0, "injuries": 0, "inside_ne_polygon": true, "susceptibility_probability": 0.9358, "susceptibility_class_num": 5.0, "susceptibility_class_name": "Very High (80-100%)" }, "geometry": { "type": "Point", "coordinates": [ 88.401818703898869, 27.11174005194307 ] } },
{ "type": "Feature", "properties": { "event_id": "SIKKIM_INV_0133", "source": "Sikkim_State_Inventory", "event_title": "Sikkim Debris flow - Sikkim", "event_date": "nan", "state": "Sikkim", "location_description": "Sikkim - Geology: LHS Daling", "latitude": 27.47796100595076, "longitude": 88.628989943745424, "landslide_category": "Debris flow", "landslide_trigger": "Monsoon Rainfall / Slope Instability", "fatalities": 0, "injuries": 0, "inside_ne_polygon": true, "susceptibility_probability": 0.6248, "susceptibility_class_num": 4.0, "susceptibility_class_name": "High (60-80%)" }, "geometry": { "type": "Point", "coordinates": [ 88.628989943745424, 27.47796100595076 ] } },
{ "type": "Feature", "properties": { "event_id": "SIKKIM_INV_0134", "source": "Sikkim_State_Inventory", "event_title": "Sikkim Debris flow - Sikkim", "event_date": "Active", "state": "Sikkim", "location_description": "Sikkim - Geology: LHS Daling", "latitude": 27.304540020646609, "longitude": 88.394278482182344, "landslide_category": "Debris flow", "landslide_trigger": "Monsoon Rainfall / Slope Instability", "fatalities": 0, "injuries": 0, "inside_ne_polygon": true, "susceptibility_probability": null, "susceptibility_class_num": 5.0, "susceptibility_class_name": "Very High (80-100%)" }, "geometry": { "type": "Point", "coordinates": [ 88.394278482182344, 27.304540020646609 ] } },
{ "type": "Feature", "properties": { "event_id": "SIKKIM_INV_0135", "source": "Sikkim_State_Inventory", "event_title": "Sikkim Debris flow - Sikkim", "event_date": "Active", "state": "Sikkim", "location_description": "Sikkim - Geology: LHS Daling", "latitude": 27.295713888888891, "longitude": 88.282005555555557, "landslide_category": "Debris flow", "landslide_trigger": "Monsoon Rainfall / Slope Instability", "fatalities": 0, "injuries": 0, "inside_ne_polygon": true, "susceptibility_probability": null, "susceptibility_class_num": 5.0, "susceptibility_class_name": "Very High (80-100%)" }, "geometry": { "type": "Point", "coordinates": [ 88.282005555555557, 27.295713888888891 ] } },
{ "type": "Feature", "properties": { "event_id": "SIKKIM_INV_0136", "source": "Sikkim_State_Inventory", "event_title": "Sikkim Debris slide-flow - Sikkim", "event_date": "2005", "state": "Sikkim", "location_description": "Sikkim - Geology: LHS Daling", "latitude": 27.390625, "longitude": 88.330441666666658, "landslide_category": "Debris slide-flow", "landslide_trigger": "Monsoon Rainfall / Slope Instability", "fatalities": 0, "injuries": 0, "inside_ne_polygon": true, "susceptibility_probability": null, "susceptibility_class_num": 5.0, "susceptibility_class_name": "Very High (80-100%)" }, "geometry": { "type": "Point", "coordinates": [ 88.330441666666658, 27.390625 ] } },
{ "type": "Feature", "properties": { "event_id": "SIKKIM_INV_0137", "source": "Sikkim_State_Inventory", "event_title": "Sikkim Debris flow - Sikkim", "event_date": "nan", "state": "Sikkim", "location_description": "Sikkim - Geology: LHS Daling", "latitude": 27.296683333333331, "longitude": 88.292488888888883, "landslide_category": "Debris flow", "landslide_trigger": "Monsoon Rainfall / Slope Instability", "fatalities": 0, "injuries": 0, "inside_ne_polygon": true, "susceptibility_probability": null, "susceptibility_class_num": 5.0, "susceptibility_class_name": "Very High (80-100%)" }, "geometry": { "type": "Point", "coordinates": [ 88.292488888888883, 27.296683333333331 ] } },
{ "type": "Feature", "properties": { "event_id": "SIKKIM_INV_0138", "source": "Sikkim_State_Inventory", "event_title": "Sikkim Debris flow - Sikkim", "event_date": "2015", "state": "Sikkim", "location_description": "Sikkim - Geology: LHS Daling", "latitude": 27.30374444444444, "longitude": 88.334922222222218, "landslide_category": "Debris flow", "landslide_trigger": "Monsoon Rainfall / Slope Instability", "fatalities": 0, "injuries": 0, "inside_ne_polygon": true, "susceptibility_probability": null, "susceptibility_class_num": 5.0, "susceptibility_class_name": "Very High (80-100%)" }, "geometry": { "type": "Point", "coordinates": [ 88.334922222222218, 27.30374444444444 ] } },
{ "type": "Feature", "properties": { "event_id": "SIKKIM_INV_0139", "source": "Sikkim_State_Inventory", "event_title": "Sikkim Debris flow - Sikkim", "event_date": "2015", "state": "Sikkim", "location_description": "Sikkim - Geology: LHS Daling", "latitude": 27.30457222222222, "longitude": 88.337466666666657, "landslide_category": "Debris flow", "landslide_trigger": "Monsoon Rainfall / Slope Instability", "fatalities": 0, "injuries": 0, "inside_ne_polygon": true, "susceptibility_probability": null, "susceptibility_class_num": 5.0, "susceptibility_class_name": "Very High (80-100%)" }, "geometry": { "type": "Point", "coordinates": [ 88.337466666666657, 27.30457222222222 ] } },
{ "type": "Feature", "properties": { "event_id": "SIKKIM_INV_0140", "source": "Sikkim_State_Inventory", "event_title": "Sikkim Debris flow - Sikkim", "event_date": "2017", "state": "Sikkim", "location_description": "Sikkim - Geology: LHS Daling", "latitude": 27.305461111111111, "longitude": 88.339386111111111, "landslide_category": "Debris flow", "landslide_trigger": "Monsoon Rainfall / Slope Instability", "fatalities": 0, "injuries": 0, "inside_ne_polygon": true, "susceptibility_probability": null, "susceptibility_class_num": 5.0, "susceptibility_class_name": "Very High (80-100%)" }, "geometry": { "type": "Point", "coordinates": [ 88.339386111111111, 27.305461111111111 ] } },
{ "type": "Feature", "properties": { "event_id": "SIKKIM_INV_0141", "source": "Sikkim_State_Inventory", "event_title": "Sikkim Debris flow - Sikkim", "event_date": "2011", "state": "Sikkim", "location_description": "Sikkim - Geology: LHS Daling", "latitude": 27.491294444444449, "longitude": 88.497661111111114, "landslide_category": "Debris flow", "landslide_trigger": "Monsoon Rainfall / Slope Instability", "fatalities": 0, "injuries": 0, "inside_ne_polygon": true, "susceptibility_probability": 0.9096, "susceptibility_class_num": 5.0, "susceptibility_class_name": "Very High (80-100%)" }, "geometry": { "type": "Point", "coordinates": [ 88.497661111111114, 27.491294444444449 ] } },
{ "type": "Feature", "properties": { "event_id": "SIKKIM_INV_0142", "source": "Sikkim_State_Inventory", "event_title": "Sikkim Debris flow - Sikkim", "event_date": "2011", "state": "Sikkim", "location_description": "Sikkim - Geology: LHS Daling", "latitude": 27.139736111111109, "longitude": 88.431816666666677, "landslide_category": "Debris flow", "landslide_trigger": "Monsoon Rainfall / Slope Instability", "fatalities": 0, "injuries": 0, "inside_ne_polygon": true, "susceptibility_probability": 0.9901, "susceptibility_class_num": 5.0, "susceptibility_class_name": "Very High (80-100%)" }, "geometry": { "type": "Point", "coordinates": [ 88.431816666666677, 27.139736111111109 ] } },
{ "type": "Feature", "properties": { "event_id": "SIKKIM_INV_0143", "source": "Sikkim_State_Inventory", "event_title": "Sikkim Debris flow - Sikkim", "event_date": "nan", "state": "Sikkim", "location_description": "Sikkim - Geology: MCT zone", "latitude": 27.477691018442108, "longitude": 88.629823311515239, "landslide_category": "Debris flow", "landslide_trigger": "Monsoon Rainfall / Slope Instability", "fatalities": 0, "injuries": 0, "inside_ne_polygon": true, "susceptibility_probability": 0.873, "susceptibility_class_num": 5.0, "susceptibility_class_name": "Very High (80-100%)" }, "geometry": { "type": "Point", "coordinates": [ 88.629823311515239, 27.477691018442108 ] } },
{ "type": "Feature", "properties": { "event_id": "SIKKIM_INV_0144", "source": "Sikkim_State_Inventory", "event_title": "Sikkim Debris flow - Sikkim", "event_date": "2011", "state": "Sikkim", "location_description": "Sikkim - Geology: MCT zone", "latitude": 27.296923504002169, "longitude": 88.221677048391143, "landslide_category": "Debris flow", "landslide_trigger": "Monsoon Rainfall / Slope Instability", "fatalities": 0, "injuries": 0, "inside_ne_polygon": true, "susceptibility_probability": 0.9922, "susceptibility_class_num": 5.0, "susceptibility_class_name": "Very High (80-100%)" }, "geometry": { "type": "Point", "coordinates": [ 88.221677048391143, 27.296923504002169 ] } },
{ "type": "Feature", "properties": { "event_id": "SIKKIM_INV_0145", "source": "Sikkim_State_Inventory", "event_title": "Sikkim Debris flow - Sikkim", "event_date": "nan", "state": "Sikkim", "location_description": "Sikkim - Geology: GHS paro", "latitude": 27.445410284684531, "longitude": 88.259403994096175, "landslide_category": "Debris flow", "landslide_trigger": "Monsoon Rainfall / Slope Instability", "fatalities": 0, "injuries": 0, "inside_ne_polygon": true, "susceptibility_probability": null, "susceptibility_class_num": 5.0, "susceptibility_class_name": "Very High (80-100%)" }, "geometry": { "type": "Point", "coordinates": [ 88.259403994096175, 27.445410284684531 ] } },
{ "type": "Feature", "properties": { "event_id": "SIKKIM_INV_0146", "source": "Sikkim_State_Inventory", "event_title": "Sikkim Debris flow - Sikkim", "event_date": "nan", "state": "Sikkim", "location_description": "Sikkim - Geology: GHS paro", "latitude": 27.424754198425049, "longitude": 88.721046057319938, "landslide_category": "Debris flow", "landslide_trigger": "Monsoon Rainfall / Slope Instability", "fatalities": 0, "injuries": 0, "inside_ne_polygon": true, "susceptibility_probability": 0.8518, "susceptibility_class_num": 5.0, "susceptibility_class_name": "Very High (80-100%)" }, "geometry": { "type": "Point", "coordinates": [ 88.721046057319938, 27.424754198425049 ] } },
{ "type": "Feature", "properties": { "event_id": "SIKKIM_INV_0147", "source": "Sikkim_State_Inventory", "event_title": "Sikkim Debris flow - Sikkim", "event_date": "Definite\nActive\nWith depositional fan", "state": "Sikkim", "location_description": "Sikkim - Geology: GHS paro", "latitude": 27.443136111111109, "longitude": 88.147483333333341, "landslide_category": "Debris flow", "landslide_trigger": "Monsoon Rainfall / Slope Instability", "fatalities": 0, "injuries": 0, "inside_ne_polygon": true, "susceptibility_probability": null, "susceptibility_class_num": 5.0, "susceptibility_class_name": "Very High (80-100%)" }, "geometry": { "type": "Point", "coordinates": [ 88.147483333333341, 27.443136111111109 ] } },
{ "type": "Feature", "properties": { "event_id": "SIKKIM_INV_0148", "source": "Sikkim_State_Inventory", "event_title": "Sikkim Debris flow - Sikkim", "event_date": "2015", "state": "Sikkim", "location_description": "Sikkim - Geology: GHS paro", "latitude": 27.364861111111111, "longitude": 88.123913888888879, "landslide_category": "Debris flow", "landslide_trigger": "Monsoon Rainfall / Slope Instability", "fatalities": 0, "injuries": 0, "inside_ne_polygon": true, "susceptibility_probability": 0.9237, "susceptibility_class_num": 5.0, "susceptibility_class_name": "Very High (80-100%)" }, "geometry": { "type": "Point", "coordinates": [ 88.123913888888879, 27.364861111111111 ] } },
{ "type": "Feature", "properties": { "event_id": "SIKKIM_INV_0149", "source": "Sikkim_State_Inventory", "event_title": "Sikkim Debris flow - Sikkim", "event_date": "nan", "state": "Sikkim", "location_description": "Sikkim - Geology: GHS paro", "latitude": 27.371414038378759, "longitude": 88.116525083364678, "landslide_category": "Debris flow", "landslide_trigger": "Monsoon Rainfall / Slope Instability", "fatalities": 0, "injuries": 0, "inside_ne_polygon": true, "susceptibility_probability": 0.9639, "susceptibility_class_num": 5.0, "susceptibility_class_name": "Very High (80-100%)" }, "geometry": { "type": "Point", "coordinates": [ 88.116525083364678, 27.371414038378759 ] } },
{ "type": "Feature", "properties": { "event_id": "SIKKIM_INV_0150", "source": "Sikkim_State_Inventory", "event_title": "Sikkim Debris flow - Sikkim", "event_date": "2010", "state": "Sikkim", "location_description": "Sikkim - Geology: GHS paro", "latitude": 27.37864722222222, "longitude": 88.093222222222224, "landslide_category": "Debris flow", "landslide_trigger": "Monsoon Rainfall / Slope Instability", "fatalities": 0, "injuries": 0, "inside_ne_polygon": true, "susceptibility_probability": 0.9913, "susceptibility_class_num": 5.0, "susceptibility_class_name": "Very High (80-100%)" }, "geometry": { "type": "Point", "coordinates": [ 88.093222222222224, 27.37864722222222 ] } },
{ "type": "Feature", "properties": { "event_id": "SIKKIM_INV_0151", "source": "Sikkim_State_Inventory", "event_title": "Sikkim Debris flow - Sikkim", "event_date": "2010", "state": "Sikkim", "location_description": "Sikkim - Geology: GHS paro", "latitude": 27.381672222222221, "longitude": 88.099619444444443, "landslide_category": "Debris flow", "landslide_trigger": "Monsoon Rainfall / Slope Instability", "fatalities": 0, "injuries": 0, "inside_ne_polygon": true, "susceptibility_probability": 0.9746, "susceptibility_class_num": 5.0, "susceptibility_class_name": "Very High (80-100%)" }, "geometry": { "type": "Point", "coordinates": [ 88.099619444444443, 27.381672222222221 ] } },
{ "type": "Feature", "properties": { "event_id": "SIKKIM_INV_0152", "source": "Sikkim_State_Inventory", "event_title": "Sikkim Debris flow - Sikkim", "event_date": "2010", "state": "Sikkim", "location_description": "Sikkim - Geology: GHS paro", "latitude": 27.404434447445389, "longitude": 88.08862276653403, "landslide_category": "Debris flow", "landslide_trigger": "Monsoon Rainfall / Slope Instability", "fatalities": 0, "injuries": 0, "inside_ne_polygon": true, "susceptibility_probability": 0.8792, "susceptibility_class_num": 5.0, "susceptibility_class_name": "Very High (80-100%)" }, "geometry": { "type": "Point", "coordinates": [ 88.08862276653403, 27.404434447445389 ] } },
{ "type": "Feature", "properties": { "event_id": "SIKKIM_INV_0153", "source": "Sikkim_State_Inventory", "event_title": "Sikkim Debris flow - Sikkim", "event_date": "2010", "state": "Sikkim", "location_description": "Sikkim - Geology: GHS paro", "latitude": 27.473961111111109, "longitude": 88.122041666666661, "landslide_category": "Debris flow", "landslide_trigger": "Monsoon Rainfall / Slope Instability", "fatalities": 0, "injuries": 0, "inside_ne_polygon": true, "susceptibility_probability": null, "susceptibility_class_num": 5.0, "susceptibility_class_name": "Very High (80-100%)" }, "geometry": { "type": "Point", "coordinates": [ 88.122041666666661, 27.473961111111109 ] } },
{ "type": "Feature", "properties": { "event_id": "SIKKIM_INV_0154", "source": "Sikkim_State_Inventory", "event_title": "Sikkim Debris flow - Sikkim", "event_date": "2010", "state": "Sikkim", "location_description": "Sikkim - Geology: GHS paro", "latitude": 27.47333888888889, "longitude": 88.120666666666665, "landslide_category": "Debris flow", "landslide_trigger": "Monsoon Rainfall / Slope Instability", "fatalities": 0, "injuries": 0, "inside_ne_polygon": true, "susceptibility_probability": null, "susceptibility_class_num": 5.0, "susceptibility_class_name": "Very High (80-100%)" }, "geometry": { "type": "Point", "coordinates": [ 88.120666666666665, 27.47333888888889 ] } },
{ "type": "Feature", "properties": { "event_id": "SIKKIM_INV_0155", "source": "Sikkim_State_Inventory", "event_title": "Sikkim Debris flow - Sikkim", "event_date": "Definite \nActive", "state": "Sikkim", "location_description": "Sikkim - Geology: GHS paro", "latitude": 27.465083333333329, "longitude": 88.165813888888891, "landslide_category": "Debris flow", "landslide_trigger": "Monsoon Rainfall / Slope Instability", "fatalities": 0, "injuries": 0, "inside_ne_polygon": true, "susceptibility_probability": null, "susceptibility_class_num": 5.0, "susceptibility_class_name": "Very High (80-100%)" }, "geometry": { "type": "Point", "coordinates": [ 88.165813888888891, 27.465083333333329 ] } },
{ "type": "Feature", "properties": { "event_id": "SIKKIM_INV_0156", "source": "Sikkim_State_Inventory", "event_title": "Sikkim Debris flow - Sikkim", "event_date": "Definite\nActive", "state": "Sikkim", "location_description": "Sikkim - Geology: GHS paro", "latitude": 27.45095, "longitude": 88.238025, "landslide_category": "Debris flow", "landslide_trigger": "Monsoon Rainfall / Slope Instability", "fatalities": 0, "injuries": 0, "inside_ne_polygon": true, "susceptibility_probability": null, "susceptibility_class_num": 5.0, "susceptibility_class_name": "Very High (80-100%)" }, "geometry": { "type": "Point", "coordinates": [ 88.238025, 27.45095 ] } },
{ "type": "Feature", "properties": { "event_id": "SIKKIM_INV_0157", "source": "Sikkim_State_Inventory", "event_title": "Sikkim Debris flow - Sikkim", "event_date": "Earliest image 11/24/2007", "state": "Sikkim", "location_description": "Sikkim - Geology: GHS paro", "latitude": 27.427426140749581, "longitude": 88.714900650122374, "landslide_category": "Debris flow", "landslide_trigger": "Monsoon Rainfall / Slope Instability", "fatalities": 0, "injuries": 0, "inside_ne_polygon": true, "susceptibility_probability": 0.9481, "susceptibility_class_num": 5.0, "susceptibility_class_name": "Very High (80-100%)" }, "geometry": { "type": "Point", "coordinates": [ 88.714900650122374, 27.427426140749581 ] } },
{ "type": "Feature", "properties": { "event_id": "SIKKIM_INV_0158", "source": "Sikkim_State_Inventory", "event_title": "Sikkim Debris flow - Sikkim", "event_date": "Image 1/20/2015", "state": "Sikkim", "location_description": "Sikkim - Geology: GHS paro", "latitude": 27.408738888888891, "longitude": 88.694416666666669, "landslide_category": "Debris flow", "landslide_trigger": "Monsoon Rainfall / Slope Instability", "fatalities": 0, "injuries": 0, "inside_ne_polygon": true, "susceptibility_probability": 0.9189, "susceptibility_class_num": 5.0, "susceptibility_class_name": "Very High (80-100%)" }, "geometry": { "type": "Point", "coordinates": [ 88.694416666666669, 27.408738888888891 ] } },
{ "type": "Feature", "properties": { "event_id": "SIKKIM_INV_0159", "source": "Sikkim_State_Inventory", "event_title": "Sikkim Debris flow - Sikkim", "event_date": "nan", "state": "Sikkim", "location_description": "Sikkim - Geology: GHS paro", "latitude": 27.413567626549899, "longitude": 88.697120991982487, "landslide_category": "Debris flow", "landslide_trigger": "Monsoon Rainfall / Slope Instability", "fatalities": 0, "injuries": 0, "inside_ne_polygon": true, "susceptibility_probability": 0.9472, "susceptibility_class_num": 5.0, "susceptibility_class_name": "Very High (80-100%)" }, "geometry": { "type": "Point", "coordinates": [ 88.697120991982487, 27.413567626549899 ] } },
{ "type": "Feature", "properties": { "event_id": "SIKKIM_INV_0160", "source": "Sikkim_State_Inventory", "event_title": "Sikkim Debris flow - Sikkim", "event_date": "nan", "state": "Sikkim", "location_description": "Sikkim - Geology: GHS paro", "latitude": 27.41876666666667, "longitude": 88.698997222222232, "landslide_category": "Debris flow", "landslide_trigger": "Monsoon Rainfall / Slope Instability", "fatalities": 0, "injuries": 0, "inside_ne_polygon": true, "susceptibility_probability": 0.9115, "susceptibility_class_num": 5.0, "susceptibility_class_name": "Very High (80-100%)" }, "geometry": { "type": "Point", "coordinates": [ 88.698997222222232, 27.41876666666667 ] } },
{ "type": "Feature", "properties": { "event_id": "SIKKIM_INV_0161", "source": "Sikkim_State_Inventory", "event_title": "Sikkim Debris flow - Sikkim", "event_date": "nan", "state": "Sikkim", "location_description": "Sikkim - Geology: GHS paro", "latitude": 27.42773611111112, "longitude": 88.698183333333333, "landslide_category": "Debris flow", "landslide_trigger": "Monsoon Rainfall / Slope Instability", "fatalities": 0, "injuries": 0, "inside_ne_polygon": true, "susceptibility_probability": 0.7389, "susceptibility_class_num": 4.0, "susceptibility_class_name": "High (60-80%)" }, "geometry": { "type": "Point", "coordinates": [ 88.698183333333333, 27.42773611111112 ] } },
{ "type": "Feature", "properties": { "event_id": "SIKKIM_INV_0162", "source": "Sikkim_State_Inventory", "event_title": "Sikkim Debris flow - Sikkim", "event_date": "nan", "state": "Sikkim", "location_description": "Sikkim - Geology: GHS paro", "latitude": 27.429411512924158, "longitude": 88.711055077238044, "landslide_category": "Debris flow", "landslide_trigger": "Monsoon Rainfall / Slope Instability", "fatalities": 0, "injuries": 0, "inside_ne_polygon": true, "susceptibility_probability": 0.8227, "susceptibility_class_num": 5.0, "susceptibility_class_name": "Very High (80-100%)" }, "geometry": { "type": "Point", "coordinates": [ 88.711055077238044, 27.429411512924158 ] } },
{ "type": "Feature", "properties": { "event_id": "SIKKIM_INV_0163", "source": "Sikkim_State_Inventory", "event_title": "Sikkim Debris flow - Sikkim", "event_date": "nan", "state": "Sikkim", "location_description": "Sikkim - Geology: GHS paro", "latitude": 27.47121215945204, "longitude": 88.068543262032009, "landslide_category": "Debris flow", "landslide_trigger": "Monsoon Rainfall / Slope Instability", "fatalities": 0, "injuries": 0, "inside_ne_polygon": true, "susceptibility_probability": null, "susceptibility_class_num": 4.0, "susceptibility_class_name": "High (60-80%)" }, "geometry": { "type": "Point", "coordinates": [ 88.068543262032009, 27.47121215945204 ] } },
{ "type": "Feature", "properties": { "event_id": "SIKKIM_INV_0164", "source": "Sikkim_State_Inventory", "event_title": "Sikkim Debris flow - Sikkim", "event_date": "Active", "state": "Sikkim", "location_description": "Sikkim - Geology: GHS paro", "latitude": 27.46105555555555, "longitude": 88.066894444444443, "landslide_category": "Debris flow", "landslide_trigger": "Monsoon Rainfall / Slope Instability", "fatalities": 0, "injuries": 0, "inside_ne_polygon": true, "susceptibility_probability": null, "susceptibility_class_num": 3.0, "susceptibility_class_name": "Moderate (40-60%)" }, "geometry": { "type": "Point", "coordinates": [ 88.066894444444443, 27.46105555555555 ] } },
{ "type": "Feature", "properties": { "event_id": "SIKKIM_INV_0165", "source": "Sikkim_State_Inventory", "event_title": "Sikkim Debris flow - Sikkim", "event_date": "2015", "state": "Sikkim", "location_description": "Sikkim - Geology: GHS paro", "latitude": 27.441618325484288, "longitude": 88.26050921259251, "landslide_category": "Debris flow", "landslide_trigger": "Monsoon Rainfall / Slope Instability", "fatalities": 0, "injuries": 0, "inside_ne_polygon": true, "susceptibility_probability": null, "susceptibility_class_num": 5.0, "susceptibility_class_name": "Very High (80-100%)" }, "geometry": { "type": "Point", "coordinates": [ 88.26050921259251, 27.441618325484288 ] } },
{ "type": "Feature", "properties": { "event_id": "SIKKIM_INV_0166", "source": "Sikkim_State_Inventory", "event_title": "Sikkim Debris flow - Sikkim", "event_date": "2012", "state": "Sikkim", "location_description": "Sikkim - Geology: GHS paro", "latitude": 27.454063888888889, "longitude": 88.666672222222232, "landslide_category": "Debris flow", "landslide_trigger": "Monsoon Rainfall / Slope Instability", "fatalities": 0, "injuries": 0, "inside_ne_polygon": true, "susceptibility_probability": 0.9247, "susceptibility_class_num": 5.0, "susceptibility_class_name": "Very High (80-100%)" }, "geometry": { "type": "Point", "coordinates": [ 88.666672222222232, 27.454063888888889 ] } },
{ "type": "Feature", "properties": { "event_id": "SIKKIM_INV_0167", "source": "Sikkim_State_Inventory", "event_title": "Sikkim Rock fall - Sikkim", "event_date": "nan", "state": "Sikkim", "location_description": "Sikkim - Geology: GHS paro", "latitude": 27.427495374757552, "longitude": 88.793028893145319, "landslide_category": "Rock fall", "landslide_trigger": "Monsoon Rainfall / Slope Instability", "fatalities": 0, "injuries": 0, "inside_ne_polygon": true, "susceptibility_probability": null, "susceptibility_class_num": 5.0, "susceptibility_class_name": "Very High (80-100%)" }, "geometry": { "type": "Point", "coordinates": [ 88.793028893145319, 27.427495374757552 ] } },
{ "type": "Feature", "properties": { "event_id": "SIKKIM_INV_0168", "source": "Sikkim_State_Inventory", "event_title": "Sikkim Rock fall - Sikkim", "event_date": "nan", "state": "Sikkim", "location_description": "Sikkim - Geology: GHS paro", "latitude": 27.42733495463688, "longitude": 88.790361545017205, "landslide_category": "Rock fall", "landslide_trigger": "Monsoon Rainfall / Slope Instability", "fatalities": 0, "injuries": 0, "inside_ne_polygon": true, "susceptibility_probability": null, "susceptibility_class_num": 5.0, "susceptibility_class_name": "Very High (80-100%)" }, "geometry": { "type": "Point", "coordinates": [ 88.790361545017205, 27.42733495463688 ] } },
{ "type": "Feature", "properties": { "event_id": "SIKKIM_INV_0169", "source": "Sikkim_State_Inventory", "event_title": "Sikkim Rock fall - Sikkim", "event_date": "nan", "state": "Sikkim", "location_description": "Sikkim - Geology: GHS paro", "latitude": 27.427957161825621, "longitude": 88.791436593420286, "landslide_category": "Rock fall", "landslide_trigger": "Monsoon Rainfall / Slope Instability", "fatalities": 0, "injuries": 0, "inside_ne_polygon": true, "susceptibility_probability": null, "susceptibility_class_num": 5.0, "susceptibility_class_name": "Very High (80-100%)" }, "geometry": { "type": "Point", "coordinates": [ 88.791436593420286, 27.427957161825621 ] } },
{ "type": "Feature", "properties": { "event_id": "SIKKIM_INV_0170", "source": "Sikkim_State_Inventory", "event_title": "Sikkim Rock fall - Sikkim", "event_date": "nan", "state": "Sikkim", "location_description": "Sikkim - Geology: GHS paro", "latitude": 27.434583598692171, "longitude": 88.792012199219641, "landslide_category": "Rock fall", "landslide_trigger": "Monsoon Rainfall / Slope Instability", "fatalities": 0, "injuries": 0, "inside_ne_polygon": true, "susceptibility_probability": null, "susceptibility_class_num": 5.0, "susceptibility_class_name": "Very High (80-100%)" }, "geometry": { "type": "Point", "coordinates": [ 88.792012199219641, 27.434583598692171 ] } },
{ "type": "Feature", "properties": { "event_id": "SIKKIM_INV_0171", "source": "Sikkim_State_Inventory", "event_title": "Sikkim Rock fall - Sikkim", "event_date": "nan", "state": "Sikkim", "location_description": "Sikkim - Geology: GHS paro", "latitude": 27.436212398682311, "longitude": 88.790373700491784, "landslide_category": "Rock fall", "landslide_trigger": "Monsoon Rainfall / Slope Instability", "fatalities": 0, "injuries": 0, "inside_ne_polygon": true, "susceptibility_probability": null, "susceptibility_class_num": 5.0, "susceptibility_class_name": "Very High (80-100%)" }, "geometry": { "type": "Point", "coordinates": [ 88.790373700491784, 27.436212398682311 ] } },
{ "type": "Feature", "properties": { "event_id": "SIKKIM_INV_0172", "source": "Sikkim_State_Inventory", "event_title": "Sikkim Rock fall - Sikkim", "event_date": "nan", "state": "Sikkim", "location_description": "Sikkim - Geology: GHS paro", "latitude": 27.43613207759973, "longitude": 88.7898994342073, "landslide_category": "Rock fall", "landslide_trigger": "Monsoon Rainfall / Slope Instability", "fatalities": 0, "injuries": 0, "inside_ne_polygon": true, "susceptibility_probability": null, "susceptibility_class_num": 5.0, "susceptibility_class_name": "Very High (80-100%)" }, "geometry": { "type": "Point", "coordinates": [ 88.7898994342073, 27.43613207759973 ] } },
{ "type": "Feature", "properties": { "event_id": "SIKKIM_INV_0173", "source": "Sikkim_State_Inventory", "event_title": "Sikkim Rock fall - Sikkim", "event_date": "nan", "state": "Sikkim", "location_description": "Sikkim - Geology: GHS paro", "latitude": 27.436155694776101, "longitude": 88.789441932096722, "landslide_category": "Rock fall", "landslide_trigger": "Monsoon Rainfall / Slope Instability", "fatalities": 0, "injuries": 0, "inside_ne_polygon": true, "susceptibility_probability": null, "susceptibility_class_num": 5.0, "susceptibility_class_name": "Very High (80-100%)" }, "geometry": { "type": "Point", "coordinates": [ 88.789441932096722, 27.436155694776101 ] } },
{ "type": "Feature", "properties": { "event_id": "SIKKIM_INV_0174", "source": "Sikkim_State_Inventory", "event_title": "Sikkim Rock fall - Sikkim", "event_date": "nan", "state": "Sikkim", "location_description": "Sikkim - Geology: GHS paro", "latitude": 27.43597324509556, "longitude": 88.789371686639427, "landslide_category": "Rock fall", "landslide_trigger": "Monsoon Rainfall / Slope Instability", "fatalities": 0, "injuries": 0, "inside_ne_polygon": true, "susceptibility_probability": null, "susceptibility_class_num": 5.0, "susceptibility_class_name": "Very High (80-100%)" }, "geometry": { "type": "Point", "coordinates": [ 88.789371686639427, 27.43597324509556 ] } },
{ "type": "Feature", "properties": { "event_id": "SIKKIM_INV_0175", "source": "Sikkim_State_Inventory", "event_title": "Sikkim Rock fall/debris flow - Sikkim", "event_date": "nan", "state": "Sikkim", "location_description": "Sikkim - Geology: GHS paro", "latitude": 27.437047312062749, "longitude": 88.790653861265241, "landslide_category": "Rock fall/debris flow", "landslide_trigger": "Monsoon Rainfall / Slope Instability", "fatalities": 0, "injuries": 0, "inside_ne_polygon": true, "susceptibility_probability": null, "susceptibility_class_num": 5.0, "susceptibility_class_name": "Very High (80-100%)" }, "geometry": { "type": "Point", "coordinates": [ 88.790653861265241, 27.437047312062749 ] } },
{ "type": "Feature", "properties": { "event_id": "SIKKIM_INV_0176", "source": "Sikkim_State_Inventory", "event_title": "Sikkim Rock fall/debris flow - Sikkim", "event_date": "nan", "state": "Sikkim", "location_description": "Sikkim - Geology: GHS paro", "latitude": 27.438041846481379, "longitude": 88.790779238242081, "landslide_category": "Rock fall/debris flow", "landslide_trigger": "Monsoon Rainfall / Slope Instability", "fatalities": 0, "injuries": 0, "inside_ne_polygon": true, "susceptibility_probability": null, "susceptibility_class_num": 5.0, "susceptibility_class_name": "Very High (80-100%)" }, "geometry": { "type": "Point", "coordinates": [ 88.790779238242081, 27.438041846481379 ] } },
{ "type": "Feature", "properties": { "event_id": "SIKKIM_INV_0177", "source": "Sikkim_State_Inventory", "event_title": "Sikkim Rock fall - Sikkim", "event_date": "nan", "state": "Sikkim", "location_description": "Sikkim - Geology: GHS paro", "latitude": 27.433860804413939, "longitude": 88.792612837131557, "landslide_category": "Rock fall", "landslide_trigger": "Monsoon Rainfall / Slope Instability", "fatalities": 0, "injuries": 0, "inside_ne_polygon": true, "susceptibility_probability": null, "susceptibility_class_num": 5.0, "susceptibility_class_name": "Very High (80-100%)" }, "geometry": { "type": "Point", "coordinates": [ 88.792612837131557, 27.433860804413939 ] } },
{ "type": "Feature", "properties": { "event_id": "SIKKIM_INV_0178", "source": "Sikkim_State_Inventory", "event_title": "Sikkim Debris flow - Sikkim", "event_date": "2009", "state": "Sikkim", "location_description": "Sikkim - Geology: LHS", "latitude": 27.19178611111111, "longitude": 88.302630555555552, "landslide_category": "Debris flow", "landslide_trigger": "Monsoon Rainfall / Slope Instability", "fatalities": 0, "injuries": 0, "inside_ne_polygon": true, "susceptibility_probability": null, "susceptibility_class_num": 5.0, "susceptibility_class_name": "Very High (80-100%)" }, "geometry": { "type": "Point", "coordinates": [ 88.302630555555552, 27.19178611111111 ] } },
{ "type": "Feature", "properties": { "event_id": "SIKKIM_INV_0179", "source": "Sikkim_State_Inventory", "event_title": "Sikkim Debris flow - Sikkim", "event_date": "2011", "state": "Sikkim", "location_description": "Sikkim - Geology: LHS", "latitude": 27.207363888888889, "longitude": 88.361286111111099, "landslide_category": "Debris flow", "landslide_trigger": "Monsoon Rainfall / Slope Instability", "fatalities": 0, "injuries": 0, "inside_ne_polygon": true, "susceptibility_probability": null, "susceptibility_class_num": 5.0, "susceptibility_class_name": "Very High (80-100%)" }, "geometry": { "type": "Point", "coordinates": [ 88.361286111111099, 27.207363888888889 ] } },
{ "type": "Feature", "properties": { "event_id": "SIKKIM_INV_0180", "source": "Sikkim_State_Inventory", "event_title": "Sikkim Debris flow - Sikkim", "event_date": "nan", "state": "Sikkim", "location_description": "Sikkim - Geology: Lingtse", "latitude": 27.478411564115579, "longitude": 88.628081030422123, "landslide_category": "Debris flow", "landslide_trigger": "Monsoon Rainfall / Slope Instability", "fatalities": 0, "injuries": 0, "inside_ne_polygon": true, "susceptibility_probability": 0.8114, "susceptibility_class_num": 5.0, "susceptibility_class_name": "Very High (80-100%)" }, "geometry": { "type": "Point", "coordinates": [ 88.628081030422123, 27.478411564115579 ] } },
{ "type": "Feature", "properties": { "event_id": "SIKKIM_INV_0181", "source": "Sikkim_State_Inventory", "event_title": "Sikkim Debris flow - Sikkim", "event_date": "2012", "state": "Sikkim", "location_description": "Sikkim - Geology: Lingtse", "latitude": 27.399755555555551, "longitude": 88.635025, "landslide_category": "Debris flow", "landslide_trigger": "Monsoon Rainfall / Slope Instability", "fatalities": 0, "injuries": 0, "inside_ne_polygon": true, "susceptibility_probability": 0.9098, "susceptibility_class_num": 5.0, "susceptibility_class_name": "Very High (80-100%)" }, "geometry": { "type": "Point", "coordinates": [ 88.635025, 27.399755555555551 ] } },
{ "type": "Feature", "properties": { "event_id": "SIKKIM_INV_0182", "source": "Sikkim_State_Inventory", "event_title": "Sikkim Debris flow - nan", "event_date": "Image 10/5/2011", "state": "Sikkim", "location_description": "nan - Geology: GHS paro", "latitude": 27.213281110484751, "longitude": 88.819820836334173, "landslide_category": "Debris flow", "landslide_trigger": "Monsoon Rainfall / Slope Instability", "fatalities": 0, "injuries": 0, "inside_ne_polygon": false, "susceptibility_probability": null, "susceptibility_class_num": null, "susceptibility_class_name": "Unclassified" }, "geometry": { "type": "Point", "coordinates": [ 88.819820836334173, 27.213281110484751 ] } },
{ "type": "Feature", "properties": { "event_id": "SIKKIM_INV_0183", "source": "Sikkim_State_Inventory", "event_title": "Sikkim Debris flow - nan", "event_date": "nan", "state": "Sikkim", "location_description": "nan - Geology: GHS paro", "latitude": 27.264803407806781, "longitude": 88.889432258031661, "landslide_category": "Debris flow", "landslide_trigger": "Monsoon Rainfall / Slope Instability", "fatalities": 0, "injuries": 0, "inside_ne_polygon": false, "susceptibility_probability": null, "susceptibility_class_num": null, "susceptibility_class_name": "Unclassified" }, "geometry": { "type": "Point", "coordinates": [ 88.889432258031661, 27.264803407806781 ] } },
{ "type": "Feature", "properties": { "event_id": "SIKKIM_INV_0184", "source": "Sikkim_State_Inventory", "event_title": "Sikkim Debris flow - nan", "event_date": "Image 10/5/2011", "state": "Sikkim", "location_description": "nan - Geology: GHS paro", "latitude": 27.21424166666667, "longitude": 88.820133333333331, "landslide_category": "Debris flow", "landslide_trigger": "Monsoon Rainfall / Slope Instability", "fatalities": 0, "injuries": 0, "inside_ne_polygon": false, "susceptibility_probability": null, "susceptibility_class_num": null, "susceptibility_class_name": "Unclassified" }, "geometry": { "type": "Point", "coordinates": [ 88.820133333333331, 27.21424166666667 ] } },
{ "type": "Feature", "properties": { "event_id": "SIKKIM_INV_0185", "source": "Sikkim_State_Inventory", "event_title": "Sikkim Rock fall - nan", "event_date": "nan", "state": "Sikkim", "location_description": "nan - Geology: GHS paro", "latitude": 27.408657198652261, "longitude": 88.808988679580423, "landslide_category": "Rock fall", "landslide_trigger": "Monsoon Rainfall / Slope Instability", "fatalities": 0, "injuries": 0, "inside_ne_polygon": true, "susceptibility_probability": null, "susceptibility_class_num": 5.0, "susceptibility_class_name": "Very High (80-100%)" }, "geometry": { "type": "Point", "coordinates": [ 88.808988679580423, 27.408657198652261 ] } },
{ "type": "Feature", "properties": { "event_id": "MIZORAM_INV_001", "source": "Mizoram_State_Inventory", "event_title": "Mizoram Landslide: Tlangval village, Aizawl district", "event_date": "2016-09-17", "state": "Mizoram", "location_description": "5 killed (incl. 4-yr-old); 10 houses destroyed; 6 dismantled; 17 families evacuated; 80+ graves exposed at 2 cemeteries", "latitude": 23.73, "longitude": 92.72, "landslide_category": "Debris slide (rainfall-triggered)", "landslide_trigger": "Heavy Monsoon Downpour", "fatalities": 0, "injuries": 0, "inside_ne_polygon": true, "susceptibility_probability": 0.9887, "susceptibility_class_num": 5.0, "susceptibility_class_name": "Very High (80-100%)" }, "geometry": { "type": "Point", "coordinates": [ 92.72, 23.73 ] } },
{ "type": "Feature", "properties": { "event_id": "MIZORAM_INV_002", "source": "Mizoram_State_Inventory", "event_title": "Mizoram Landslide: College Veng road section, Sikulpuikawn–Bethlehem Veng road, SE Aizawl", "event_date": "2017-09-17", "state": "Mizoram", "location_description": "Road damage; slide 75 ft long, 25 ft high; no reported casualties", "latitude": 23.7246, "longitude": 92.7245, "landslide_category": "Dip-slope shale failure", "landslide_trigger": "Heavy Monsoon Downpour", "fatalities": 0, "injuries": 0, "inside_ne_polygon": true, "susceptibility_probability": 0.9297, "susceptibility_class_num": 5.0, "susceptibility_class_name": "Very High (80-100%)" }, "geometry": { "type": "Point", "coordinates": [ 92.7245, 23.7246 ] } },
{ "type": "Feature", "properties": { "event_id": "MIZORAM_INV_003", "source": "Mizoram_State_Inventory", "event_title": "Mizoram Landslide: Durtlang Leitan, BSUP housing complex, ~5 km N of Aizawl", "event_date": "2019-07-02", "state": "Mizoram", "location_description": "3 killed; 9 injured; 3 of 20 apartment blocks collapsed", "latitude": 23.7725, "longitude": 92.7439, "landslide_category": "Translational slide on dipping shale beds", "landslide_trigger": "Heavy Monsoon Downpour", "fatalities": 0, "injuries": 0, "inside_ne_polygon": true, "susceptibility_probability": 0.846, "susceptibility_class_num": 5.0, "susceptibility_class_name": "Very High (80-100%)" }, "geometry": { "type": "Point", "coordinates": [ 92.7439, 23.7725 ] } },
{ "type": "Feature", "properties": { "event_id": "MIZORAM_INV_004", "source": "Mizoram_State_Inventory", "event_title": "Mizoram Landslide: Thuampui, Bawngkawn police station area, NE Aizawl", "event_date": "2021-06-11", "state": "Mizoram", "location_description": "4 children killed (aged 3–16); 2 injured; retaining wall collapse swept away house", "latitude": 23.75, "longitude": 92.73, "landslide_category": "Retaining wall failure / debris slide", "landslide_trigger": "Heavy Monsoon Downpour", "fatalities": 0, "injuries": 0, "inside_ne_polygon": true, "susceptibility_probability": 0.8785, "susceptibility_class_num": 5.0, "susceptibility_class_name": "Very High (80-100%)" }, "geometry": { "type": "Point", "coordinates": [ 92.73, 23.75 ] } },
{ "type": "Feature", "properties": { "event_id": "MIZORAM_INV_005", "source": "Mizoram_State_Inventory", "event_title": "Mizoram Landslide: Ngaizel, Kulikawn locality, Aizawl town", "event_date": "2021-06-13", "state": "Mizoram", "location_description": "Road blocked by debris; no reported fatalities; classified as High Susceptibility Zone", "latitude": 23.73, "longitude": 92.73, "landslide_category": "Rock slide / rock fall in interbedded sandstone–shale", "landslide_trigger": "Heavy Monsoon Downpour", "fatalities": 0, "injuries": 0, "inside_ne_polygon": true, "susceptibility_probability": 0.8614, "susceptibility_class_num": 5.0, "susceptibility_class_name": "Very High (80-100%)" }, "geometry": { "type": "Point", "coordinates": [ 92.73, 23.73 ] } },
{ "type": "Feature", "properties": { "event_id": "MIZORAM_INV_006", "source": "Mizoram_State_Inventory", "event_title": "Mizoram Landslide: Melthum stone quarry, S outskirts of Aizawl", "event_date": "2024-05-28", "state": "Mizoram", "location_description": "15 killed; houses and worker camps buried; 10 houses destroyed, 22 vehicles damaged", "latitude": 23.7, "longitude": 92.72, "landslide_category": "Quarry collapse / debris slide", "landslide_trigger": "Heavy Monsoon Downpour", "fatalities": 0, "injuries": 0, "inside_ne_polygon": true, "susceptibility_probability": 0.9571, "susceptibility_class_num": 5.0, "susceptibility_class_name": "Very High (80-100%)" }, "geometry": { "type": "Point", "coordinates": [ 92.72, 23.7 ] } },
{ "type": "Feature", "properties": { "event_id": "MIZORAM_INV_007", "source": "Mizoram_State_Inventory", "event_title": "Mizoram Landslide: Hlimen, S outskirts of Aizawl (adjacent to Melthum)", "event_date": "2024-05-28", "state": "Mizoram", "location_description": "6 killed; structures damaged", "latitude": 23.7, "longitude": 92.72, "landslide_category": "Debris slide", "landslide_trigger": "Heavy Monsoon Downpour", "fatalities": 0, "injuries": 0, "inside_ne_polygon": true, "susceptibility_probability": 0.9571, "susceptibility_class_num": 5.0, "susceptibility_class_name": "Very High (80-100%)" }, "geometry": { "type": "Point", "coordinates": [ 92.72, 23.7 ] } },
{ "type": "Feature", "properties": { "event_id": "MIZORAM_INV_008", "source": "Mizoram_State_Inventory", "event_title": "Mizoram Landslide: Salem Veng, Aizawl city", "event_date": "2024-05-28", "state": "Mizoram", "location_description": "3 killed; building caved in", "latitude": 23.74, "longitude": 92.72, "landslide_category": "Building collapse from landslide", "landslide_trigger": "Heavy Monsoon Downpour", "fatalities": 0, "injuries": 0, "inside_ne_polygon": true, "susceptibility_probability": 0.982, "susceptibility_class_num": 5.0, "susceptibility_class_name": "Very High (80-100%)" }, "geometry": { "type": "Point", "coordinates": [ 92.72, 23.74 ] } },
{ "type": "Feature", "properties": { "event_id": "MIZORAM_INV_009", "source": "Mizoram_State_Inventory", "event_title": "Mizoram Landslide: Falkawn village, ~15 km from Aizawl", "event_date": "2024-05-28", "state": "Mizoram", "location_description": "2 killed; houses swept away", "latitude": 23.68, "longitude": 92.73, "landslide_category": "Debris slide", "landslide_trigger": "Heavy Monsoon Downpour", "fatalities": 0, "injuries": 0, "inside_ne_polygon": true, "susceptibility_probability": 0.7391, "susceptibility_class_num": 4.0, "susceptibility_class_name": "High (60-80%)" }, "geometry": { "type": "Point", "coordinates": [ 92.73, 23.68 ] } },
{ "type": "Feature", "properties": { "event_id": "MIZORAM_INV_010", "source": "Mizoram_State_Inventory", "event_title": "Mizoram Landslide: Chawnpui, Aizawl district", "event_date": "2024-05-28", "state": "Mizoram", "location_description": "8 family members swept away", "latitude": 23.72, "longitude": 92.71, "landslide_category": "Debris slide", "landslide_trigger": "Heavy Monsoon Downpour", "fatalities": 0, "injuries": 0, "inside_ne_polygon": true, "susceptibility_probability": 0.9253, "susceptibility_class_num": 5.0, "susceptibility_class_name": "Very High (80-100%)" }, "geometry": { "type": "Point", "coordinates": [ 92.71, 23.72 ] } },
{ "type": "Feature", "properties": { "event_id": "MIZORAM_INV_011", "source": "Mizoram_State_Inventory", "event_title": "Mizoram Landslide: Republic Veng, Kanan Veng, Kulikawn cemeteries, Aizawl", "event_date": "2024-05-28", "state": "Mizoram", "location_description": "300+ graves displaced/damaged; no fatalities", "latitude": 23.73, "longitude": 92.72, "landslide_category": "Multiple debris slides", "landslide_trigger": "Heavy Monsoon Downpour", "fatalities": 0, "injuries": 0, "inside_ne_polygon": true, "susceptibility_probability": 0.9887, "susceptibility_class_num": 5.0, "susceptibility_class_name": "Very High (80-100%)" }, "geometry": { "type": "Point", "coordinates": [ 92.72, 23.73 ] } },
{ "type": "Feature", "properties": { "event_id": "MIZORAM_INV_012", "source": "Mizoram_State_Inventory", "event_title": "Mizoram Landslide: BSUP complex, Durtlang (same site as 2019 event)", "event_date": "2024-05-28", "state": "Mizoram", "location_description": "Debris flow; lower portion of complex slid; debris thickness 1.6 m", "latitude": 23.7725, "longitude": 92.7439, "landslide_category": "Debris flow on shale bed (dip 32°)", "landslide_trigger": "Heavy Monsoon Downpour", "fatalities": 0, "injuries": 0, "inside_ne_polygon": true, "susceptibility_probability": 0.846, "susceptibility_class_num": 5.0, "susceptibility_class_name": "Very High (80-100%)" }, "geometry": { "type": "Point", "coordinates": [ 92.7439, 23.7725 ] } },
{ "type": "Feature", "properties": { "event_id": "MIZORAM_INV_013", "source": "Mizoram_State_Inventory", "event_title": "Mizoram Landslide: NH-6 at Hunthar and NH-54 at Bungbangla", "event_date": "2024-05-28", "state": "Mizoram", "location_description": "Aizawl cut off from rest of India; major road blockages", "latitude": 23.74, "longitude": 92.71, "landslide_category": "Landslide / road blockage", "landslide_trigger": "Heavy Monsoon Downpour", "fatalities": 0, "injuries": 0, "inside_ne_polygon": true, "susceptibility_probability": 0.9803, "susceptibility_class_num": 5.0, "susceptibility_class_name": "Very High (80-100%)" }, "geometry": { "type": "Point", "coordinates": [ 92.71, 23.74 ] } },
{ "type": "Feature", "properties": { "event_id": "MIZORAM_INV_014", "source": "Mizoram_State_Inventory", "event_title": "Mizoram Landslide: Thuampui, NE Aizawl", "event_date": "2024-05-30", "state": "Mizoram", "location_description": "1 killed (wall collapse on labourers' camp)", "latitude": 23.75, "longitude": 92.73, "landslide_category": "Retaining wall failure", "landslide_trigger": "Heavy Monsoon Downpour", "fatalities": 0, "injuries": 0, "inside_ne_polygon": true, "susceptibility_probability": 0.8785, "susceptibility_class_num": 5.0, "susceptibility_class_name": "Very High (80-100%)" }, "geometry": { "type": "Point", "coordinates": [ 92.73, 23.75 ] } },
{ "type": "Feature", "properties": { "event_id": "MIZORAM_INV_015", "source": "Mizoram_State_Inventory", "event_title": "Mizoram Landslide: Zemabawk High School Veng, N outskirts of Aizawl", "event_date": "2024-07-02", "state": "Mizoram", "location_description": "3 killed — Isak Chhangte (32), wife Lalrinthari (25), daughter Abigail (4); building buried", "latitude": 23.76, "longitude": 92.74, "landslide_category": "Rainfall-triggered debris slide", "landslide_trigger": "Heavy Monsoon Downpour", "fatalities": 0, "injuries": 0, "inside_ne_polygon": true, "susceptibility_probability": 0.9674, "susceptibility_class_num": 5.0, "susceptibility_class_name": "Very High (80-100%)" }, "geometry": { "type": "Point", "coordinates": [ 92.74, 23.76 ] } },
{ "type": "Feature", "properties": { "event_id": "MIZORAM_INV_016", "source": "Mizoram_State_Inventory", "event_title": "Mizoram Landslide: Zuangtui and Bawngkawn, Aizawl", "event_date": "2024-07-02", "state": "Mizoram", "location_description": "3 buildings swept away in Zuangtui, 1 in Bawngkawn; no casualties (occupants evacuated)", "latitude": 23.76, "longitude": 92.73, "landslide_category": "Debris slides", "landslide_trigger": "Heavy Monsoon Downpour", "fatalities": 0, "injuries": 0, "inside_ne_polygon": true, "susceptibility_probability": 0.9494, "susceptibility_class_num": 5.0, "susceptibility_class_name": "Very High (80-100%)" }, "geometry": { "type": "Point", "coordinates": [ 92.73, 23.76 ] } },
{ "type": "Feature", "properties": { "event_id": "MIZORAM_INV_017", "source": "Mizoram_State_Inventory", "event_title": "Mizoram Landslide: Kawnpui, Kolasib/Aizawl district border", "event_date": "2024-08-28", "state": "Mizoram", "location_description": "Newly constructed railway station partially collapsed; no casualties", "latitude": 24.03, "longitude": 92.62, "landslide_category": "Landslide", "landslide_trigger": "Heavy Monsoon Downpour", "fatalities": 0, "injuries": 0, "inside_ne_polygon": true, "susceptibility_probability": null, "susceptibility_class_num": 1.0, "susceptibility_class_name": "Very Low (0-20%)" }, "geometry": { "type": "Point", "coordinates": [ 92.62, 24.03 ] } },
{ "type": "Feature", "properties": { "event_id": "MIZORAM_INV_018", "source": "Mizoram_State_Inventory", "event_title": "Mizoram Landslide: Thuampui, NE Aizawl", "event_date": "2025-05-30", "state": "Mizoram", "location_description": "1 killed (37-yr-old man), 1 injured; retaining wall collapse onto labourers' camp", "latitude": 23.75, "longitude": 92.73, "landslide_category": "Retaining wall failure", "landslide_trigger": "Heavy Monsoon Downpour", "fatalities": 0, "injuries": 0, "inside_ne_polygon": true, "susceptibility_probability": 0.8785, "susceptibility_class_num": 5.0, "susceptibility_class_name": "Very High (80-100%)" }, "geometry": { "type": "Point", "coordinates": [ 92.73, 23.75 ] } },
{ "type": "Feature", "properties": { "event_id": "MIZORAM_INV_019", "source": "Mizoram_State_Inventory", "event_title": "Mizoram Landslide: Rangvamual (W Aizawl), Berawtlang (E Aizawl), Ramhlun South", "event_date": "2025-05-30", "state": "Mizoram", "location_description": "Retaining wall collapse, bridge road collapse, massive rockfall blocking road; no casualties", "latitude": 23.74, "longitude": 92.72, "landslide_category": "Multiple types (retaining wall, rockfall)", "landslide_trigger": "Heavy Monsoon Downpour", "fatalities": 0, "injuries": 0, "inside_ne_polygon": true, "susceptibility_probability": 0.982, "susceptibility_class_num": 5.0, "susceptibility_class_name": "Very High (80-100%)" }, "geometry": { "type": "Point", "coordinates": [ 92.72, 23.74 ] } },
{ "type": "Feature", "properties": { "event_id": "MIZORAM_INV_023", "source": "Mizoram_State_Inventory", "event_title": "Mizoram Landslide: nan", "event_date": "nan", "state": "Mizoram", "location_description": "nan", "latitude": 24.03, "longitude": 92.7439, "landslide_category": "nan", "landslide_trigger": "Heavy Monsoon Downpour", "fatalities": 0, "injuries": 0, "inside_ne_polygon": true, "susceptibility_probability": null, "susceptibility_class_num": 3.0, "susceptibility_class_name": "Moderate (40-60%)" }, "geometry": { "type": "Point", "coordinates": [ 92.7439, 24.03 ] } },
{ "type": "Feature", "properties": { "event_id": "MIZORAM_INV_024", "source": "Mizoram_State_Inventory", "event_title": "Mizoram Landslide: nan", "event_date": "nan", "state": "Mizoram", "location_description": "nan", "latitude": 23.68, "longitude": 92.62, "landslide_category": "nan", "landslide_trigger": "Heavy Monsoon Downpour", "fatalities": 0, "injuries": 0, "inside_ne_polygon": true, "susceptibility_probability": null, "susceptibility_class_num": 5.0, "susceptibility_class_name": "Very High (80-100%)" }, "geometry": { "type": "Point", "coordinates": [ 92.62, 23.68 ] } }
]
}
