event_id,source,event_title,event_date,state,location_description,latitude,longitude,landslide_category,landslide_trigger,fatalities,injuries,inside_ne_polygon,susceptibility_probability,susceptibility_class_num,susceptibility_class_name
NASA_GLC_1055,NASA_GLC,"Kerseong, West Bengal ",07/22/2009 12:00:00 AM,Bengal,"Kerseong, West Bengal ",26.8826,88.2788,landslide,downpour,0,0,False,,,Unclassified
NASA_GLC_1054,NASA_GLC,"Gayabari,  West Bengal ",07/22/2009 12:00:00 AM,Bengal,"Gayabari,  West Bengal ",26.8572,88.3143,landslide,downpour,0,0,False,,,Unclassified
NASA_GLC_1061,NASA_GLC,Bridge destroyed at 4th Mile,07-01-2009 05:40,nan,"4th Mile, Lower Mangshila in North Sikkim",27.478,88.527,landslide,downpour,0,0,True,0.9749,5.0,Very High (80-100%)
NASA_GLC_2164,NASA_GLC,"Chingai-Kuingai(Quingai) route (16 kms), Chingai subdivision, Ukhrul district, Manipur",07/29/2010 11:00:00 PM,Manipur,"Chingai-Kuingai(Quingai) route (16 kms), Chingai subdivision, Ukhrul district, Manipur",25.3098633,94.48214677,landslide,downpour,0,0,True,0.9341,5.0,Very High (80-100%)
NASA_GLC_9965,NASA_GLC,Landslide in Nagaland,09-05-2016 18:04,nan,"Mokochung, Nagaland, India",26.324724,94.514651,landslide,rain,0,0,True,0.9846,5.0,Very High (80-100%)
NASA_GLC_9853,NASA_GLC,Landslide in Dzongu,08/16/2016 07:22:00 PM,nan,"Dzongu, Sikkim, India",27.593,88.492,landslide,rain,0,0,True,0.8684,5.0,Very High (80-100%)
NASA_GLC_4569,NASA_GLC,"North Skkimm Hwy between, Chungthang and Mangan, North Skimm (9 landslides)",09/19/2012 12:00:00 AM,nan,"North Skkimm Hwy between, Chungthang and Mangan, North Skimm (9 landslides)",27.8385,88.556,landslide,downpour,20,0,True,0.9479,5.0,Very High (80-100%)
NASA_GLC_4571,NASA_GLC," Chungthang and Pegong. Houses, between Rangma and Chungthang ",09/19/2012 12:00:00 AM,nan," Chungthang and Pegong. Houses, between Rangma and Chungthang ",27.6558,88.605,landslide,downpour,0,0,True,0.966,5.0,Very High (80-100%)
NASA_GLC_9966,NASA_GLC,Landslide in Wokha-Merapani Road,09-05-2016 18:04,nan,"Wokha, India",26.092493,94.257523,landslide,rain,0,0,True,0.9857,5.0,Very High (80-100%)
NASA_GLC_5122,NASA_GLC,"National Highway 29 Between Patkai Bridge And Kukidolong, Nagaland",07/17/2013 12:00:00 AM,Nāgāland,"National Highway 29 Between Patkai Bridge And Kukidolong, Nagaland",25.7658,93.9413,mudslide,rain,0,0,True,0.7361,4.0,High (60-80%)
NASA_GLC_5123,NASA_GLC,"National Highway 2 Near Meriema Village, 10 Km Away From Kohima",07/17/2013 12:00:00 AM,Nāgāland,"National Highway 2 Near Meriema Village, 10 Km Away From Kohima",25.7131,94.0885,mudslide,rain,0,0,True,0.9628,5.0,Very High (80-100%)
NASA_GLC_9943,NASA_GLC,5 landslides hit port of Chittagong,06/13/2017 03:17:00 PM,nan,"Chittagong, Bangladesh",22.35037081,91.83258101,landslide,continuous_rain,33,0,False,,,Unclassified
NASA_GLC_9984,NASA_GLC,Landslide along Wokha-Merapani road,07-01-2017 16:00,nan,"Wokha Sadar Sub-District, Wokha, Nagaland",26.1445447,94.24416766,landslide,downpour,0,0,True,0.8719,5.0,Very High (80-100%)
NASA_GLC_9940,NASA_GLC,Landslide in Panikhaiti kills girl,07-03-2017 15:17,nan,"Panikhaiti, Kamrup Metropolitan, Assam State, India",26.20450454,91.87202793,landslide,continuous_rain,1,0,True,0.1262,1.0,Very Low (0-20%)
NASA_GLC_9941,NASA_GLC,Landslide blocks road,07-02-2017 15:17,nan,"Deppochhari (??), Rangamati Hill District, Bangladesh",22.77997113,92.03513581,landslide,continuous_rain,0,0,False,,,Unclassified
NASA_GLC_9974,NASA_GLC,Landslide blocks road,07-04-2017 16:00,nan,"AH1, Mao-Maram, Senapati, Manipur, 795150",25.4976444,94.12901274,landslide,continuous_rain,0,0,True,0.9858,5.0,Very High (80-100%)
NASA_GLC_9972,NASA_GLC,Fatal landslide in Chandrapur,07-03-2017 16:00,nan,"Chandrapur, Kamrup Metropolitan, Assam",26.22247247,91.92053028,landslide,continuous_rain,1,0,True,0.1268,1.0,Very Low (0-20%)
NASA_GLC_9951,NASA_GLC,Landslide hits Jorabat,07-03-2017 14:33,nan,"Jorabat, Assam State, India",26.1061808,91.85158907,landslide,downpour,0,0,True,0.0793,1.0,Very Low (0-20%)
NASA_GLC_9952,NASA_GLC,Landslide hits Jorabat,07-03-2017 14:33,nan,"Sonapur, Kamrup Metropolitan, Assam",26.10430759,91.86227824,landslide,downpour,0,0,True,0.5068,3.0,Moderate (40-60%)
NASA_GLC_9942,NASA_GLC,20 landslides hit Rangamati Hill District,06/13/2017 03:17:00 PM,nan,"Rangamati Hill District, Bangladesh",22.74955141,92.22099982,landslide,continuous_rain,105,0,False,,,Unclassified
NASA_GLC_9699,NASA_GLC,"Bangladesh Landslides, Lakhsmichhari",06/13/2017 06:48:00 PM,nan,nan,22.80452414,91.91261915,landslide,downpour,2,0,False,,,Unclassified
NASA_GLC_9998,NASA_GLC,Landslide in Daporijo,07-04-2017 19:39,nan,"Abotani Colony, Daporijo Township, Arunachal Pradesh, India",27.98531715,94.21263589,landslide,rain,0,0,True,0.7024,4.0,High (60-80%)
NASA_GLC_9983,NASA_GLC,Landslides blocks Wokha-Merapani Road,07-01-2017 16:00,nan,"Wokha Sadar Sub-District, Wokha, Nagaland",26.11613908,94.24222574,landslide,continuous_rain,0,0,True,0.8562,5.0,Very High (80-100%)
NASA_GLC_9993,NASA_GLC,Landslide along Daporijo-Dumporijo road,07-04-2017 19:39,nan,"Daporijo-Dumporijo road, Arunachal Pradesh, India",27.97875751,94.26296826,landslide,rain,0,0,True,0.4617,3.0,Moderate (40-60%)
NASA_GLC_9976,NASA_GLC,Landslide blocks NH-55,07-05-2017 16:00,nan,"Kurseong, Darjeeling, West Bengal, India",26.90298048,88.29518925,landslide,continuous_rain,0,0,False,,,Unclassified
NASA_GLC_9989,NASA_GLC,Landslide damages road,06/28/2017 04:00:00 PM,nan,"Aizawl, Mizoram State, India",23.69461107,92.87641207,landslide,other,0,0,True,0.8059,5.0,Very High (80-100%)
NASA_GLC_9982,NASA_GLC,Landslide blocks roads,07-01-2017 16:00,nan,"Chuchuyimpang, Mokokchung, Nagaland",26.3312531,94.55427723,landslide,downpour,0,0,True,0.9816,5.0,Very High (80-100%)
NASA_GLC_9994,NASA_GLC,"Landslide obstructs road, breaks water pipe",07-06-2017 19:39,nan,"Alubari, Darjeeling, West Bengal, India",27.02149311,88.25902123,landslide,continuous_rain,0,0,False,,,Unclassified
NASA_GLC_9746,NASA_GLC,"Landslide in Kalay, Sagiang",06-05-2017 13:34,nan,"Kalaywa Township, Sagiang region, about 6 miles from Kalaywa",23.19807165,94.29816252,rock_fall,unknown,0,0,False,,,Unclassified
NASA_GLC_9829,NASA_GLC,Landslide in Chimpu,06/19/2017 01:15:00 PM,nan,nan,27.06992579,93.6146564,landslide,unknown,1,0,True,0.0138,1.0,Very Low (0-20%)
NASA_GLC_9877,NASA_GLC,Landslide blocks NH-2 between Pherzawl and Bukpi,06/26/2017 01:20:00 PM,nan,"NH-2, Pherzawl District, Manipur State, India",24.21988831,93.20266204,landslide,downpour,0,0,True,0.4611,3.0,Moderate (40-60%)
NASA_GLC_9771,NASA_GLC,"Hakhha Landslide, Zayhuang Ward",05/29/2017 01:34:00 PM,nan,Hakha in Zayhuang Ward,22.65620215,93.61589869,landslide,continuous_rain,0,0,False,,,Unclassified
NASA_GLC_9750,NASA_GLC,"Flood, Landslide in Assam",06-04-2017 13:34,nan,Dima Hasao district,25.15246863,92.94670614,landslide,continuous_rain,0,0,True,0.823,5.0,Very High (80-100%)
NASA_GLC_9876,NASA_GLC,Landslide cuts off NH 2,06/27/2017 01:20:00 PM,nan,"NH 2, Manipur State, India",24.30415689,93.18182448,landslide,downpour,0,0,True,0.837,5.0,Very High (80-100%)
NASA_GLC_9869,NASA_GLC,Landslide at Longding,08/16/2016 12:40:00 PM,nan,"Longding, India",26.88161,95.399897,landslide,other,1,0,True,0.6373,4.0,High (60-80%)
NASA_GLC_9733,NASA_GLC,Landslide in Tripura,06-03-2017 13:20,nan,Vidyamohan Chowdhury Para (???) of remote Dhalai district,23.86469956,91.8949662,landslide,continuous_rain,3,1,True,0.0155,1.0,Very Low (0-20%)
NASA_GLC_9741,NASA_GLC,"Landslide in Darjeeling area, Sonada",06-05-2017 13:34,nan,"Daragoan (?) in Sonada area, Darjeeling",26.9653186,88.2667225,landslide,rain,1,2,False,,,Unclassified
NASA_GLC_9721,NASA_GLC,Landslide in Rangamati Area,06-12-2017 13:27,nan,Between Rangamati town and Kaptai,22.59420297,92.16404889,landslide,rain,2,0,False,,,Unclassified
NASA_GLC_9697,NASA_GLC,"Massive Landslides in Bangladesh, Rangmati",06/13/2017 06:48:00 PM,nan,nan,22.65242372,92.15898865,landslide,downpour,18,0,False,,,Unclassified
NASA_GLC_9701,NASA_GLC,"Bangladesh Landslides, Lakhsmichhari",06/13/2017 06:48:00 PM,nan,nan,22.80452414,91.91261915,landslide,downpour,2,0,False,,,Unclassified
NASA_GLC_9703,NASA_GLC,"Landslides in Bangladesh, Chittagong",06/13/2017 06:48:00 PM,nan,nan,22.44394492,91.97239273,landslide,downpour,50,0,False,,,Unclassified
NASA_GLC_9743,NASA_GLC,Landslide near Itangar,06-04-2017 13:34,nan,"Poma River, west of Itangar",27.05909317,93.54235868,landslide,unknown,0,0,True,0.3512,2.0,Low (20-40%)
NASA_GLC_9834,NASA_GLC,Landslide in Itanagar,06/21/2017 06:51:00 PM,nan,"Poma, 6km away from Itanagar",27.05880384,93.54136779,landslide,rain,0,0,True,0.6631,4.0,High (60-80%)
NASA_GLC_9789,NASA_GLC,Retaining wall collapse in Nongpoh,05/26/2017 04:59:00 PM,nan,"St Paul's Secondary School, Nongpoh",25.907233,91.881892,landslide,rain,0,3,True,0.8363,5.0,Very High (80-100%)
NASA_GLC_9742,NASA_GLC,Landslide in Kohima,06-02-2017 13:34,nan,"The road that connects civil secretariat and medical college site towards BSF camp at Nhachüko, Kohima",25.67061161,94.11844319,landslide,continuous_rain,0,0,True,0.9612,5.0,Very High (80-100%)
NASA_GLC_9875,NASA_GLC,Landslide destroys section of National Highway 2,06/26/2017 01:20:00 PM,nan,"NH 2, Manipur State, India",24.32420539,93.15020652,landslide,downpour,0,0,True,0.8914,5.0,Very High (80-100%)
NASA_GLC_9715,NASA_GLC,Landslide in Rangamati Area,06-12-2017 13:27,nan,Between Rangamati town and Kaptai,22.59420297,92.16404889,landslide,rain,2,0,False,,,Unclassified
NASA_GLC_9712,NASA_GLC,"Landslide in Aizawl, kills 2",06-10-2017 13:27,nan,nan,23.73354779,92.74744512,landslide,rain,2,0,True,0.8244,5.0,Very High (80-100%)
NASA_GLC_9704,NASA_GLC,Mudslide in Eastern Manipur,06-12-2017 13:27,nan,"Khaivarentang village (??) in Ukhrul, Manipur",25.11956675,94.36416626,mudslide,continuous_rain,0,0,True,0.9961,5.0,Very High (80-100%)
NASA_GLC_9745,NASA_GLC,Landslide in Kamalpur,06-03-2017 13:34,nan,Kamalpur,24.19467451,91.82931979,landslide,rain,3,1,True,0.0065,1.0,Very Low (0-20%)
NASA_GLC_9698,NASA_GLC,"Massive Landslides in Bangladesh, Rangmati",06/13/2017 06:48:00 PM,nan,nan,22.65242372,92.15898865,landslide,downpour,18,0,False,,,Unclassified
NASA_GLC_9934,NASA_GLC,Landslide blocks road,07-01-2017 15:17,nan,"Bhalukpong, West Kameng, Arunachal Pradesh",27.01145644,92.64204045,landslide,continuous_rain,0,0,True,0.6277,4.0,High (60-80%)
NASA_GLC_9785,NASA_GLC,Rockslide in North Sikkim,05/26/2017 01:34:00 PM,nan,"Toong-Sankalang road between Saffo and Ship-Gyer, North Sikkim",27.54295099,88.59676956,landslide,rain,0,0,True,0.9669,5.0,Very High (80-100%)
NASA_GLC_9904,NASA_GLC,Mudslide near Kohima,08/25/2016 06:59:00 PM,nan,"Near Kohima, Nagaland, India",25.660517,94.104931,mudslide,rain,0,0,True,0.9708,5.0,Very High (80-100%)
NASA_GLC_9931,NASA_GLC,NH-2 blocked by landslide along Imphal-Dimapur section,06/30/2017 03:17:00 PM,nan,Torrential downpour causes road-blocking lansdlide along NH-2 near Bimparao village,25.06657276,93.9310888,landslide,downpour,0,0,True,0.2542,2.0,Low (20-40%)
NASA_GLC_9917,NASA_GLC,Landslide in Silchar,09-01-2016 14:32,nan,"Silchar, Assam, India",24.768609,92.821182,landslide,flooding,4,0,True,0.0073,1.0,Very Low (0-20%)
NASA_GLC_9932,NASA_GLC,Landslide near Dree Festival Ground,07-01-2017 15:17,nan,"Dree Festival Ground, NH-415, Arunachal Pradesh, India",27.10647226,93.65975252,landslide,downpour,0,0,True,0.7138,4.0,High (60-80%)
NASA_GLC_9935,NASA_GLC,House in Itanagar washed away by landslide,07-01-2017 15:17,nan,"Sanglo Potum (??), Itanagar, Papum Pare, Arunachal Pradesh",27.08168565,93.60815652,landslide,continuous_rain,0,0,True,0.2002,2.0,Low (20-40%)
NASA_GLC_9797,NASA_GLC,Mudslide in on Sarli-Damin road,05/24/2017 08:14:00 PM,nan,"Sarli-Damin road in Kurung Kumey district, near Lee village",27.769793,93.50995626,mudslide,rain,1,0,True,0.9148,5.0,Very High (80-100%)
NASA_GLC_9770,NASA_GLC,"Landslide in Mizoram, off of Aizawl",06-01-2017 13:34,nan,"Hunthar Area, NH 54, off of Aizawl",23.73941422,92.71505961,landslide,tropical_cyclone,0,0,True,0.9892,5.0,Very High (80-100%)
NASA_GLC_9933,NASA_GLC,Landslide threatens orphanage with collapse,06/30/2017 03:17:00 PM,nan,"Jollang, Itanagar Sub-District, Papum Pare, Arunachal Pradesh, 791123",27.04768643,93.61899644,landslide,downpour,0,0,True,0.7439,4.0,High (60-80%)
NASA_GLC_9948,NASA_GLC,Landslide causes Ukhrul-Imphal road to sink,07-01-2017 14:33,nan,"NH-150, Ukhrul Central, Ukhrul, Manipur, 795142",24.95178179,94.20340026,landslide,rain,0,0,True,0.3346,2.0,Low (20-40%)
NASA_GLC_9949,NASA_GLC,Landslide opposite Jorabat Police Outpost,07-03-2017 14:33,nan,"G S Road, Sonapur, Kamrup Metropolitan, Assam, 781141",26.10035658,91.87351723,landslide,downpour,0,0,True,0.191,1.0,Very Low (0-20%)
NASA_GLC_10004,NASA_GLC,Landslide damages house,07-10-2017 14:21,nan,"Dispur, Kamrup Metropolitan, Assam",26.14547804,91.79364785,landslide,continuous_rain,0,0,True,0.0936,1.0,Very Low (0-20%)
NASA_GLC_311,NASA_GLC,Betbunia,10/15/2007 12:00:00 AM,Khulna,Betbunia,22.5333,89.4,mudslide,rain,3,0,False,,,Unclassified
NASA_GLC_7370,NASA_GLC,between Moltuk to New Songjang village,08-01-2015 00:00,Manipur,between Moltuk to New Songjang village,24.1419,94.1078,landslide,continuous_rain,0,0,True,0.9726,5.0,Very High (80-100%)
NASA_GLC_2312,NASA_GLC,"the lateral highway, Dzong viewpoint, Trongsa",08/23/2010 07:00:00 AM,Tongsa,"the lateral highway, Dzong viewpoint, Trongsa",27.5,90.5034,landslide,downpour,0,0,False,,,Unclassified
NASA_GLC_5084,NASA_GLC,"National Highway 2 Near Phesama Village Close To Kisama Naha Heritage Site, Kohima District, Nagaland",07-12-2013 23:00,Nāgāland,"National Highway 2 Near Phesama Village Close To Kisama Naha Heritage Site, Kohima District, Nagaland",25.616,94.1167,landslide,downpour,0,0,True,0.9735,5.0,Very High (80-100%)
NASA_GLC_3986,NASA_GLC,"Singamari, Darhelling, West Bengal",09/25/2011 12:00:00 AM,Bengal,"Singamari, Darhelling, West Bengal",27.0605,88.255,landslide,downpour,0,0,False,,,Unclassified
NASA_GLC_2566,NASA_GLC,"Sahong, Tabu and Pani village under Tadubi police station of Senapati district, NH-39",10-08-2010 00:00,Nāgāland,"Sahong, Tabu and Pani village under Tadubi police station of Senapati district, NH-39",25.4769,94.1351,mudslide,downpour,0,0,True,0.9623,5.0,Very High (80-100%)
NASA_GLC_1050,NASA_GLC,Darjeeling (between Tin Dharia and Rongtong),07-03-2009 00:00,Bengal,Darjeeling (between Tin Dharia and Rongtong),26.87324244,88.29184021,landslide,rain,0,0,False,,,Unclassified
NASA_GLC_1109,NASA_GLC,Lumding-Badarpur section in North Cachar Hills district,08/20/2009 12:00:00 AM,Assam,Lumding-Badarpur section in North Cachar Hills district,25.5215,93.1645,landslide,downpour,0,0,True,0.006,1.0,Very Low (0-20%)
NASA_GLC_1961,NASA_GLC,"Ishok Chingphu(?), Bishnupur, Assam",06-09-2010 14:15,Meghālaya,"Ishok Chingphu(?), Bishnupur, Assam",25.8833,91.2,landslide,downpour,0,0,True,0.0954,1.0,Very Low (0-20%)
NASA_GLC_595,NASA_GLC,Kurseong sub division,06/20/2008 12:00:00 AM,Bengal,Kurseong sub division,26.885,88.2778,landslide,rain,0,0,False,,,Unclassified
NASA_GLC_2578,NASA_GLC,"NH-39 in Karong area, Manipur",10-09-2010 00:00,Nāgāland,"NH-39 in Karong area, Manipur",25.3179,94.0462,landslide,downpour,0,0,True,0.8057,5.0,Very High (80-100%)
NASA_GLC_322,NASA_GLC,National Highway 53 at Nungba in Tamenglong district of Manipur,10/21/2007 12:00:00 AM,Assam,National Highway 53 at Nungba in Tamenglong district of Manipur,24.75,93.4333,landslide,rain,0,0,True,0.9558,5.0,Very High (80-100%)
NASA_GLC_6020,NASA_GLC, Purba Satchhari village in Sadar upazila,05-10-2014 09:00,Sylhet, Purba Satchhari village in Sadar upazila,24.5784,91.7227,landslide,rain,0,0,False,,,Unclassified
NASA_GLC_2117,NASA_GLC,Punakha-Gasa rd,07/22/2010 12:00:00 AM,Gasa,Punakha-Gasa rd,27.8122,89.9019,landslide,downpour,0,0,False,,,Unclassified
NASA_GLC_5552,NASA_GLC,"Ukhrul, Manipur",09/24/2013 12:00:00 AM,Manipur,"Ukhrul, Manipur",25.0985,94.3619,landslide,unknown,0,0,True,0.9602,5.0,Very High (80-100%)
NASA_GLC_3621,NASA_GLC,"St Mary's Hill, 3 km from Kurseong, West Bengal",06/17/2011 12:00:00 AM,Bengal,"St Mary's Hill, 3 km from Kurseong, West Bengal",26.88,88.28,mudslide,downpour,4,0,False,,,Unclassified
NASA_GLC_1993,NASA_GLC,"Kurseong sub-division, Road between Kurseong and New Jalpaiguri",06/16/2010 12:00:00 AM,Bengal,"Kurseong sub-division, Road between Kurseong and New Jalpaiguri",26.8073,88.3162,landslide,downpour,0,0,False,,,Unclassified
NASA_GLC_7031,NASA_GLC,"Bop, Sikkim",05/24/2015 12:00:00 AM,Sikkim,"Bop, Sikkim",27.6163,88.6586,landslide,unknown,0,0,True,0.9724,5.0,Very High (80-100%)
NASA_GLC_5834,NASA_GLC, Chittagong,02-03-2014 00:00,Chittagong, Chittagong,22.3475,91.8123,landslide,unknown,1,1,False,,,Unclassified
NASA_GLC_9073,NASA_GLC,Burma,12/17/2015 12:00:00 AM,Sagain,Burma,22.1306,95.5488,landslide,mining,1,0,False,,,Unclassified
NASA_GLC_2025,NASA_GLC,"Police CID complex(?), Shillong, Meghalaya",06/28/2010 12:00:00 AM,Meghālaya,"Police CID complex(?), Shillong, Meghalaya",25.5728,91.885,landslide,downpour,1,0,True,0.9228,5.0,Very High (80-100%)
NASA_GLC_9405,NASA_GLC,"Techahan Ward, Mon, Nagaland, India",04/19/2016 12:00:00 AM,Nagaland,"Techahan Ward, Mon, Nagaland, India",26.7223,95.0243,landslide,continuous_rain,0,0,True,0.3677,2.0,Low (20-40%)
NASA_GLC_5343,NASA_GLC,The Imphal-Jiribam Section Of Nh-37 In Tamenglong District,08/17/2013 11:00:00 PM,Assam,The Imphal-Jiribam Section Of Nh-37 In Tamenglong District,24.7625,93.4341,landslide,continuous_rain,0,0,True,0.9792,5.0,Very High (80-100%)
NASA_GLC_6971,NASA_GLC,"Itanagar, Arunachal Pradesh",06-09-2015 00:00,Arunachal Pradesh,"Itanagar, Arunachal Pradesh",27.0987,93.816,landslide,continuous_rain,2,2,True,0.1456,1.0,Very Low (0-20%)
NASA_GLC_57,NASA_GLC,"Sikkim, 13 km north of Gangtok",04-11-2007 00:00,nan,"Sikkim, 13 km north of Gangtok",27.4459,88.6193,landslide,downpour,0,0,True,0.7748,4.0,High (60-80%)
NASA_GLC_1611,NASA_GLC,"Paglanala village, Dholai Block, near Dwarbandh locality of the district, Cachar district (could only find district) 45 km from Silchar, Assam",04-01-2010 00:00,Assam,"Paglanala village, Dholai Block, near Dwarbandh locality of the district, Cachar district (could only find district) 45 km from Silchar, Assam",25.1553,93.028,landslide,downpour,3,0,True,0.7125,4.0,High (60-80%)
NASA_GLC_147,NASA_GLC,Lawngtlai,07/30/2007 12:00:00 AM,Mizoram,Lawngtlai,22.533,92.899,landslide,downpour,0,0,True,0.9591,5.0,Very High (80-100%)
NASA_GLC_4382,NASA_GLC," between Harangajao and Mailongdisa, Assa,",06-03-2012 00:00,Assam," between Harangajao and Mailongdisa, Assa,",25.1175,92.8573,landslide,downpour,0,0,True,0.6149,4.0,High (60-80%)
NASA_GLC_1112,NASA_GLC,"NH31A, Mile 27 near Rambi",08/20/2009 12:00:00 AM,Sikkim,"NH31A, Mile 27 near Rambi",27.1761,88.5287,mudslide,downpour,0,0,False,,,Unclassified
NASA_GLC_2424,NASA_GLC,"near Tuivawl(?), Aizawl-Champhai rd, Aizawl district, Mizoram",09/13/2010 12:00:00 AM,Mizoram,"near Tuivawl(?), Aizawl-Champhai rd, Aizawl district, Mizoram",23.591,92.9296,landslide,downpour,0,0,True,0.5174,3.0,Moderate (40-60%)
NASA_GLC_78,NASA_GLC,"Pangthang, on road b/t Gangtok and North Sikkim",05/23/2007 12:00:00 AM,Sikkim,"Pangthang, on road b/t Gangtok and North Sikkim",27.3383,88.6069,landslide,rain,0,0,True,0.9906,5.0,Very High (80-100%)
NASA_GLC_5431,NASA_GLC,"Tamenglong, Manipur",09-01-2013 00:00,Assam,"Tamenglong, Manipur",24.9829,93.5063,mudslide,continuous_rain,0,0,True,0.9929,5.0,Very High (80-100%)
NASA_GLC_3672,NASA_GLC,"Portions of NH 39, Connectin Manipur with Assam via Nagaland",06/29/2011 12:00:00 AM,Assam,"Portions of NH 39, Connectin Manipur with Assam via Nagaland",25.5125,93.3613,landslide,downpour,0,0,True,0.0658,1.0,Very Low (0-20%)
NASA_GLC_3997,NASA_GLC,Mangan : The slide which occurred at Thingchim around 18 kilometers from Mangan towards Gangtok has disrupted the Mangan-Gangtok traffic again. The s*,09/30/2011 12:00:00 AM,nan,nan,27.5161,88.5575,landslide,unknown,0,0,True,0.8927,5.0,Very High (80-100%)
NASA_GLC_2253,NASA_GLC,"Chingai-Kuingai(Quingai) route (16 kms), Chingai subdivision, Ukhrul district, Manipur",08/15/2010 11:00:00 PM,Manipur,"Chingai-Kuingai(Quingai) route (16 kms), Chingai subdivision, Ukhrul district, Manipur",25.31006064,94.48265093,landslide,downpour,0,0,True,0.9716,5.0,Very High (80-100%)
NASA_GLC_9119,NASA_GLC,"Kachin, Myanmar (Burma)",12/25/2015 06:00:00 PM,Kachin,"Kachin, Myanmar (Burma)",26.0746,97.3668,landslide,mining,5,0,False,,,Unclassified
NASA_GLC_1108,NASA_GLC,"Tamei, Tamenglong district on Imphal-Tamenglong (IT) road",08/20/2009 12:00:00 AM,Assam,"Tamei, Tamenglong district on Imphal-Tamenglong (IT) road",24.9925,93.5,landslide,downpour,0,0,True,0.9679,5.0,Very High (80-100%)
NASA_GLC_6105,NASA_GLC,Arunachal Pradesh,06/26/2014 11:00:00 PM,Arunachal Pradesh,Arunachal Pradesh,28.9205,95.3429,landslide,continuous_rain,0,0,True,0.6152,4.0,High (60-80%)
NASA_GLC_9168,NASA_GLC,"NH 13 10 kilometers from Old Ziro, Arunachal Pradesh, India",06-12-2016 23:00,Arunachal Pradesh,"NH 13 10 kilometers from Old Ziro, Arunachal Pradesh, India",27.6438,93.871,landslide,downpour,0,0,True,0.9699,5.0,Very High (80-100%)
NASA_GLC_7021,NASA_GLC,"Old Monastery Road, Ghum",06/27/2015 11:00:00 PM,West Bengal,"Old Monastery Road, Ghum",27.0076,88.251,landslide,downpour,1,0,False,,,Unclassified
NASA_GLC_3560,NASA_GLC,"Gaoilung(Gadailong) village(?), Ward 4(?), Tamenglong, Manipur",05/31/2011 02:30:00 PM,Manipur,"Gaoilung(Gadailong) village(?), Ward 4(?), Tamenglong, Manipur",24.8286,93.5935,landslide,downpour,2,0,True,0.905,5.0,Very High (80-100%)
NASA_GLC_587,NASA_GLC,"Lakhimpur district, Bihpuria, Assam",06/15/2008 12:00:00 AM,Assam,"Lakhimpur district, Bihpuria, Assam",27.2298,94.0989,landslide,downpour,17,0,True,0.0978,1.0,Very Low (0-20%)
NASA_GLC_6019,NASA_GLC,Borolekha upazila of Moulvibazar,05-10-2014 09:00,Sylhet,Borolekha upazila of Moulvibazar,24.4136,91.7561,landslide,rain,3,0,False,,,Unclassified
NASA_GLC_8012,NASA_GLC,"Umling, Meghalaya 793102, India",09-06-2015 15:00,Meghalaya,"Umling, Meghalaya 793102, India",25.9703,91.8584,landslide,unknown,0,0,True,0.8256,5.0,Very High (80-100%)
NASA_GLC_2555,NASA_GLC,"near Hsedaw(Hsipaw) station, Mandalay-Lashio railroad, Shan State ",10-06-2010 00:00,Shan,"near Hsedaw(Hsipaw) station, Mandalay-Lashio railroad, Shan State ",22.6461,97.3193,landslide,downpour,0,0,False,,,Unclassified
NASA_GLC_7335,NASA_GLC,Tura Civil Hospital,08/18/2015 09:00:00 AM,Meghalaya,Tura Civil Hospital,25.5145,90.2023,landslide,continuous_rain,0,0,True,0.4729,3.0,Moderate (40-60%)
NASA_GLC_3804,NASA_GLC,"southeastern, DHAKA, Bangladesh",07/19/2011 12:00:00 AM,Dhaka,"southeastern, DHAKA, Bangladesh",23.7118,90.4077,landslide,downpour,4,0,False,,,Unclassified
NASA_GLC_141,NASA_GLC,Singtam,07/26/2007 12:00:00 AM,Meghālaya,Singtam,25.38,91.88,landslide,rain,0,0,True,0.9589,5.0,Very High (80-100%)
NASA_GLC_3983,NASA_GLC,"Maighuli, Guwahati, Meghalaya",09/23/2011 12:00:00 AM,Assam,"Maighuli, Guwahati, Meghalaya",26.1548,91.7351,landslide,downpour,4,0,True,0.0864,1.0,Very Low (0-20%)
NASA_GLC_148,NASA_GLC,Saiha,07/30/2007 12:00:00 AM,Mizoram,Saiha,22.479,92.967,landslide,downpour,0,0,True,0.7426,4.0,High (60-80%)
NASA_GLC_1094,NASA_GLC,"Katare village, 80 km from Kalimpong",08/16/2009 09:30:00 PM,Bengal,"Katare village, 80 km from Kalimpong",27.15977181,88.63411246,landslide,downpour,1,0,False,,,Unclassified
NASA_GLC_1775,NASA_GLC,Arunachal Pradesh ,04/21/2010 12:00:00 AM,Arunāchal Pradesh,Arunachal Pradesh ,27.8965,96.1779,landslide,downpour,12,0,True,0.0042,1.0,Very Low (0-20%)
NASA_GLC_3663,NASA_GLC,"Ruzapfu valley, Kikruma Village, Phek District, Nagaland",06/28/2011 12:00:00 AM,Nāgāland,"Ruzapfu valley, Kikruma Village, Phek District, Nagaland",25.6682,94.1099,landslide,downpour,0,0,True,0.9153,5.0,Very High (80-100%)
NASA_GLC_7385,NASA_GLC,"Holenjang, Chandel district",08-01-2015 00:00,Manipur,"Holenjang, Chandel district",24.004,93.9815,landslide,continuous_rain,0,0,True,0.9649,5.0,Very High (80-100%)
NASA_GLC_3643,NASA_GLC,Villages surrounding the West Sikkim district of ,06/23/2011 11:30:00 PM,nan,Villages surrounding the West Sikkim district of ,27.2879,88.2579,landslide,downpour,16,0,True,0.9558,5.0,Very High (80-100%)
NASA_GLC_2575,NASA_GLC,"road between Haflong and Lanka, Assam",10-09-2010 00:00,Assam,"road between Haflong and Lanka, Assam",25.5242,92.9914,landslide,downpour,0,0,True,0.006,1.0,Very Low (0-20%)
NASA_GLC_3840,NASA_GLC,Manipur,07/25/2011 12:00:00 AM,Manipur,Manipur,24.6869,93.9157,landslide,downpour,0,0,True,0.1967,1.0,Very Low (0-20%)
NASA_GLC_9681,NASA_GLC,"Thimphu-Phuentsholing highway, at Takti, between Samtse and Punakha ",05/21/2010 12:00:00 AM,Paro,"Thimphu-Phuentsholing highway, at Takti, between Samtse and Punakha ",27.21898773,89.5187916,landslide,downpour,0,0,False,,,Unclassified
NASA_GLC_1027,NASA_GLC,"Sreemangal upazila, Moulvibazer.",05/18/2009 08:00:00 AM,nan,"Sreemangal upazila, Moulvibazer.",24.3083,91.7333,mudslide,downpour,6,0,False,,,Unclassified
NASA_GLC_1064,NASA_GLC,"Lama village, Bandarban district 155 miles (248 kilometers) southeast of the capital Dhaka",07/31/2009 12:00:00 AM,Chittagong,"Lama village, Bandarban district 155 miles (248 kilometers) southeast of the capital Dhaka",22.2251,92.19,landslide,downpour,10,0,False,,,Unclassified
NASA_GLC_6015,NASA_GLC,Lohit District of Arunachal Pradesh,05-08-2014 00:00,Arunachal Pradesh,Lohit District of Arunachal Pradesh,27.9032,96.174,mudslide,rain,0,0,True,0.0043,1.0,Very Low (0-20%)
NASA_GLC_3741,NASA_GLC,Maram (80 km north of Imphal),07-07-2011 00:00,Nāgāland,Maram (80 km north of Imphal),25.4191,94.1079,landslide,rain,0,0,True,0.9832,5.0,Very High (80-100%)
NASA_GLC_7696,NASA_GLC,Mangdechu hydropower project,08/14/2015 11:00:00 AM,nan,Mangdechu hydropower project,27.4373,90.4678,landslide,mining,5,0,False,,,Unclassified
NASA_GLC_210,NASA_GLC,"Hattisurey in Kalimpong, on National Highway 31A",08/25/2007 12:00:00 AM,Bengal,"Hattisurey in Kalimpong, on National Highway 31A",27.0713,88.4308,landslide,rain,0,0,False,,,Unclassified
NASA_GLC_2106,NASA_GLC,"road to Oting near Longlam village, 13 km from Tizit subdivision, Mon district, Nagaland",07/20/2010 12:00:00 AM,Nāgāland,"road to Oting near Longlam village, 13 km from Tizit subdivision, Mon district, Nagaland",26.8716,94.9921,landslide,downpour,0,0,True,0.5721,3.0,Moderate (40-60%)
NASA_GLC_9051,NASA_GLC,"12th Mile area at Jorabat, Meghalaya, India",07/19/2016 09:00:00 AM,Meghalaya,"12th Mile area at Jorabat, Meghalaya, India",26.09748244,91.8744337,landslide,unknown,0,1,True,0.1009,1.0,Very Low (0-20%)
NASA_GLC_870,NASA_GLC,"West Kameng, Arunachal Pradesh",10/29/2008 12:00:00 AM,Arunāchal Pradesh,"West Kameng, Arunachal Pradesh",27.4,92.35,mudslide,downpour,12,0,True,0.7685,4.0,High (60-80%)
NASA_GLC_2392,NASA_GLC,"17th mile(?), Jawaharlal Nehru Marg hwy, between Gangtok and Nathu La, Sikkim",09-04-2010 00:00,Sikkim,"17th mile(?), Jawaharlal Nehru Marg hwy, between Gangtok and Nathu La, Sikkim",27.3702,88.7334,landslide,downpour,0,0,True,0.738,4.0,High (60-80%)
NASA_GLC_1037,NASA_GLC,"Sevoke, 20km from Siliguri, North Eastern, India (Highway NH31A:Coronation Bridge to the Sevoke police outpost section blocked)",06/17/2009 04:00:00 AM,Bengal,"Sevoke, 20km from Siliguri, North Eastern, India (Highway NH31A:Coronation Bridge to the Sevoke police outpost section blocked)",26.89,88.47,mudslide,downpour,0,0,False,,,Unclassified
NASA_GLC_3830,NASA_GLC,Manipur,07/22/2011 12:00:00 AM,Manipur,Manipur,24.3527,94.3429,landslide,downpour,0,0,True,0.1702,1.0,Very Low (0-20%)
NASA_GLC_4906,NASA_GLC,"Helipong-Chessore Road, Nagaland",06-07-2013 00:00,Nāgāland,"Helipong-Chessore Road, Nagaland",26.0977,94.7499,landslide,unknown,0,0,True,0.936,5.0,Very High (80-100%)
NASA_GLC_1091,NASA_GLC,"Kalimpong, Darjeeling, West Bengal",08/16/2009 09:00:00 AM,Bengal,"Kalimpong, Darjeeling, West Bengal",27.02459801,88.43849551,landslide,downpour,2,0,False,,,Unclassified
NASA_GLC_9333,NASA_GLC,Jaflong,02/25/2016 01:00:00 PM,Sylhet,Jaflong,25.1622,92.0104,landslide,mining,1,0,False,,,Unclassified
NASA_GLC_151,NASA_GLC,Kurseong,08-02-2007 00:00,Bengal,Kurseong,26.8905,88.2789,mudslide,rain,3,0,False,,,Unclassified
NASA_GLC_7076,NASA_GLC,near Kalijhora,07-04-2015 18:00,West Bengal,near Kalijhora,26.9282,88.4553,landslide,unknown,0,0,False,,,Unclassified
NASA_GLC_218,NASA_GLC,"Ghayabari-Tindharia on National Highway 55, near Darjeeling hills",08/29/2007 12:00:00 AM,Bengal,"Ghayabari-Tindharia on National Highway 55, near Darjeeling hills",27.0096,88.2548,landslide,rain,0,0,False,,,Unclassified
NASA_GLC_2261,NASA_GLC,"Hatisur(?), Sevok(Sevoke), Kalimpong sub-division, NH 31A between Siliguri and Gangtok, Sikkim",08/17/2010 08:00:00 AM,Bengal,"Hatisur(?), Sevok(Sevoke), Kalimpong sub-division, NH 31A between Siliguri and Gangtok, Sikkim",26.9435,88.4445,landslide,downpour,0,0,False,,,Unclassified
NASA_GLC_93,NASA_GLC,"Indira Bypass, Amdo Golai",06/13/2007 12:00:00 AM,Bengal,"Indira Bypass, Amdo Golai",26.7324,88.4089,landslide,rain,0,0,False,,,Unclassified
NASA_GLC_9603,NASA_GLC,Mirik,10-12-2016 00:00,West Bengal,Mirik,26.8861,88.1704,landslide,downpour,0,0,False,,,Unclassified
NASA_GLC_3269,NASA_GLC,"road from other districts to Hawai(Tawai?) which is  on Lojit river, near Hayuliang,  Anjaw district, Arunachal Pradesh",03/22/2011 12:00:00 AM,Arunāchal Pradesh,"road from other districts to Hawai(Tawai?) which is  on Lojit river, near Hayuliang,  Anjaw district, Arunachal Pradesh",28.0791,96.5242,landslide,downpour,0,0,True,0.9689,5.0,Very High (80-100%)
NASA_GLC_1755,NASA_GLC,"Natl. Highway 31-A at Pani House(?), Gangtok",04/17/2010 03:00:00 PM,Sikkim,"Natl. Highway 31-A at Pani House(?), Gangtok",27.3341,88.6083,landslide,downpour,0,0,True,0.9962,5.0,Very High (80-100%)
NASA_GLC_6990,NASA_GLC,"New Land (""""New Colony"""")",06/24/2015 12:00:00 AM,Nagaland,"New Land (""""New Colony"""")",26.0319,94.5466,landslide,continuous_rain,0,0,True,,5.0,Very High (80-100%)
NASA_GLC_1995,NASA_GLC,Tripi (Tirpai?) road of Upper Gumfa area in Kalimpong,06/16/2010 12:00:00 AM,Bengal,Tripi (Tirpai?) road of Upper Gumfa area in Kalimpong,27.0765,88.4808,landslide,rain,3,0,False,,,Unclassified
NASA_GLC_6222,NASA_GLC,Karsingsa block point,10-01-2014 11:00,Arunachal Pradesh,Karsingsa block point,27.1249,93.7706,landslide,unknown,5,0,True,0.749,4.0,High (60-80%)
NASA_GLC_9169,NASA_GLC,"on road between Mon and Tobu near Telangsao Hydro project , Nagaland, India",06-12-2016 00:00,Nagaland,"on road between Mon and Tobu near Telangsao Hydro project , Nagaland, India",26.1677,94.2442,landslide,continuous_rain,0,0,True,0.384,2.0,Low (20-40%)
NASA_GLC_4435,NASA_GLC,"Tirap , Arunachal Pradesh",06/25/2012 12:00:00 AM,Arunāchal Pradesh,"Tirap , Arunachal Pradesh",27.174,95.8011,landslide,downpour,0,0,True,,1.0,Very Low (0-20%)
NASA_GLC_4313,NASA_GLC,"Endulin Nallah, Mayodia, 17-camp, 83-camp",04-08-2012 00:00,Arunāchal Pradesh,"Endulin Nallah, Mayodia, 17-camp, 83-camp",28.4659,95.86,landslide,downpour,0,0,True,,3.0,Moderate (40-60%)
NASA_GLC_2344,NASA_GLC,"NH-53 at Nungba police station, Kambirong(?), Manipur",08/27/2010 04:30:00 PM,Assam,"NH-53 at Nungba police station, Kambirong(?), Manipur",24.7505,93.4221,landslide,downpour,0,0,True,0.4838,3.0,Moderate (40-60%)
NASA_GLC_7263,NASA_GLC,"15 kms from Maram, National Highway-102/A (Maram Peren road)",07/22/2015 12:00:00 AM,Manipur,"15 kms from Maram, National Highway-102/A (Maram Peren road)",25.4477,94.0489,landslide,continuous_rain,0,0,True,0.8921,5.0,Very High (80-100%)
NASA_GLC_5271,NASA_GLC,"Nanga, Nagaland",08-04-2013 00:00,Nāgāland,"Nanga, Nagaland",26.284,94.5808,landslide,continuous_rain,0,0,True,0.7528,4.0,High (60-80%)
NASA_GLC_4424,NASA_GLC,"Lalunggaon, Guwahati,  Assam",06/20/2012 12:00:00 AM,Assam,"Lalunggaon, Guwahati,  Assam",26.149,91.7351,landslide,downpour,0,0,True,0.1223,1.0,Very Low (0-20%)
NASA_GLC_3525,NASA_GLC,"Kaiphundai(?)-Tousem(in Assam) road, Tamenglong district, Manipur",05/22/2011 12:00:00 AM,Assam,"Kaiphundai(?)-Tousem(in Assam) road, Tamenglong district, Manipur",25.0672,93.4093,landslide,downpour,0,0,True,0.4089,3.0,Moderate (40-60%)
NASA_GLC_7369,NASA_GLC,between Chalong and Paraolon,08-01-2015 00:00,Manipur,between Chalong and Paraolon,24.1988,94.1016,landslide,continuous_rain,0,0,True,0.9812,5.0,Very High (80-100%)
NASA_GLC_2360,NASA_GLC,"Batase and Sisne villages, Lelep VDC, ",08/29/2010 10:00:00 PM,Eastern Region,"Batase and Sisne villages, Lelep VDC, ",27.7276,88.0446,landslide,downpour,0,0,False,,,Unclassified
NASA_GLC_4892,NASA_GLC,Upper Subansiri,06-01-2013 00:00,Arunāchal Pradesh,Upper Subansiri,27.8776,94.25,landslide,downpour,0,0,True,,5.0,Very High (80-100%)
NASA_GLC_4377,NASA_GLC,"Guwahati, Assam",06-02-2012 00:00,Assam,"Guwahati, Assam",26.1475,91.7356,landslide,downpour,0,0,True,0.136,1.0,Very Low (0-20%)
NASA_GLC_5430,NASA_GLC,"Tamenglong- Khongsang Road, Manipur",09-01-2013 00:00,Manipur,"Tamenglong- Khongsang Road, Manipur",24.9037,93.487,mudslide,continuous_rain,0,0,True,0.9833,5.0,Very High (80-100%)
NASA_GLC_7264,NASA_GLC,22 kms to 30 kms between Sangkungmai and Willong,07/22/2015 12:00:00 AM,Manipur,22 kms to 30 kms between Sangkungmai and Willong,25.4538,93.9827,landslide,continuous_rain,0,0,True,0.9089,5.0,Very High (80-100%)
NASA_GLC_9220,NASA_GLC,"Finchaytaar, Lodhoma, Darjeeling, India",07/26/2016 11:00:00 PM,West Bengal,"Finchaytaar, Lodhoma, Darjeeling, India",27.1027,88.1218,landslide,downpour,0,0,False,,,Unclassified
NASA_GLC_5006,NASA_GLC,"Thillong Village, Doyang Along State Highway 1, Wokha To Merapani Road",07-01-2013 00:00,Nāgāland,"Thillong Village, Doyang Along State Highway 1, Wokha To Merapani Road",26.1147,94.3864,landslide,downpour,0,0,True,0.2029,2.0,Low (20-40%)
NASA_GLC_85,NASA_GLC,Rangamati,06-11-2007 00:00,Chittagong,Rangamati,22.6368,92.1453,mudslide,downpour,3,0,False,,,Unclassified
NASA_GLC_8280,NASA_GLC,"Chittagong, Bangladesh",09/21/2015 07:00:00 AM,Chittagong,"Chittagong, Bangladesh",22.3496,91.8138,landslide,rain,2,0,False,,,Unclassified
NASA_GLC_256,NASA_GLC,Rhodong village near Rhey in East Sikkim,09-10-2007 00:00,Sikkim,Rhodong village near Rhey in East Sikkim,27.3425,88.6236,landslide,rain,0,0,True,0.9765,5.0,Very High (80-100%)
NASA_GLC_9335,NASA_GLC,"Bilaipur, Hailakandi district, Assam, India",05/18/2016 08:00:00 AM,Assam,"Bilaipur, Hailakandi district, Assam, India",24.5202,92.7239,landslide,continuous_rain,2,0,True,,1.0,Very Low (0-20%)
NASA_GLC_7279,NASA_GLC,Tamenglong Ward No-IV,07/24/2015 12:00:00 AM,Manipur,Tamenglong Ward No-IV,24.9818,93.5142,mudslide,monsoon,0,0,True,0.7371,4.0,High (60-80%)
NASA_GLC_1963,NASA_GLC,"near Sevok(Sevoke), Highway 31A to Sikkimand Kalimpong, Hatisura(?), Darjeeling",06-11-2010 00:00,Bengal,"near Sevok(Sevoke), Highway 31A to Sikkimand Kalimpong, Hatisura(?), Darjeeling",26.944,88.4441,landslide,downpour,0,0,False,,,Unclassified
NASA_GLC_6288,NASA_GLC,Noonmati,09/22/2014 12:00:00 AM,Assam,Noonmati,26.1985,91.7998,landslide,rain,0,0,True,0.0366,1.0,Very Low (0-20%)
NASA_GLC_5087,NASA_GLC,"National Highway 29 Near Phesama Village, Nagaland",07-12-2013 00:00,Nāgāland,"National Highway 29 Near Phesama Village, Nagaland",25.6269,94.1139,landslide,downpour,0,0,True,0.9895,5.0,Very High (80-100%)
NASA_GLC_6966,NASA_GLC,"National Highway 31A, Darjeeling Hills",06/17/2015 12:00:00 AM,West Bengal,"National Highway 31A, Darjeeling Hills",26.9974,88.4314,landslide,downpour,0,0,False,,,Unclassified
NASA_GLC_258,NASA_GLC,"NH-39 at Imphal-Moreh section, Lokchao largest event",09-11-2007 00:00,Manipur,"NH-39 at Imphal-Moreh section, Lokchao largest event",24.4279,94.0564,landslide,rain,3,0,True,,3.0,Moderate (40-60%)
NASA_GLC_5338,NASA_GLC,"Longlem, Nagaland",08/16/2013 12:00:00 AM,Assam,"Longlem, Nagaland",26.8727,94.9275,landslide,rain,0,0,True,,1.0,Very Low (0-20%)
NASA_GLC_2411,NASA_GLC,"districts Lakhimpur, Dhemaji, Golaghat, and Sonitpur, Assam province",09-10-2010 00:00,Arunāchal Pradesh,"districts Lakhimpur, Dhemaji, Golaghat, and Sonitpur, Assam province",27.0011,93.7273,landslide,downpour,0,0,True,0.0018,1.0,Very Low (0-20%)
NASA_GLC_6143,NASA_GLC,"Zembabawk, Aizawl",07/14/2014 06:00:00 PM,Mizoram,"Zembabawk, Aizawl",23.7327,92.7463,landslide,downpour,1,2,True,0.8277,5.0,Very High (80-100%)
NASA_GLC_4908,NASA_GLC,"15 Km From Gangtok, Himalayans",06-08-2013 17:00,Sikkim,"15 Km From Gangtok, Himalayans",27.3721,88.708,landslide,downpour,0,0,True,0.9845,5.0,Very High (80-100%)
NASA_GLC_9124,NASA_GLC,"Rongthragittim Songittal village, near Sibbari, South Garo Hills District, Meghalaya, India",07/19/2016 12:00:00 AM,Meghalaya,"Rongthragittim Songittal village, near Sibbari, South Garo Hills District, Meghalaya, India",25.203,90.5573,translational_slide,continuous_rain,0,0,True,,2.0,Low (20-40%)
NASA_GLC_2282,NASA_GLC,"Tuensang-Kohima rd, 3 km outside Tuensang, Nagaland",08/19/2010 06:30:00 AM,Nāgāland,"Tuensang-Kohima rd, 3 km outside Tuensang, Nagaland",26.1984,94.8158,landslide,downpour,0,0,True,0.9826,5.0,Very High (80-100%)
NASA_GLC_9338,NASA_GLC,"Sonachirra, Karimganj district, Assam, India",05/18/2016 08:00:00 AM,Assam,"Sonachirra, Karimganj district, Assam, India",24.4638,92.4943,landslide,continuous_rain,5,0,True,0.0526,1.0,Very Low (0-20%)
NASA_GLC_2421,NASA_GLC,"road to Muanna Godown, Zuangtui, Mizoram",09/13/2010 09:00:00 AM,Mizoram,"road to Muanna Godown, Zuangtui, Mizoram",23.75406693,92.74128531,landslide,downpour,0,0,True,0.9342,5.0,Very High (80-100%)
NASA_GLC_2249,NASA_GLC,"Kiphire-Tuensang rd, Nagaland",08/14/2010 12:00:00 AM,Nāgāland,"Kiphire-Tuensang rd, Nagaland",26.0814,94.803,landslide,downpour,0,0,True,0.8006,5.0,Very High (80-100%)
NASA_GLC_8901,NASA_GLC,"National Highway 2, near Kohima, Nagaland, India",07-10-2016 00:00,Nagaland,"National Highway 2, near Kohima, Nagaland, India",25.7902,94.1318,landslide,downpour,0,0,True,0.8808,5.0,Very High (80-100%)
NASA_GLC_2283,NASA_GLC,"2 km from Khongsang village(?), road between Tamenglong and Imphal or Nungba, Manipur",08/19/2010 12:00:00 AM,Manipur,"2 km from Khongsang village(?), road between Tamenglong and Imphal or Nungba, Manipur",24.8961,93.4957,mudslide,downpour,0,0,True,0.9565,5.0,Very High (80-100%)
NASA_GLC_4552,NASA_GLC,"Takdah, West Bengal",09/14/2012 12:00:00 AM,Sikkim,"Takdah, West Bengal",27.0377,88.3603,landslide,downpour,0,0,False,,,Unclassified
NASA_GLC_1099,NASA_GLC,"Takti,(near Chukha) along Phuentsholing-Thimphu highway ",08/18/2009 01:00:00 PM,Chhukha,"Takti,(near Chukha) along Phuentsholing-Thimphu highway ",27.044,89.5744,landslide,downpour,1,0,False,,,Unclassified
NASA_GLC_6016,NASA_GLC,"Satgarakul Village, Karimganj, Assam State",05-09-2014 23:00,Assam,"Satgarakul Village, Karimganj, Assam State",24.8669,92.3576,landslide,rain,7,0,True,0.0553,1.0,Very Low (0-20%)
NASA_GLC_215,NASA_GLC,Phesema area at National Highway 39,08/28/2007 12:00:00 AM,Nāgāland,Phesema area at National Highway 39,25.7428,93.9136,landslide,rain,1,0,True,0.0685,1.0,Very Low (0-20%)
NASA_GLC_7044,NASA_GLC,Harkate-Kiteni section of Mechi highway,07-01-2015 09:00,Eastern Region,Harkate-Kiteni section of Mechi highway,26.8366,88.0839,landslide,downpour,0,0,False,,,Unclassified
NASA_GLC_5533,NASA_GLC,"Kalimpong, West Bengal",09/16/2013 03:00:00 PM,Bengal,"Kalimpong, West Bengal",27.0599,88.4674,landslide,downpour,1,0,False,,,Unclassified
NASA_GLC_7780,NASA_GLC,Sailam village,08/26/2015 12:00:00 AM,Mizoram,Sailam village,23.3572,92.7878,landslide,continuous_rain,1,0,True,,5.0,Very High (80-100%)
NASA_GLC_2281,NASA_GLC,"Kisima, Nagaland",08/19/2010 06:00:00 PM,Nāgāland,"Kisima, Nagaland",25.61560252,94.11603493,landslide,downpour,0,0,True,0.9714,5.0,Very High (80-100%)
NASA_GLC_1996,NASA_GLC,"Shayoung Ward(?), Longleng, Nagaland",06/17/2010 07:30:00 PM,Nāgāland,"Shayoung Ward(?), Longleng, Nagaland",26.4333,94.8833,landslide,downpour,0,0,True,,2.0,Low (20-40%)
NASA_GLC_260,NASA_GLC,"National Highway 31A, between Singtam and Rangpo",09-11-2007 00:00,nan,"National Highway 31A, between Singtam and Rangpo",27.2084,88.4909,debris_flow,rain,0,0,True,,5.0,Very High (80-100%)
NASA_GLC_6283,NASA_GLC,Dakhingaon,09/22/2014 12:00:00 AM,Assam,Dakhingaon,26.1314,91.7548,landslide,rain,0,0,True,0.0242,1.0,Very Low (0-20%)
NASA_GLC_8930,NASA_GLC,"North Point Colony, Akuluto, Nagaland, India",07-11-2016 23:00,Nagaland,"North Point Colony, Akuluto, Nagaland, India",26.1699,94.4922,landslide,unknown,0,0,True,0.8747,5.0,Very High (80-100%)
NASA_GLC_869,NASA_GLC,North Lakhimpur ,10/29/2008 12:00:00 AM,Assam,North Lakhimpur ,27.2333,94.1167,landslide,downpour,0,0,True,0.0074,1.0,Very Low (0-20%)
NASA_GLC_6656,NASA_GLC,"Mawmaungbon village, Hpakant",01-06-2015 19:05,Kachin,"Mawmaungbon village, Hpakant",25.6172,96.3005,other,downpour,4,0,False,,,Unclassified
NASA_GLC_285,NASA_GLC,"National Highway, 45 Aizwal (Mizoram)",09/29/2007 12:00:00 AM,Mizoram,"National Highway, 45 Aizwal (Mizoram)",24.1293,92.6921,landslide,rain,0,0,True,,5.0,Very High (80-100%)
NASA_GLC_3662,NASA_GLC,"Ikou-Gangpijang road, near: Ikou, Saikul, and Gangpijang; Imphal India",06/28/2011 12:00:00 AM,Manipur,"Ikou-Gangpijang road, near: Ikou, Saikul, and Gangpijang; Imphal India",25.03561729,94.0144205,landslide,rain,0,0,True,0.8445,5.0,Very High (80-100%)
NASA_GLC_5427,NASA_GLC,"Koide Government High School, Senapati, Manipur",08/15/2013 12:00:00 AM,Nāgāland,"Koide Government High School, Senapati, Manipur",25.3833,94.1884,landslide,downpour,0,0,True,,5.0,Very High (80-100%)
NASA_GLC_8339,NASA_GLC,Kamakhya Temple,09/23/2015 12:00:00 AM,Assam,Kamakhya Temple,26.1666,91.7042,landslide,continuous_rain,0,0,True,0.1348,1.0,Very Low (0-20%)
NASA_GLC_4905,NASA_GLC,"Kuthur – Huker Road Via Y Anner, Chessore, Nagaland",06-07-2013 00:00,Nāgāland,"Kuthur – Huker Road Via Y Anner, Chessore, Nagaland",26.0977,94.7031,landslide,unknown,0,0,True,0.688,4.0,High (60-80%)
NASA_GLC_9186,NASA_GLC,"Imphal-Dimapur road  in Tadubi, Senapati district, Manipur, India",07/25/2016 12:30:00 PM,Manipur,"Imphal-Dimapur road  in Tadubi, Senapati district, Manipur, India",25.48,94.1383,landslide,continuous_rain,0,1,True,0.9888,5.0,Very High (80-100%)
NASA_GLC_8955,NASA_GLC,Companiganj upazila of Sylhet district,11/16/2015 12:00:00 AM,Sylhet,Companiganj upazila of Sylhet district,25.0821,91.7783,landslide,unknown,1,0,False,,,Unclassified
NASA_GLC_5107,NASA_GLC,"National Highway 29 Near Phesama Village, Nagaland",07/15/2013 12:00:00 AM,Nāgāland,"National Highway 29 Near Phesama Village, Nagaland",25.6269,94.1139,landslide,rain,0,0,True,0.9895,5.0,Very High (80-100%)
NASA_GLC_6792,NASA_GLC,Bholaganj stone quarry in Companyganj upazila,02/22/2015 08:30:00 PM,Sylhet,Bholaganj stone quarry in Companyganj upazila,25.1472,91.7483,mudslide,mining,4,0,False,,,Unclassified
NASA_GLC_7253,NASA_GLC,Lakhipur,07/22/2015 12:00:00 AM,Assam,Lakhipur,24.7979,92.9974,landslide,continuous_rain,5,0,True,,1.0,Very Low (0-20%)
NASA_GLC_1089,NASA_GLC,"Gourishankar tea estate premises, Darjeeling, West Bengal",08/16/2009 01:30:00 AM,Bengal,"Gourishankar tea estate premises, Darjeeling, West Bengal",26.7914,88.363,landslide,downpour,4,0,False,,,Unclassified
NASA_GLC_6286,NASA_GLC,Garchuk,09/22/2014 12:00:00 AM,Assam,Garchuk,26.1044,91.7082,landslide,rain,0,0,True,0.0008,1.0,Very Low (0-20%)
NASA_GLC_7040,NASA_GLC,Sukhiapokhari,07-01-2015 00:00,West Bengal,Sukhiapokhari,26.9978,88.167,landslide,downpour,1,0,False,,,Unclassified
NASA_GLC_6782,NASA_GLC,NH55 at Tindharia,09/28/2011 12:00:00 AM,West Bengal,NH55 at Tindharia,26.8545,88.3372,landslide,rain,0,0,False,,,Unclassified
NASA_GLC_594,NASA_GLC,"Namkaoluang village, Tamenglong-Sangrung (Khongsang) road, NH-53, Manipur",06/19/2008 12:00:00 AM,Manipur,"Namkaoluang village, Tamenglong-Sangrung (Khongsang) road, NH-53, Manipur",24.9336,93.8275,mudslide,monsoon,0,0,True,,5.0,Very High (80-100%)
NASA_GLC_5337,NASA_GLC,"Yakshu, Nagaland",08/16/2013 12:00:00 AM,Nāgāland,"Yakshu, Nagaland",26.4205,94.9731,landslide,rain,0,0,True,0.545,3.0,Moderate (40-60%)
NASA_GLC_3881,NASA_GLC,Itanagar,08-05-2011 00:00,Arunāchal Pradesh,Itanagar,27.1034,93.6885,landslide,downpour,0,0,True,0.0489,1.0,Very Low (0-20%)
NASA_GLC_3925,NASA_GLC,"East Kameng, Arunachal Pradesh",08/15/2011 12:00:00 AM,Arunāchal Pradesh,"East Kameng, Arunachal Pradesh",27.4888,93.0153,landslide,downpour,0,0,True,0.9046,5.0,Very High (80-100%)
NASA_GLC_7383,NASA_GLC,"Tuitung village, Khengjoi",08-01-2015 00:00,Manipur,"Tuitung village, Khengjoi",23.899,94.1434,landslide,rain,0,0,True,0.1086,1.0,Very Low (0-20%)
NASA_GLC_8900,NASA_GLC,"Imphal-Ukhrul sector of National Highway 102, Manipur, India",07-07-2016 00:00,Manipur,"Imphal-Ukhrul sector of National Highway 102, Manipur, India",25.0118,94.3136,landslide,monsoon,0,0,True,0.9594,5.0,Very High (80-100%)
NASA_GLC_4757,NASA_GLC,"East Siang, Arunachal Pradesh",02/18/2013 12:00:00 AM,Arunāchal Pradesh,"East Siang, Arunachal Pradesh",28.1193,95.1645,landslide,rain,3,2,True,,5.0,Very High (80-100%)
NASA_GLC_4579,NASA_GLC,"Mechi Highway, Kolbung VDC,Ilam ",10-01-2012 00:00,Eastern Region,"Mechi Highway, Kolbung VDC,Ilam ",26.8016,88.0499,landslide,downpour,11,0,False,,,Unclassified
NASA_GLC_7666,NASA_GLC,Tousem,08-11-2015 00:00,Manipur,Tousem,25.1019,93.3729,landslide,continuous_rain,0,0,True,,5.0,Very High (80-100%)
NASA_GLC_4432,NASA_GLC,Chittagong,06/24/2012 12:00:00 AM,Chittagong,Chittagong,22.3312,91.8252,landslide,downpour,31,0,False,,,Unclassified
NASA_GLC_9308,NASA_GLC,Sylhet,02/16/2016 11:00:00 PM,Sylhet,Sylhet,24.9007,91.8644,rock_fall,mining,1,1,False,,,Unclassified
NASA_GLC_3813,NASA_GLC,National Highway 31A in West Bengal's Darjeeling district,07/20/2011 12:00:00 AM,Bengal,National Highway 31A in West Bengal's Darjeeling district,27.1141,88.4658,landslide,rain,0,0,True,0.9585,5.0,Very High (80-100%)
NASA_GLC_2113,NASA_GLC,"Singtam-Mangan rd, Sikkim",07/21/2010 08:00:00 AM,Sikkim,"Singtam-Mangan rd, Sikkim",27.3773,88.559,landslide,downpour,0,0,True,0.9766,5.0,Very High (80-100%)
NASA_GLC_2045,NASA_GLC,"Tuensang, Nagaland",07-06-2010 00:00,Nāgāland,"Tuensang, Nagaland",26.2363,94.8133,mudslide,monsoon,0,0,True,0.9858,5.0,Very High (80-100%)
NASA_GLC_7701,NASA_GLC,Phesama,08/19/2015 03:00:00 PM,Nagaland,Phesama,25.6278,94.1051,landslide,continuous_rain,0,0,True,0.954,5.0,Very High (80-100%)
NASA_GLC_9321,NASA_GLC,"Jangle Salimpur area, Sitakunda upazila, Chittagong, Balngladesh",05/21/2016 09:00:00 AM,Chittagong,"Jangle Salimpur area, Sitakunda upazila, Chittagong, Balngladesh",22.6239,91.6743,landslide,tropical_cyclone,2,0,False,,,Unclassified
NASA_GLC_2422,NASA_GLC,"Hunthar Veng, Mizoram",09/13/2010 12:00:00 AM,Mizoram,"Hunthar Veng, Mizoram",23.74182634,92.7141905,landslide,downpour,0,0,True,0.9715,5.0,Very High (80-100%)
NASA_GLC_6513,NASA_GLC,Sabroom,08/14/2014 11:00:00 PM,Tripura,Sabroom,23.0137,91.7174,mudslide,downpour,3,0,True,,1.0,Very Low (0-20%)
NASA_GLC_318,NASA_GLC,Madamdevihat in Chittagong and Dolhajra in Chokoria upazila,10/19/2007 12:00:00 AM,Chittagong,Madamdevihat in Chittagong and Dolhajra in Chokoria upazila,22.894,91.5327,landslide,unknown,0,0,False,,,Unclassified
NASA_GLC_4990,NASA_GLC,"Near Changu Lake, 15Km Away From Nathu La, On India-China Border In Eastern Sikkim",06/27/2013 11:00:00 PM,Sikkim,"Near Changu Lake, 15Km Away From Nathu La, On India-China Border In Eastern Sikkim",27.3765,88.7628,landslide,downpour,0,0,True,0.9074,5.0,Very High (80-100%)
NASA_GLC_2248,NASA_GLC,"Noklak-Tuensang road, Nagaland",08/14/2010 12:00:00 AM,Nāgāland,"Noklak-Tuensang road, Nagaland",26.222,94.9152,landslide,downpour,0,0,True,0.8822,5.0,Very High (80-100%)
NASA_GLC_5268,NASA_GLC,"Zunheboto, Nagaland",08-04-2013 00:00,Nāgāland,"Zunheboto, Nagaland",26.0137,94.5163,landslide,continuous_rain,0,0,True,,5.0,Very High (80-100%)
NASA_GLC_6106,NASA_GLC,Narakasur,06/26/2014 11:00:00 PM,Assam,Narakasur,26.1407,91.7645,landslide,continuous_rain,3,0,True,0.0761,1.0,Very Low (0-20%)
NASA_GLC_3965,NASA_GLC,NH 37 at Awang Khul ,09-06-2011 08:00,Assam,NH 37 at Awang Khul ,24.808,93.117,landslide,rain,3,0,True,,1.0,Very Low (0-20%)
NASA_GLC_7838,NASA_GLC,the state highway which links the rest of the state to eastern Champhai district,08/27/2015 12:00:00 AM,nan,the state highway which links the rest of the state to eastern Champhai district,23.6866,93.017,landslide,downpour,0,0,True,0.8592,5.0,Very High (80-100%)
NASA_GLC_1092,NASA_GLC,near the Rohini-Sirubari road,08/16/2009 09:00:00 AM,Bengal,near the Rohini-Sirubari road,26.74452462,88.40011959,landslide,downpour,1,0,False,,,Unclassified
NASA_GLC_1111,NASA_GLC,"Melli Chalisey, Sikkim",08/20/2009 12:00:00 AM,Bengal,"Melli Chalisey, Sikkim",27.1344,88.4575,landslide,downpour,0,0,True,0.5699,3.0,Moderate (40-60%)
NASA_GLC_7035,NASA_GLC,Mahindra,06/30/2015 12:00:00 AM,West Bengal,Mahindra,25.4243,88.2746,landslide,downpour,3,0,False,,,Unclassified
NASA_GLC_6969,NASA_GLC,"Nakham Bazaar, Tura, Meghalaya",06/16/2015 06:15:00 AM,Meghalaya,"Nakham Bazaar, Tura, Meghalaya",25.5114,90.215,landslide,downpour,4,0,True,0.8599,5.0,Very High (80-100%)
NASA_GLC_2044,NASA_GLC,"Kiphire,  Nagaland",07-06-2010 00:00,Nāgāland,"Kiphire,  Nagaland",25.8877,94.7861,mudslide,monsoon,0,0,True,0.9304,5.0,Very High (80-100%)
NASA_GLC_2587,NASA_GLC,"Lower Chandmari area, PWD department, Kohima, Manipur",10-10-2010 06:00,Nāgāland,"Lower Chandmari area, PWD department, Kohima, Manipur",25.6623,94.1072,landslide,downpour,0,0,True,0.8931,5.0,Very High (80-100%)
NASA_GLC_8684,NASA_GLC,"Kamrup district, Assam, India",07-07-2016 00:00,Assam,"Kamrup district, Assam, India",25.9611,91.3681,landslide,continuous_rain,2,2,True,,1.0,Very Low (0-20%)
NASA_GLC_1596,NASA_GLC,"LangthAbal Khoupum, Imphal, Manipur",03/27/2010 08:00:00 PM,Manipur,"LangthAbal Khoupum, Imphal, Manipur",24.7339,93.9161,mudslide,downpour,0,0,True,0.4443,3.0,Moderate (40-60%)
NASA_GLC_3680,NASA_GLC,"Batali, Chittagong",07-01-2011 06:00,Chittagong,"Batali, Chittagong",22.344,91.8161,landslide,downpour,17,0,False,,,Unclassified
NASA_GLC_1771,NASA_GLC,"Raj Bhavan Guwahati, Assam",04/20/2010 12:00:00 AM,Assam,"Raj Bhavan Guwahati, Assam",26.1978,91.7665,landslide,downpour,0,0,True,0.0138,1.0,Very Low (0-20%)
NASA_GLC_7364,NASA_GLC,Phungyar road,07/31/2015 09:00:00 AM,Manipur,Phungyar road,24.819,94.3551,landslide,continuous_rain,0,0,True,,5.0,Very High (80-100%)
NASA_GLC_10007,NASA_GLC,Landslide in Chandmari,07-10-2017 14:21,nan,"Chandmari, Guwahati, Kamrup Metropolitan, Assam, 781003",26.19037705,91.77306002,landslide,continuous_rain,0,0,True,0.0592,1.0,Very Low (0-20%)
NASA_GLC_6968,NASA_GLC,"Ratacherra village along the NH-44 connecting to Barak Valley in Assam and Tripura, Meghalaya, Mizoramon",06/13/2015 12:00:00 AM,Meghalaya,"Ratacherra village along the NH-44 connecting to Barak Valley in Assam and Tripura, Meghalaya, Mizoramon",25.463,92.2121,landslide,continuous_rain,4,2,True,,4.0,High (60-80%)
NASA_GLC_7373,NASA_GLC,between Maku village and Kamjong sub division,08-01-2015 00:00,Manipur,between Maku village and Kamjong sub division,24.9111,94.4759,landslide,continuous_rain,0,0,True,,5.0,Very High (80-100%)
NASA_GLC_4570,NASA_GLC, Arunachal Pradesh ,09/19/2012 12:00:00 AM,Arunāchal Pradesh, Arunachal Pradesh ,27.8458,95.2253,landslide,downpour,0,0,True,,1.0,Very Low (0-20%)
NASA_GLC_1935,NASA_GLC,"atharamura hills, Highway 44, Tripura",06-03-2010 00:00,Tripura,"atharamura hills, Highway 44, Tripura",23.8986,91.7599,landslide,downpour,0,0,True,,5.0,Very High (80-100%)
NASA_GLC_2577,NASA_GLC,"NH-39 near Khongnem(?) village, between Imphal and Dimapur, Manipur",10-09-2010 00:00,Nāgāland,"NH-39 near Khongnem(?) village, between Imphal and Dimapur, Manipur",25.5265,93.8673,landslide,downpour,0,0,True,,5.0,Very High (80-100%)
NASA_GLC_7276,NASA_GLC,"Dispur : According to report, a huge hillock slipped into the house after heavy rain where Dinesh Bodo along with his wife and daughter lived in. Thi*",07/25/2015 09:00:00 AM,Assam,nan,26.1062,91.8717,landslide,continuous_rain,2,0,True,0.02,1.0,Very Low (0-20%)
NASA_GLC_10008,NASA_GLC,"Landslide at Jirmale, Ilam Province, Nepal",08-09-2016 04:00,nan,"Jirmale, Ilam Province, Nepal",26.7973,88.1389,landslide,continuous_rain,0,0,False,,,Unclassified
NASA_GLC_2576,NASA_GLC,"NH-39 at Tobio village(?), 7 km form Tadubi, Manipur",10-09-2010 00:00,Nāgāland,"NH-39 at Tobio village(?), 7 km form Tadubi, Manipur",25.4788,94.1399,landslide,downpour,0,0,True,0.9691,5.0,Very High (80-100%)
NASA_GLC_1102,NASA_GLC,"Sombaria, West Sikkim",08/19/2009 08:30:00 PM,nan,"Sombaria, West Sikkim",27.2644,88.1365,landslide,downpour,2,0,True,0.9166,5.0,Very High (80-100%)
NASA_GLC_1056,NASA_GLC,"Darjeeling, West Bengal ",07/22/2009 12:00:00 AM,Bengal,"Darjeeling, West Bengal ",27.04,88.264,landslide,downpour,0,0,False,,,Unclassified
NASA_GLC_6124,NASA_GLC,"Hpakan, Kachin",07-04-2014 00:00,Kachin,"Hpakan, Kachin",25.6157,96.3167,landslide,rain,70,100,False,,,Unclassified
NASA_GLC_6293,NASA_GLC,South West Garo Hills,10/20/2014 12:00:00 AM,Meghalaya,South West Garo Hills,25.5006,90.0896,landslide,rain,6,0,True,0.151,1.0,Very Low (0-20%)
NASA_GLC_4858,NASA_GLC,"Nursery, North Guwahati, Guwahati, Assam,",05-11-2013 09:00,Assam,"Nursery, North Guwahati, Guwahati, Assam,",26.1662,91.7138,landslide,rain,0,0,True,0.0512,1.0,Very Low (0-20%)
NASA_GLC_5269,NASA_GLC,"Tizu, Nagaland",08-04-2013 00:00,Nāgāland,"Tizu, Nagaland",25.8376,94.5234,landslide,continuous_rain,0,0,True,,1.0,Very Low (0-20%)
NASA_GLC_5270,NASA_GLC,"Phizo, Nagaland",08-04-2013 00:00,Nāgāland,"Phizo, Nagaland",26.0481,94.4619,landslide,continuous_rain,0,0,True,,3.0,Moderate (40-60%)
NASA_GLC_4743,NASA_GLC,"Sitakunda, Chittagong Division,",01/30/2013 12:00:00 AM,Chittagong,"Sitakunda, Chittagong Division,",22.6205,91.6591,landslide,rain,0,0,False,,,Unclassified
NASA_GLC_6284,NASA_GLC,Batahghuli,09/22/2014 12:00:00 AM,Assam,Batahghuli,26.1324,91.8342,landslide,rain,0,1,True,0.0936,1.0,Very Low (0-20%)
NASA_GLC_4394,NASA_GLC,"Rolep, South Sikkim( Mapping to Rhenock 12 miles from Rolep)",06-07-2012 04:30,Sikkim,"Rolep, South Sikkim( Mapping to Rhenock 12 miles from Rolep)",27.1748,88.6458,landslide,rain,7,0,True,0.718,4.0,High (60-80%)
NASA_GLC_6146,NASA_GLC,"Kalimpong, West Bengal",07/15/2014 12:00:00 AM,West Bengal,"Kalimpong, West Bengal",27.059,88.4694,landslide,rain,0,0,False,,,Unclassified
NASA_GLC_9251,NASA_GLC,"Government Middle School (GMS) Kiphire station “B”, Kiphire, Nagaland, India",07/28/2016 11:00:00 PM,Nagaland,"Government Middle School (GMS) Kiphire station “B”, Kiphire, Nagaland, India",25.8702,94.7844,landslide,downpour,0,0,True,,4.0,High (60-80%)
NASA_GLC_7699,NASA_GLC,Zunheboto district,08/19/2015 12:00:00 AM,Nagaland,Zunheboto district,26.0214,94.5224,landslide,continuous_rain,0,0,True,,4.0,High (60-80%)
NASA_GLC_7664,NASA_GLC,Nungba,08-11-2015 00:00,Manipur,Nungba,24.7459,93.4251,landslide,continuous_rain,0,0,True,0.7092,4.0,High (60-80%)
NASA_GLC_3816,NASA_GLC,"Bagochen near, Trongsa near, Bumthang, Bhutan",07/21/2011 11:00:00 PM,Tongsa,"Bagochen near, Trongsa near, Bumthang, Bhutan",27.5003,90.5081,landslide,downpour,1,0,False,,,Unclassified
NASA_GLC_1088,NASA_GLC,"Kerseong, Sub-division, Siliguri district, West Bengal",08/16/2009 02:00:00 AM,Bengal,"Kerseong, Sub-division, Siliguri district, West Bengal",26.8867642,88.28044714,landslide,downpour,5,0,False,,,Unclassified
NASA_GLC_10972,NASA_GLC,Landslide at Noonmati Nijarapar,12/15/2016 02:22:00 PM,nan,"Noonmati Nijarapar, Assam, India",26.191688,91.810079,landslide,unknown,1,0,True,0.1018,1.0,Very Low (0-20%)
NASA_GLC_7589,NASA_GLC,National Highway 44,08/19/2015 12:00:00 AM,Meghalaya,National Highway 44,25.2568,92.3825,landslide,rain,0,0,True,,5.0,Very High (80-100%)
NASA_GLC_7887,NASA_GLC,Hawai,08/16/2015 12:00:00 AM,Arunachal Pradesh,Hawai,27.8835,96.9262,landslide,continuous_rain,0,0,True,,5.0,Very High (80-100%)
NASA_GLC_9404,NASA_GLC,"Hayuliang, Anjaw district,Arunachal Pradesh, India",05-01-2016 00:00,Arunachal Pradesh,"Hayuliang, Anjaw district,Arunachal Pradesh, India",28.0822,96.5316,landslide,downpour,0,0,True,0.8149,5.0,Very High (80-100%)
NASA_GLC_7283,NASA_GLC,"Manila Hill, Chittagong District Shilpakala Academy",07/26/2015 07:00:00 AM,Chittagong,"Manila Hill, Chittagong District Shilpakala Academy",22.4254,91.8022,landslide,continuous_rain,0,0,False,,,Unclassified
NASA_GLC_6287,NASA_GLC,Dhirenpara,09/22/2014 12:00:00 AM,Assam,Dhirenpara,26.1295,91.7056,landslide,rain,0,0,True,0.0063,1.0,Very Low (0-20%)
NASA_GLC_2296,NASA_GLC,"many locations around Namchi, Sikkim",08/20/2010 12:00:00 AM,Sikkim,"many locations around Namchi, Sikkim",27.167,88.3652,complex,downpour,0,0,True,,5.0,Very High (80-100%)
NASA_GLC_9309,NASA_GLC,"Hpakant, Kachin State, Myanmar",05/23/2016 08:15:00 PM,Kachin,"Hpakant, Kachin State, Myanmar",25.6127,96.2961,landslide,downpour,14,10,False,,,Unclassified
NASA_GLC_2304,NASA_GLC,"NH 39 at Kigwema(?), between Mao Gate and Kohima, Nagaland",08/21/2010 06:00:00 PM,Nāgāland,"NH 39 at Kigwema(?), between Mao Gate and Kohima, Nagaland",25.5718,94.1211,landslide,downpour,0,0,True,0.922,5.0,Very High (80-100%)
NASA_GLC_5273,NASA_GLC,"Zhekuto, Nagaland",08-04-2013 00:00,Nāgāland,"Zhekuto, Nagaland",26.1807,94.5497,landslide,monsoon,0,0,True,0.9889,5.0,Very High (80-100%)
NASA_GLC_1125,NASA_GLC,"17th Mile towards Tsomgo Lake, near Kyongsala, Sikkim ",08/26/2009 12:00:00 AM,Sikkim,"17th Mile towards Tsomgo Lake, near Kyongsala, Sikkim ",27.3746,88.7648,landslide,rain,0,0,True,0.5479,3.0,Moderate (40-60%)
NASA_GLC_8995,NASA_GLC,"Noonmati Nijarapar area of the city, Guwahati, Assam, India",07/14/2016 12:00:00 AM,Assam,"Noonmati Nijarapar area of the city, Guwahati, Assam, India",26.1963,91.8074,landslide,monsoon,1,0,True,0.0286,1.0,Very Low (0-20%)
NASA_GLC_2112,NASA_GLC,"Zang(?), east Sikkim",07/21/2010 08:00:00 AM,nan,"Zang(?), east Sikkim",27.5509,88.6475,landslide,downpour,0,0,True,0.9862,5.0,Very High (80-100%)
NASA_GLC_7023,NASA_GLC,"Dakkhin Para, Banshkhali upazila of Chittagong",06-01-2015 14:00,Chittagong,"Dakkhin Para, Banshkhali upazila of Chittagong",22.0104,91.9538,landslide,mining,2,1,False,,,Unclassified
NASA_GLC_7313,NASA_GLC,Joumol of Chandel district,08-01-2015 06:30,Chin,Joumol of Chandel district,24.1077,94.0396,landslide,continuous_rain,21,0,True,0.9642,5.0,Very High (80-100%)
NASA_GLC_2567,NASA_GLC,"Phek, Manipur",10-08-2010 00:00,Manipur,"Phek, Manipur",25.6633,94.4703,complex,downpour,0,0,True,,5.0,Very High (80-100%)
NASA_GLC_241,NASA_GLC,"National Highway 31A between Rangpo and Tarkhola, in East Sikkim",09-07-2007 00:00,nan,"National Highway 31A between Rangpo and Tarkhola, in East Sikkim",27.201,88.4883,landslide,rain,0,0,True,,5.0,Very High (80-100%)
NASA_GLC_4392,NASA_GLC,"Dibang, Arunachal Pradesh",06-06-2012 00:00,Tibet Autonomous Region,"Dibang, Arunachal Pradesh",29.2409,95.9761,landslide,downpour,0,0,True,,3.0,Moderate (40-60%)
NASA_GLC_3794,NASA_GLC,West Bengal-Sikkim at highway Rambi,07/17/2011 12:00:00 AM,Sikkim,West Bengal-Sikkim at highway Rambi,26.99195749,88.42280921,landslide,rain,0,0,False,,,Unclassified
NASA_GLC_6285,NASA_GLC,VIP Road,09/22/2014 12:00:00 AM,Assam,VIP Road,26.159,91.8178,landslide,rain,0,0,True,0.0083,1.0,Very Low (0-20%)
NASA_GLC_868,NASA_GLC,"Kamrup, and Sonitpur, Assam",10/29/2008 12:00:00 AM,Assam,"Kamrup, and Sonitpur, Assam",26.3333,91.25,landslide,downpour,7,0,True,,1.0,Very Low (0-20%)
NASA_GLC_5005,NASA_GLC,"Walo Ward, Mon Town, Wokha District, Nagaland",07-01-2013 00:00,Nāgāland,"Walo Ward, Mon Town, Wokha District, Nagaland",26.72,95.029,landslide,downpour,0,0,True,0.8757,5.0,Very High (80-100%)
NASA_GLC_3860,NASA_GLC,"Maram, Manipur",07/29/2011 12:00:00 AM,Nāgāland,"Maram, Manipur",25.4192,94.108,landslide,rain,0,0,True,0.9832,5.0,Very High (80-100%)
NASA_GLC_5476,NASA_GLC,14 Milestone Of J N Marg Near Kyangnosola (East Sikkim),09-07-2013 15:00,Sikkim,14 Milestone Of J N Marg Near Kyangnosola (East Sikkim),27.3736,88.7323,landslide,rain,0,0,True,0.9855,5.0,Very High (80-100%)
NASA_GLC_1032,NASA_GLC,"Rangiabong (Jorbungalow), Darjeeling, West Bengal",05/26/2009 12:00:00 AM,Bengal,"Rangiabong (Jorbungalow), Darjeeling, West Bengal",27.0095,88.2592,landslide,tropical_cyclone,6,0,False,,,Unclassified
NASA_GLC_1127,NASA_GLC,between Mahur and Phaiding railway stations on Barail hills (Mahur and Barail hills located),08/27/2009 12:00:00 AM,Assam,between Mahur and Phaiding railway stations on Barail hills (Mahur and Barail hills located),25.1718,93.123,landslide,downpour,0,0,True,0.8533,5.0,Very High (80-100%)
NASA_GLC_221,NASA_GLC,between Bally Halt and Rajchandrapur stations in Kolkata,08/31/2007 12:00:00 AM,Bengal,between Bally Halt and Rajchandrapur stations in Kolkata,22.6461,88.3403,landslide,rain,0,0,False,,,Unclassified
NASA_GLC_4549,NASA_GLC,"Lamperi, Punakha,",09/14/2012 12:00:00 AM,Thimphu,"Lamperi, Punakha,",27.5205,89.7466,landslide,downpour,0,0,False,,,Unclassified
NASA_GLC_1107,NASA_GLC,"Geetkolbong, Kalimpong sub-division, Darjeeling, West Bengal",08/20/2009 12:00:00 AM,Bengal,"Geetkolbong, Kalimpong sub-division, Darjeeling, West Bengal",27.0736,88.4779,landslide,continuous_rain,1,0,False,,,Unclassified
NASA_GLC_2201,NASA_GLC,"Darjeeling district, West Bengal, Toy Train route",08-05-2010 00:00,Bengal,"Darjeeling district, West Bengal, Toy Train route",27.0366,88.263,landslide,downpour,0,0,False,,,Unclassified
NASA_GLC_5603,NASA_GLC,"Tusom, Manipur",10/13/2013 07:30:00 PM,Manipur,"Tusom, Manipur",25.426,94.6024,mudslide,downpour,0,0,True,,5.0,Very High (80-100%)
NASA_GLC_2042,NASA_GLC,"Zunheboto, Nagaland",07-06-2010 00:00,Nāgāland,"Zunheboto, Nagaland",26.0093,94.5238,mudslide,monsoon,0,0,True,,5.0,Very High (80-100%)
NASA_GLC_5442,NASA_GLC,Arunachal Pradesh,09-02-2013 00:00,Arunāchal Pradesh,Arunachal Pradesh,27.1614,93.7525,landslide,downpour,0,0,True,,3.0,Moderate (40-60%)
NASA_GLC_7933,NASA_GLC,Maligaon,09-01-2015 00:00,Assam,Maligaon,26.1868,91.6739,rock_fall,rain,2,0,True,0.0021,1.0,Very Low (0-20%)
NASA_GLC_3637,NASA_GLC,"Lasumi village in Phek district, Kohima",06/21/2011 12:00:00 AM,Nāgāland,"Lasumi village in Phek district, Kohima",25.51614662,94.2341227,landslide,rain,0,0,True,,5.0,Very High (80-100%)
NASA_GLC_6965,NASA_GLC,"National Highway 31A, Darjeeling Hills",06/17/2015 12:00:00 AM,West Bengal,"National Highway 31A, Darjeeling Hills",27.0257,88.4301,landslide,downpour,0,0,False,,,Unclassified
NASA_GLC_4393,NASA_GLC,"Nathang Maong, Sikkim",06-07-2012 00:00,nan,"Nathang Maong, Sikkim",27.7565,88.632,landslide,downpour,7,0,True,0.818,5.0,Very High (80-100%)
NASA_GLC_3837,NASA_GLC,NH 37,07/24/2011 12:30:00 PM,Assam,NH 37,26.5836,93.0038,landslide,downpour,0,0,True,,1.0,Very Low (0-20%)
NASA_GLC_220,NASA_GLC,"Velnal village, Tamei sub-division and Toribari village (3 kilometer toward Tamei from Kangpokpi)",08/31/2007 12:00:00 AM,Manipur,"Velnal village, Tamei sub-division and Toribari village (3 kilometer toward Tamei from Kangpokpi)",25.1333,93.9667,landslide,rain,0,0,True,0.1082,1.0,Very Low (0-20%)
NASA_GLC_212,NASA_GLC,National Highway No 44 at Sonarpur in Meghalaya,08/26/2007 12:00:00 AM,Meghālaya,National Highway No 44 at Sonarpur in Meghalaya,25.5576,91.8506,complex,rain,0,0,True,,4.0,High (60-80%)
NASA_GLC_7372,NASA_GLC,Naga Gate along the Ukhrul-Imphal route,07/31/2015 11:00:00 PM,Manipur,Naga Gate along the Ukhrul-Imphal route,25.0634,94.3415,mudslide,continuous_rain,0,0,True,0.9693,5.0,Very High (80-100%)
NASA_GLC_2570,NASA_GLC,"Tharon(?) and Langol Tarung villages, Thangmeiband constituency, Imphal, Manipur",10-08-2010 00:00,Manipur,"Tharon(?) and Langol Tarung villages, Thangmeiband constituency, Imphal, Manipur",24.837,93.9128,landslide,downpour,0,0,True,0.6977,4.0,High (60-80%)
NASA_GLC_126,NASA_GLC,Bardang near Singtam,07/16/2007 12:00:00 AM,Sikkim,Bardang near Singtam,27.1499,88.38,mudslide,rain,0,0,True,0.9303,5.0,Very High (80-100%)
NASA_GLC_1168,NASA_GLC,"4th Mile on road between Rongli, Rhenock and Rangpo in East Sikkim.",09/17/2009 12:00:00 AM,Sikkim,"4th Mile on road between Rongli, Rhenock and Rangpo in East Sikkim.",27.1954,88.6115,landslide,rain,0,0,True,0.8031,5.0,Very High (80-100%)
NASA_GLC_3806,NASA_GLC,"Itanagar (one near Pachali power house, one near Heema Hospital, and one nearRomik Colony at P Sector)",07/19/2011 12:00:00 AM,Arunāchal Pradesh,"Itanagar (one near Pachali power house, one near Heema Hospital, and one nearRomik Colony at P Sector)",27.1032,93.6884,landslide,downpour,3,0,True,0.0878,1.0,Very Low (0-20%)
NASA_GLC_7702,NASA_GLC,New Gulshan area under sadar upazila in Bandarban,08/20/2015 12:00:00 AM,nan,New Gulshan area under sadar upazila in Bandarban,22.2092,92.1868,landslide,rain,1,2,False,,,Unclassified
NASA_GLC_2214,NASA_GLC,Dārjiling : The traffic along the National Highway 55 was disrupted on Friday following a heavy rainfall that triggered landslide in the Darjeeling H*,08-06-2010 00:00,Bengal,nan,27.0375,88.2627,landslide,downpour,0,0,False,,,Unclassified
NASA_GLC_2026,NASA_GLC,"Borsorsa(?), West Khasi Hills, Meghalaya",06/28/2010 12:00:00 AM,Meghālaya,"Borsorsa(?), West Khasi Hills, Meghalaya",25.4916,91.2698,landslide,downpour,0,0,True,,5.0,Very High (80-100%)
NASA_GLC_3943,NASA_GLC,"Samathang, Sikkim",08/23/2011 12:00:00 AM,nan,"Samathang, Sikkim",27.13862165,88.22551799,landslide,downpour,5,0,True,0.6571,4.0,High (60-80%)
NASA_GLC_714,NASA_GLC,"Kimin-Ziro road in Papum Pare district, road between Doimukh and Sagalee, Doimukh-Hoj road; Arunachal Pradesh",08/14/2008 12:00:00 AM,Assam,"Kimin-Ziro road in Papum Pare district, road between Doimukh and Sagalee, Doimukh-Hoj road; Arunachal Pradesh",27.163,94.0,landslide,rain,0,0,True,0.0252,1.0,Very Low (0-20%)
NASA_GLC_6110,NASA_GLC,"Bhangagarh, Assam",06/27/2014 12:00:00 AM,Assam,"Bhangagarh, Assam",26.1619,91.7697,landslide,rain,3,0,True,0.27,2.0,Low (20-40%)
NASA_GLC_247,NASA_GLC,"Lower Shajouba village near Tadubi along NH 39, Manipur ",09-08-2007 00:00,Manipur,"Lower Shajouba village near Tadubi along NH 39, Manipur ",25.0604,93.9877,landslide,rain,0,0,True,0.7984,4.0,High (60-80%)
NASA_GLC_4407,NASA_GLC,"NH44, Malidhor area,  Baleswar",06/13/2012 12:00:00 AM,Assam,"NH44, Malidhor area,  Baleswar",25.0951,92.3567,landslide,downpour,0,0,True,0.7694,4.0,High (60-80%)
NASA_GLC_239,NASA_GLC,eight kilometres from Chukha dzong,09-07-2007 00:00,Chhukha,eight kilometres from Chukha dzong,27.0667,89.5833,landslide,rain,2,0,False,,,Unclassified
NASA_GLC_3789,NASA_GLC,Mebua (8 km from Seppa),07/16/2011 12:00:00 AM,Arunāchal Pradesh,Mebua (8 km from Seppa),27.2743,92.9064,landslide,downpour,0,0,True,,4.0,High (60-80%)
NASA_GLC_9618,NASA_GLC,Kalijhora,10/15/2016 12:00:00 AM,West Bengal,Kalijhora,26.9343,88.4486,rock_fall,downpour,0,0,False,,,Unclassified
NASA_GLC_9245,NASA_GLC,Hpakan,01/25/2016 12:00:00 AM,Kachin,Hpakan,25.6226,96.2946,landslide,mining,6,0,False,,,Unclassified
NASA_GLC_6292,NASA_GLC,Hatsingimari,09/23/2014 12:00:00 AM,Assam,Hatsingimari,25.7238,89.9032,landslide,continuous_rain,1,0,True,,1.0,Very Low (0-20%)
NASA_GLC_6783,NASA_GLC,Tindharia railway maintenance shed,07/19/2012 12:00:00 AM,West Bengal,Tindharia railway maintenance shed,26.8546,88.3373,landslide,monsoon,0,0,False,,,Unclassified
NASA_GLC_545,NASA_GLC,"A Cachar District village, near village of Srinager, Assam",05/20/2008 12:00:00 AM,Assam,"A Cachar District village, near village of Srinager, Assam",24.9849,92.8411,mudslide,mining,5,0,True,,3.0,Moderate (40-60%)
NASA_GLC_7265,NASA_GLC,Willong-Yangkhullen stretch,07/22/2015 12:00:00 AM,Manipur,Willong-Yangkhullen stretch,25.5007,93.9854,landslide,continuous_rain,0,0,True,0.9222,5.0,Very High (80-100%)
NASA_GLC_2436,NASA_GLC,"Taithu village, Churanchandpur district, Mizoram, Manipur",09/16/2010 03:00:00 AM,Mizoram,"Taithu village, Churanchandpur district, Mizoram, Manipur",24.3069,93.125,landslide,downpour,0,0,True,,5.0,Very High (80-100%)
NASA_GLC_7727,NASA_GLC,between Phesama and Kuima in Nagaland,08/20/2015 06:00:00 PM,Nagaland,between Phesama and Kuima in Nagaland,25.6263,94.1057,landslide,continuous_rain,0,0,True,0.8737,5.0,Very High (80-100%)
NASA_GLC_758,NASA_GLC,"Dangapong, Shingkhar gewog in Zhemgang",08/29/2008 12:00:00 AM,Shemgang,"Dangapong, Shingkhar gewog in Zhemgang",27.05,90.8,mudslide,rain,0,0,False,,,Unclassified
NASA_GLC_7334,NASA_GLC,Arunachal Pradesh,08/18/2015 12:00:00 AM,Arunachal Pradesh,Arunachal Pradesh,28.1737,94.7596,landslide,unknown,1,0,True,,4.0,High (60-80%)
NASA_GLC_6200,NASA_GLC,Arunachal Pradesh/Itanagar,08/17/2014 12:00:00 AM,Arunachal Pradesh,Arunachal Pradesh/Itanagar,27.0869,93.6086,landslide,downpour,0,0,True,0.6047,4.0,High (60-80%)
NASA_GLC_741,NASA_GLC,Motijharna of Lalkhan Bazar,08/23/2008 04:00:00 PM,Chittagong,Motijharna of Lalkhan Bazar,22.344,91.8188,landslide,downpour,0,0,False,,,Unclassified
NASA_GLC_9617,NASA_GLC,Zero near Kurseong,10/15/2016 12:00:00 AM,West Bengal,Zero near Kurseong,26.888,88.2796,landslide,unknown,0,0,False,,,Unclassified
NASA_GLC_7778,NASA_GLC,Phullen’s main road,08/26/2015 12:00:00 AM,Mizoram,Phullen’s main road,23.8447,93.0514,mudslide,continuous_rain,0,0,True,,5.0,Very High (80-100%)
NASA_GLC_6290,NASA_GLC,Mawbah under Mawprem area,09/23/2014 03:00:00 AM,Meghalaya,Mawbah under Mawprem area,25.5772,91.8666,landslide,continuous_rain,8,1,True,0.6044,4.0,High (60-80%)
NASA_GLC_4408,NASA_GLC,"NH44, Kuliang",06/13/2012 12:00:00 AM,Meghālaya,"NH44, Kuliang",25.5498,92.0757,landslide,downpour,0,0,True,0.9092,5.0,Very High (80-100%)
NASA_GLC_1110,NASA_GLC,"Kurseong, Darjeeling, West Bengal",08/20/2009 08:30:00 PM,Bengal,"Kurseong, Darjeeling, West Bengal",26.88405686,88.28087032,landslide,continuous_rain,0,0,False,,,Unclassified
NASA_GLC_4403,NASA_GLC,"Imphal-Jiribam section of NH-37 , Manipur",06-10-2012 00:00,Manipur,"Imphal-Jiribam section of NH-37 , Manipur",24.8142,93.5444,landslide,downpour,0,0,True,0.9356,5.0,Very High (80-100%)
NASA_GLC_5429,NASA_GLC,Tamabong Village In Sikkim State,09-01-2013 18:00,Sikkim,Tamabong Village In Sikkim State,27.3425,88.2426,landslide,downpour,5,0,True,0.9797,5.0,Very High (80-100%)
NASA_GLC_2140,NASA_GLC,"road between Halfong and Redzol(?) or Silchar, Assam",07/25/2010 12:00:00 AM,Assam,"road between Halfong and Redzol(?) or Silchar, Assam",25.0477,92.801,landslide,downpour,0,0,True,,2.0,Low (20-40%)
NASA_GLC_2243,NASA_GLC,"NH-39 near Kohima Municipality Council(KMC) dumping ground, between Zubza(Sechu) and Kohima, Nagaland",08/13/2010 12:00:00 AM,Nāgāland,"NH-39 near Kohima Municipality Council(KMC) dumping ground, between Zubza(Sechu) and Kohima, Nagaland",25.70223725,94.04619681,landslide,downpour,0,0,True,0.7793,4.0,High (60-80%)
NASA_GLC_9074,NASA_GLC,"Rimbik, Darjeeling, West Bengal state, India",07/20/2016 12:00:00 AM,West Bengal,"Rimbik, Darjeeling, West Bengal state, India",27.1176,88.1069,landslide,downpour,3,0,False,,,Unclassified
NASA_GLC_2554,NASA_GLC,"railroad between Bonchaung and Namhkam stations, Mandalay-Myitkyina railroad",10-06-2010 22:00,Kachin,"railroad between Bonchaung and Namhkam stations, Mandalay-Myitkyina railroad",23.9723,96.8566,landslide,downpour,0,0,False,,,Unclassified
NASA_GLC_9142,NASA_GLC,"lower Majakong Ward, Mokokchung, Nagaland, India",06/14/2016 08:00:00 AM,Nagaland,"lower Majakong Ward, Mokokchung, Nagaland, India",26.3185,94.5247,landslide,continuous_rain,0,0,True,0.9556,5.0,Very High (80-100%)
NASA_GLC_6107,NASA_GLC,Bamunimaidam,06/26/2014 11:00:00 PM,Assam,Bamunimaidam,26.1844,91.7896,landslide,continuous_rain,1,0,True,0.0573,1.0,Very Low (0-20%)
NASA_GLC_255,NASA_GLC,Wamkhu village along the Tengnoupal-Joupi road in Chandel district,09-10-2007 00:00,Manipur,Wamkhu village along the Tengnoupal-Joupi road in Chandel district,24.2451,94.0691,landslide,rain,0,0,True,0.9923,5.0,Very High (80-100%)
NASA_GLC_1882,NASA_GLC,"Thimphu-Phuentsholing highway, at Takti, between Samtse and Punakha ",05/20/2010 12:00:00 AM,Paro,"Thimphu-Phuentsholing highway, at Takti, between Samtse and Punakha ",27.21962595,89.5187916,landslide,downpour,0,0,False,,,Unclassified
NASA_GLC_7660,NASA_GLC,Phesama village,08-12-2015 00:00,Nagaland,Phesama village,25.6237,94.1136,mudslide,continuous_rain,0,0,True,0.942,5.0,Very High (80-100%)
NASA_GLC_7037,NASA_GLC,Kurseong,07-01-2015 00:00,West Bengal,Kurseong,26.8811,88.2779,landslide,downpour,0,0,False,,,Unclassified
NASA_GLC_4556,NASA_GLC,"Namchi to Phongla, Namchi to Melli ,Namchi to Sumbuk",09/16/2012 12:00:00 AM,Sikkim,"Namchi to Phongla, Namchi to Melli ,Namchi to Sumbuk",27.1675,88.3651,landslide,downpour,0,0,True,,5.0,Very High (80-100%)
NASA_GLC_7389,NASA_GLC,between Bongyang and Lokchao along the Imphal-Moreh highway,08-01-2015 00:00,Manipur,between Bongyang and Lokchao along the Imphal-Moreh highway,24.4072,94.0644,landslide,continuous_rain,0,0,True,,5.0,Very High (80-100%)
NASA_GLC_2437,NASA_GLC,"Aizawl-Lengpui rd 3km from Aizawl, Mizoram, Manipur",09/16/2010 12:00:00 AM,Mizoram,"Aizawl-Lengpui rd 3km from Aizawl, Mizoram, Manipur",23.7527,92.694,landslide,downpour,0,0,True,0.9416,5.0,Very High (80-100%)
NASA_GLC_731,NASA_GLC,"Akuk village, Wokha District, Nagaland",08/19/2008 12:00:00 AM,Nāgāland,"Akuk village, Wokha District, Nagaland",26.138,94.25,mudslide,downpour,4,0,True,0.3762,2.0,Low (20-40%)
NASA_GLC_7371,NASA_GLC,near S Lamphei Lamkhai and Sehlon village,08-01-2015 00:00,Manipur,near S Lamphei Lamkhai and Sehlon village,23.9939,94.0573,landslide,continuous_rain,0,0,True,0.9616,5.0,Very High (80-100%)
NASA_GLC_7923,NASA_GLC,Amingaon,09-01-2015 00:00,Assam,Amingaon,26.49349035,91.72137514,landslide,rain,2,0,True,,1.0,Very Low (0-20%)
NASA_GLC_2067,NASA_GLC,"near Takti, Thimphu-Phuentsholing highway",07/13/2010 12:00:00 AM,Paro,"near Takti, Thimphu-Phuentsholing highway",27.21782272,89.51924545,complex,downpour,0,0,False,,,Unclassified
NASA_GLC_5001,NASA_GLC,"Saikatpara Hill Area, Cox'S Bazar Municipality",06/30/2013 06:00:00 AM,Chittagong,"Saikatpara Hill Area, Cox'S Bazar Municipality",21.9907,92.4951,mudslide,downpour,1,1,False,,,Unclassified
NASA_GLC_760,NASA_GLC,"Kohima, Nagaland",08/29/2008 12:00:00 AM,Nāgāland,"Kohima, Nagaland",25.67,94.1066,complex,downpour,0,0,True,0.9903,5.0,Very High (80-100%)
NASA_GLC_2182,NASA_GLC,Dimapur-Imphal highway (NH 39) near Manipur,07/31/2010 09:00:00 AM,Manipur,Dimapur-Imphal highway (NH 39) near Manipur,24.9356,93.8443,landslide,rain,0,0,True,,2.0,Low (20-40%)
NASA_GLC_10005,NASA_GLC,Landslide crushes house,07-06-2017 19:39,nan,"Beltola, Assam State-Meghalaya State border, India",26.10973183,91.80317334,landslide,continuous_rain,0,0,True,0.0091,1.0,Very Low (0-20%)
NASA_GLC_3632,NASA_GLC,"Birik on NH31A, Kalimpong",06/20/2011 08:30:00 PM,Bengal,"Birik on NH31A, Kalimpong",27.0638,88.4659,landslide,rain,0,0,False,,,Unclassified
NASA_GLC_1954,NASA_GLC,"Irang(?) and Barak(?) and Makru(?) on highway 53 between Imphal and Jiribam, Manipur",06-07-2010 00:00,Manipur,"Irang(?) and Barak(?) and Makru(?) on highway 53 between Imphal and Jiribam, Manipur",24.7543,93.5039,landslide,rain,0,0,True,0.3043,2.0,Low (20-40%)
NASA_GLC_6963,NASA_GLC,"Muanna locality, Mizoram",06/19/2015 12:00:00 AM,Mizoram,"Muanna locality, Mizoram",23.7131,92.7362,landslide,rain,0,0,True,0.7771,4.0,High (60-80%)
NASA_GLC_5336,NASA_GLC,"Tobu, Nagaland",08/16/2013 12:00:00 AM,Nāgāland,"Tobu, Nagaland",26.3897,94.9439,landslide,rain,0,0,True,0.9697,5.0,Very High (80-100%)
NASA_GLC_9365,NASA_GLC,Phar Kant Jade Mining,04-02-2016 00:00,Kachin,Phar Kant Jade Mining,25.6219,96.2887,landslide,unknown,104,100,False,,,Unclassified
NASA_GLC_7590,NASA_GLC,Tongseng,08/19/2015 12:00:00 AM,Meghalaya,Tongseng,25.1416,92.3807,landslide,rain,0,0,True,,3.0,Moderate (40-60%)
NASA_GLC_7134,NASA_GLC,Ujirpur barrage 3 under Shibchar upazila in Chapainawabganj,04/19/2015 09:00:00 AM,Rājshāhi,Ujirpur barrage 3 under Shibchar upazila in Chapainawabganj,24.5582,88.1825,mudslide,dam_embankment_collapse,2,0,False,,,Unclassified
NASA_GLC_1222,NASA_GLC,"Chhinga Veng, Aizawl",10-05-2009 00:00,Mizoram,"Chhinga Veng, Aizawl",23.73478778,92.72124394,landslide,downpour,3,0,True,0.9372,5.0,Very High (80-100%)
NASA_GLC_8222,NASA_GLC,"Piyali Phukan Nagar, Guwahati, India",06/22/2016 12:00:00 PM,Assam,"Piyali Phukan Nagar, Guwahati, India",26.1961,91.7825,mudslide,downpour,1,0,True,0.015,1.0,Very Low (0-20%)
NASA_GLC_7706,NASA_GLC,National Highway at Kuliang,08/19/2015 12:00:00 AM,Meghalaya,National Highway at Kuliang,25.0728,92.3636,landslide,rain,0,0,True,0.8233,5.0,Very High (80-100%)
NASA_GLC_9215,NASA_GLC,NH10 in Rangpo,01/14/2016 05:15:00 AM,West Bengal,NH10 in Rangpo,27.1758,88.5294,rock_fall,unknown,1,5,False,,,Unclassified
NASA_GLC_9620,NASA_GLC,Rangpo,10/15/2016 12:00:00 AM,Sikkim,Rangpo,27.172,88.5292,landslide,downpour,0,0,True,0.9655,5.0,Very High (80-100%)
NASA_GLC_8224,NASA_GLC,"Aizawl, Mizoram, India",09/14/2015 01:30:00 AM,Mizoram,"Aizawl, Mizoram, India",23.7313,92.7187,landslide,downpour,0,0,True,0.9651,5.0,Very High (80-100%)
NASA_GLC_614,NASA_GLC,"Kurseong sub division, Mamring",06/29/2008 12:00:00 AM,Bengal,"Kurseong sub division, Mamring",26.89,88.28,landslide,unknown,0,0,False,,,Unclassified
NASA_GLC_1100,NASA_GLC,Sorchen along Phuentsholing-Thimphu highway ,08/18/2009 06:00:00 PM,Chhukha,Sorchen along Phuentsholing-Thimphu highway ,26.8928,89.4497,landslide,downpour,0,0,False,,,Unclassified
NASA_GLC_242,NASA_GLC,"Darjeeling Hills, multiple villages in area (Kurseong, Kalimpong, Bhalukopa, Kukhleinkhani)",09-07-2007 00:00,Bengal,"Darjeeling Hills, multiple villages in area (Kurseong, Kalimpong, Bhalukopa, Kukhleinkhani)",26.8833,88.2833,landslide,rain,0,0,False,,,Unclassified
NASA_GLC_4241,NASA_GLC,Tamei constituency in Tamenlong district,03-04-2012 00:00,Manipur,Tamei constituency in Tamenlong district,25.1604,93.6795,landslide,unknown,0,0,True,,5.0,Very High (80-100%)
NASA_GLC_3898,NASA_GLC,"Bandarban, Bangladesh",08-08-2011 00:00,Chittagong,"Bandarban, Bangladesh",22.2009,92.2168,landslide,rain,2,0,False,,,Unclassified
NASA_GLC_755,NASA_GLC,"Ranka, Sikkim and Louing road",08/28/2008 12:00:00 AM,Sikkim,"Ranka, Sikkim and Louing road",27.337,88.609,landslide,downpour,0,0,True,0.9873,5.0,Very High (80-100%)
NASA_GLC_1756,NASA_GLC,"Nam Nang, Gangtok",04/17/2010 12:00:00 AM,Sikkim,"Nam Nang, Gangtok",27.322,88.6087,landslide,downpour,0,0,True,0.9906,5.0,Very High (80-100%)
NASA_GLC_1930,NASA_GLC,"Anini-Roing road,  Dibang Valley,  Arunachal Pradesh ",05/31/2010 12:00:00 AM,Arunāchal Pradesh,"Anini-Roing road,  Dibang Valley,  Arunachal Pradesh ",28.4298,95.8776,landslide,downpour,0,0,True,,4.0,High (60-80%)
NASA_GLC_9334,NASA_GLC,"Bilaipur, Hailakandi district, Assam, India",05/18/2016 08:00:00 AM,Assam,"Bilaipur, Hailakandi district, Assam, India",24.5204,92.7264,landslide,continuous_rain,2,0,True,,1.0,Very Low (0-20%)
NASA_GLC_8237,NASA_GLC,"Old Inspection Bungalow, Bhalukpong town, West Kameng, Arunachal Pradesh, India",07-01-2016 00:00,Arunachal Pradesh,"Old Inspection Bungalow, Bhalukpong town, West Kameng, Arunachal Pradesh, India",27.0136,92.6351,landslide,downpour,5,3,True,0.2471,2.0,Low (20-40%)
NASA_GLC_4385,NASA_GLC,"lachen, Sikkim",06-03-2012 00:00,nan,"lachen, Sikkim",27.7167,88.5577,landslide,downpour,0,0,True,0.9417,5.0,Very High (80-100%)
NASA_GLC_585,NASA_GLC,"Itanagar-Naharlagun, Arunachal Pradesh",06/14/2008 12:00:00 AM,Arunāchal Pradesh,"Itanagar-Naharlagun, Arunachal Pradesh",27.0998,93.6287,landslide,rain,21,0,True,0.4174,3.0,Moderate (40-60%)
NASA_GLC_4859,NASA_GLC,"Sarania Hills, North Guwahati, Guwahati, Assam,",05-11-2013 00:00,Assam,"Sarania Hills, North Guwahati, Guwahati, Assam,",26.1771,91.7599,landslide,rain,0,1,True,0.1229,1.0,Very Low (0-20%)
NASA_GLC_4436,NASA_GLC,"Khonsa, Arunachal Pradesh",06/25/2012 12:00:00 AM,Arunāchal Pradesh,"Khonsa, Arunachal Pradesh",26.9986,95.4993,landslide,downpour,0,0,True,,1.0,Very Low (0-20%)
NASA_GLC_9428,NASA_GLC,"Thongleng village, Lumla, Tawang, Arunachal Pradesh, India",04/22/2016 09:30:00 PM,nan,"Thongleng village, Lumla, Tawang, Arunachal Pradesh, India",27.5523,91.752,landslide,continuous_rain,2,4,True,,5.0,Very High (80-100%)
NASA_GLC_3916,NASA_GLC,"Chumukedima, Dimapur",08/13/2011 08:00:00 AM,Assam,"Chumukedima, Dimapur",25.7713,93.8067,mudslide,downpour,0,0,True,,1.0,Very Low (0-20%)
NASA_GLC_7034,NASA_GLC,"Lava, Kalimpong",06/30/2015 12:00:00 AM,West Bengal,"Lava, Kalimpong",27.0875,88.6556,landslide,downpour,1,0,False,,,Unclassified
NASA_GLC_7298,NASA_GLC,"Surson Rd, Chittagong",07/27/2015 12:00:00 AM,Chittagong,"Surson Rd, Chittagong",22.3513,91.8295,landslide,continuous_rain,0,0,False,,,Unclassified
NASA_GLC_5250,NASA_GLC,"Polo River At Polosang, Arunachal Pradesh",08-01-2013 00:00,Arunachal Pradesh,"Polo River At Polosang, Arunachal Pradesh",27.8837,93.0515,mudslide,rain,0,0,True,,5.0,Very High (80-100%)
NASA_GLC_3805,NASA_GLC,200 meters from Teesta Bridge towards Siliguri,07/19/2011 12:00:00 AM,Sikkim,200 meters from Teesta Bridge towards Siliguri,27.05374234,88.42572376,landslide,rain,0,0,False,,,Unclassified
NASA_GLC_3738,NASA_GLC,"National Highway 53, Sinam Khul (near Kotlen; ~25 km from Imphal)",07-06-2011 00:00,Manipur,"National Highway 53, Sinam Khul (near Kotlen; ~25 km from Imphal)",24.8063,93.9482,landslide,downpour,6,0,True,0.1349,1.0,Very Low (0-20%)
NASA_GLC_2426,NASA_GLC,"Hual(Hu) village(?), Lunglei-Lawngtlai rd, Mizoram",09/13/2010 12:00:00 AM,Mizoram,"Hual(Hu) village(?), Lunglei-Lawngtlai rd, Mizoram",22.7176,92.8416,landslide,downpour,0,0,True,,2.0,Low (20-40%)
NASA_GLC_1084,NASA_GLC,"Upper Subansiri District, Arunanchal Pradesh",08-12-2009 00:00,Arunāchal Pradesh,"Upper Subansiri District, Arunanchal Pradesh",27.7,92.8,landslide,downpour,0,0,True,,4.0,High (60-80%)
NASA_GLC_7266,NASA_GLC,Yangkhullen-Tamphung road till Nagaland border,07/22/2015 12:00:00 AM,Manipur,Yangkhullen-Tamphung road till Nagaland border,25.5098,93.8794,landslide,continuous_rain,0,0,True,,4.0,High (60-80%)
NASA_GLC_1129,NASA_GLC,"Road stretch from Gammom to Chamu village, under Kamjong block, Ukhrul district, Manipur",08/30/2009 12:00:00 AM,Manipur,"Road stretch from Gammom to Chamu village, under Kamjong block, Ukhrul district, Manipur",24.8628,94.4182,landslide,downpour,0,0,True,,2.0,Low (20-40%)
NASA_GLC_253,NASA_GLC,Nabinagar in Chittagong,09-10-2007 00:00,Chittagong,Nabinagar in Chittagong,23.8917,90.9733,mudslide,rain,2,0,False,,,Unclassified
NASA_GLC_6930,NASA_GLC,beside the mine in Hpakant,03/30/2015 09:00:00 AM,Kachin,beside the mine in Hpakant,25.6115,96.2907,landslide,mining,9,2,False,,,Unclassified
NASA_GLC_2166,NASA_GLC,"Highway 53 at Tupul, Tamenglong district",07/29/2010 12:00:00 AM,Assam,"Highway 53 at Tupul, Tamenglong district",24.9786,93.5027,landslide,downpour,0,0,True,0.9299,5.0,Very High (80-100%)
NASA_GLC_1051,NASA_GLC,"right bank of Phakant-Lonkhin road in Phakant, Myanmar's northern Kachin state",07-04-2009 00:00,Kachin,"right bank of Phakant-Lonkhin road in Phakant, Myanmar's northern Kachin state",26.026,97.3715,landslide,downpour,24,0,False,,,Unclassified
NASA_GLC_213,NASA_GLC,Shillong Road at Kuliang in the Jaintia Hills,08/26/2007 12:00:00 AM,Assam,Shillong Road at Kuliang in the Jaintia Hills,25.2946,92.8339,landslide,rain,0,0,True,0.674,4.0,High (60-80%)
NASA_GLC_4426,NASA_GLC,Lalunggaon near Gorchuk area,06/22/2012 12:00:00 AM,Assam,Lalunggaon near Gorchuk area,26.1226,91.7162,landslide,downpour,3,0,True,0.2363,2.0,Low (20-40%)
NASA_GLC_8366,NASA_GLC,"Shillong, Meghalaya, India",09/23/2015 03:00:00 PM,Meghalaya,"Shillong, Meghalaya, India",25.583,91.893,landslide,downpour,2,1,True,0.9511,5.0,Very High (80-100%)
NASA_GLC_1934,NASA_GLC,Rongpur village under Bhairabhnagar panchayat in Karimganj district,06-03-2010 05:00,Assam,Rongpur village under Bhairabhnagar panchayat in Karimganj district,24.6005,92.3814,landslide,downpour,2,0,True,,2.0,Low (20-40%)
NASA_GLC_7655,NASA_GLC,"Tawang, Arunachal Pradesh",04/22/2016 02:30:00 AM,Arunachal Pradesh,"Tawang, Arunachal Pradesh",27.5799,91.8569,landslide,continuous_rain,17,0,True,,4.0,High (60-80%)
NASA_GLC_9464,NASA_GLC,Babrang village under Jang circle in Tawang district,08-05-2016 00:00,Arunachal Pradesh,Babrang village under Jang circle in Tawang district,27.5754,91.9754,landslide,downpour,0,3,True,0.7781,4.0,High (60-80%)
NASA_GLC_3912,NASA_GLC,East Kameng district in Arunachal Pradesh bordering China,08-12-2011 00:00,Arunāchal Pradesh,East Kameng district in Arunachal Pradesh bordering China,27.44,92.2833,landslide,rain,0,0,True,0.5509,3.0,Moderate (40-60%)
NASA_GLC_5272,NASA_GLC,"Longsa, Nagaland",08-04-2013 00:00,Nāgāland,"Longsa, Nagaland",26.2083,94.5438,landslide,monsoon,0,0,True,0.9608,5.0,Very High (80-100%)
NASA_GLC_580,NASA_GLC,"near Kuloor church, in Manipur along National Highway",06-09-2008 00:00,Manipur,"near Kuloor church, in Manipur along National Highway",24.6596,93.9784,landslide,monsoon,0,0,True,0.0566,1.0,Very Low (0-20%)
NASA_GLC_5575,NASA_GLC,"Chiechama, Nagaland",10-05-2013 23:00,Nāgāland,"Chiechama, Nagaland",25.8266,94.1497,mudslide,continuous_rain,0,0,True,0.8789,5.0,Very High (80-100%)
NASA_GLC_8996,NASA_GLC,"Pub Sarania hill, South Sarania, Guwahati, Assam, India",07/14/2016 12:00:00 AM,Assam,"Pub Sarania hill, South Sarania, Guwahati, Assam, India",26.1768,91.7702,landslide,monsoon,1,0,True,0.4469,3.0,Moderate (40-60%)
NASA_GLC_1613,NASA_GLC,"Koloriang, Kuring Kumey district, Arunachal Pradesh",04-02-2010 23:00,Arunāchal Pradesh,"Koloriang, Kuring Kumey district, Arunachal Pradesh",27.8997,93.3497,mudslide,downpour,12,0,True,,5.0,Very High (80-100%)
NASA_GLC_7138,NASA_GLC,"NH-10, Sepi Jhora, Kalimpong",07-07-2015 00:00,Sikkim,"NH-10, Sepi Jhora, Kalimpong",27.0816,88.4397,landslide,continuous_rain,0,0,True,0.9525,5.0,Very High (80-100%)
NASA_GLC_2084,NASA_GLC,"road between Hsaidaung(?) and Hpakant, Kachin",07/15/2010 12:00:00 AM,Kachin,"road between Hsaidaung(?) and Hpakant, Kachin",25.6167,96.3167,landslide,downpour,0,0,False,,,Unclassified
NASA_GLC_4857,NASA_GLC,"Laipuitland , Aizawl, Mizoram",05-11-2013 09:00,Mizoram,"Laipuitland , Aizawl, Mizoram",23.7281,92.7175,landslide,rain,15,0,True,0.9182,5.0,Very High (80-100%)
NASA_GLC_6945,NASA_GLC,"amei to Kangpokpi via Imphal road, 0.5 km from Tamei, Tamenglang District",06/19/2015 12:00:00 AM,Manipur,"amei to Kangpokpi via Imphal road, 0.5 km from Tamei, Tamenglang District",25.16,93.686,landslide,monsoon,0,0,True,,5.0,Very High (80-100%)
NASA_GLC_1857,NASA_GLC,"National highway 44 at Sunapur and Tongseng in Jaintia Hills district, eastern Meghalaya",05-11-2010 09:00,Meghālaya,"National highway 44 at Sunapur and Tongseng in Jaintia Hills district, eastern Meghalaya",25.3433,92.2897,landslide,downpour,0,0,True,,1.0,Very Low (0-20%)
NASA_GLC_2743,NASA_GLC,"Tawang Monastery, Arunachal Pradesh",11/22/2010 12:00:00 AM,Arunāchal Pradesh,"Tawang Monastery, Arunachal Pradesh",27.5798729,91.85672387,landslide,unknown,0,0,True,0.6553,4.0,High (60-80%)
NASA_GLC_4860,NASA_GLC,"Boragaon, North Guwahati, Guwahati, Assam,",05-11-2013 00:00,Assam,"Boragaon, North Guwahati, Guwahati, Assam,",26.1016,91.6906,landslide,rain,0,0,True,0.0878,1.0,Very Low (0-20%)
NASA_GLC_4845,NASA_GLC,"Kolasib, Saiha, Mizoram,",05-07-2013 00:00,Mizoram,"Kolasib, Saiha, Mizoram,",24.2315,92.6755,mudslide,rain,0,0,True,,3.0,Moderate (40-60%)
NASA_GLC_7363,NASA_GLC,"Limbu Dhura, Tingling",06/30/2015 11:00:00 PM,West Bengal,"Limbu Dhura, Tingling",26.8843,88.1835,landslide,downpour,19,0,False,,,Unclassified
NASA_GLC_1770,NASA_GLC,"Kharghuli, Guwahati, Assam",04/20/2010 12:00:00 AM,Assam,"Kharghuli, Guwahati, Assam",26.1965,91.763,landslide,downpour,0,0,True,0.0615,1.0,Very Low (0-20%)
NASA_GLC_7314,NASA_GLC,Kale valley,08-01-2015 00:00,Chin,Kale valley,23.7736,94.1201,landslide,rain,0,0,False,,,Unclassified
NASA_GLC_7728,NASA_GLC,Natonal Highway in Jorabat area,08/22/2015 09:00:00 AM,Assam,Natonal Highway in Jorabat area,26.1028,91.8806,landslide,continuous_rain,0,0,True,0.364,2.0,Low (20-40%)
NASA_GLC_10024,NASA_GLC,"Landslide on road near Ghokuto village, Nagaland",06/25/2017 01:10:00 PM,nan,"Ghokuto, Nagaland",25.83762589,93.94633448,mudslide,continuous_rain,0,0,True,0.0262,1.0,Very Low (0-20%)
NASA_GLC_5274,NASA_GLC,"Suruhuto Town, Nagaland",08-04-2013 00:00,Nāgāland,"Suruhuto Town, Nagaland",26.0838,94.564,landslide,rain,0,0,True,,5.0,Very High (80-100%)
NASA_GLC_7836,NASA_GLC,"National Highway 54, at Kawnpui town",08/27/2015 12:00:00 AM,Mizoram,"National Highway 54, at Kawnpui town",24.042,92.6724,landslide,downpour,0,0,True,,5.0,Very High (80-100%)
NASA_GLC_3776,NASA_GLC,Itanagar/Naharlagur/Nirjuli,07/15/2011 06:00:00 PM,Arunāchal Pradesh,Itanagar/Naharlagur/Nirjuli,27.125,93.7145,landslide,downpour,0,0,True,0.0222,1.0,Very Low (0-20%)
NASA_GLC_4798,NASA_GLC,"Dibang Valley, Arunachal Pradesh",04-07-2013 00:00,Arunachal Pradesh,"Dibang Valley, Arunachal Pradesh",28.8254,96.1509,landslide,rain,0,0,True,,5.0,Very High (80-100%)
NASA_GLC_7388,NASA_GLC,Senam,08-01-2015 00:00,Manipur,Senam,24.416,94.0984,landslide,continuous_rain,0,0,True,,5.0,Very High (80-100%)
NASA_GLC_5421,NASA_GLC,"Yakshu, Nagaland",08/30/2013 12:00:00 AM,Nāgāland,"Yakshu, Nagaland",26.4205,94.9731,mudslide,unknown,0,0,True,0.545,3.0,Moderate (40-60%)
NASA_GLC_2343,NASA_GLC,"NH-39 at Ekai village(?), 2 km for Tadubi, Manipur",08/27/2010 04:30:00 PM,Nāgāland,"NH-39 at Ekai village(?), 2 km for Tadubi, Manipur",25.4786,94.1327,landslide,downpour,0,0,True,0.9582,5.0,Very High (80-100%)
NASA_GLC_3619,NASA_GLC,"National HWY 31A, Birik (cut off Sikkim)",06/17/2011 07:30:00 PM,nan,"National HWY 31A, Birik (cut off Sikkim)",27.4885,88.4451,mudslide,rain,0,0,True,0.9581,5.0,Very High (80-100%)
NASA_GLC_3683,NASA_GLC,NH-61 between Botsa and Chiechama,07-01-2011 00:00,Nāgāland,NH-61 between Botsa and Chiechama,25.8782,94.1739,landslide,downpour,0,0,True,0.6909,4.0,High (60-80%)
NASA_GLC_9619,NASA_GLC,Namchi,10/15/2016 12:00:00 AM,Sikkim,Namchi,27.1695,88.3664,landslide,rain,0,0,True,,5.0,Very High (80-100%)
NASA_GLC_7591,NASA_GLC,Ratacherra,03/19/2015 12:00:00 AM,Assam,Ratacherra,25.0318,92.4584,landslide,rain,0,0,True,,4.0,High (60-80%)
NASA_GLC_5441,NASA_GLC,"Gosang Village Under Jengging Circle, Arunachal Pradesh",09-02-2013 00:00,Arunāchal Pradesh,"Gosang Village Under Jengging Circle, Arunachal Pradesh",28.611,94.9829,landslide,downpour,0,0,True,,4.0,High (60-80%)
NASA_GLC_9232,NASA_GLC,"Ngur, near Mizoram-Myanmar border, India",07/28/2016 11:00:00 PM,Mizoram,"Ngur, near Mizoram-Myanmar border, India",23.5397,93.3783,landslide,continuous_rain,2,6,True,,5.0,Very High (80-100%)
NASA_GLC_4434,NASA_GLC,"Sonaighuli area near Kahilipara, Guwahati City, Assam",06/25/2012 06:00:00 PM,Assam,"Sonaighuli area near Kahilipara, Guwahati City, Assam",26.1049,91.7369,landslide,downpour,1,0,True,0.0073,1.0,Very Low (0-20%)
NASA_GLC_1090,NASA_GLC,"Malutar tea estate, Darjeeling, West Bengal",08/16/2009 12:00:00 AM,Bengal,"Malutar tea estate, Darjeeling, West Bengal",26.9599,88.268,landslide,downpour,2,0,False,,,Unclassified
NASA_GLC_4378,NASA_GLC,"Arunachal Pradesh, Dibang,",06-02-2012 00:00,Arunachal Pradesh,"Arunachal Pradesh, Dibang,",28.8254,96.1517,landslide,downpour,0,0,True,,5.0,Very High (80-100%)
NASA_GLC_7214,NASA_GLC,Type-IV Colony of Seppa in East Kameng,07/15/2015 08:00:00 AM,Arunachal Pradesh,Type-IV Colony of Seppa in East Kameng,27.36,93.0385,landslide,monsoon,3,0,True,,3.0,Moderate (40-60%)
NASA_GLC_5582,NASA_GLC,"Batahguli, Guwahati, Assam",10-06-2013 12:45,Assam,"Batahguli, Guwahati, Assam",26.1309,91.8383,landslide,downpour,1,0,True,0.1709,1.0,Very Low (0-20%)
NASA_GLC_2405,NASA_GLC,"Mossing(Mosing) village(?), Upper Siang district, Arunachal Pradesh",09-09-2010 23:00,Arunāchal Pradesh,"Mossing(Mosing) village(?), Upper Siang district, Arunachal Pradesh",28.3036,95.4112,landslide,downpour,10,0,True,,5.0,Very High (80-100%)
NASA_GLC_3556,NASA_GLC,"Roads between Tamei(Tamma?), Kangpokpi and Chalwa, Manipur",05/31/2011 02:00:00 PM,Manipur,"Roads between Tamei(Tamma?), Kangpokpi and Chalwa, Manipur",25.1555,93.8474,landslide,continuous_rain,0,0,True,,4.0,High (60-80%)
NASA_GLC_2569,NASA_GLC,"Bungte Chiru village(?), Senapati district, Manipur",10-08-2010 00:00,Nāgāland,"Bungte Chiru village(?), Senapati district, Manipur",25.2745,94.0212,landslide,downpour,0,0,True,0.8556,5.0,Very High (80-100%)
NASA_GLC_2423,NASA_GLC,"road to Kanan Veng from Hunthar Veng, Mizoram",09/13/2010 12:00:00 AM,Mizoram,"road to Kanan Veng from Hunthar Veng, Mizoram",23.73504471,92.71060943,landslide,downpour,0,0,True,0.9634,5.0,Very High (80-100%)
NASA_GLC_3532,NASA_GLC,"Silchar-Haflong rd., at Reko(Rekha )(?), near Harangajao, Barail Hills, Assam",05/24/2011 12:00:00 AM,Assam,"Silchar-Haflong rd., at Reko(Rekha )(?), near Harangajao, Barail Hills, Assam",25.0888,92.8551,complex,downpour,0,0,True,,1.0,Very Low (0-20%)
NASA_GLC_2345,NASA_GLC,"Daragaon(?), Gangtok city, Sikkim",08/27/2010 06:00:00 PM,Sikkim,"Daragaon(?), Gangtok city, Sikkim",27.3392,88.6188,landslide,downpour,0,0,True,0.9846,5.0,Very High (80-100%)
NASA_GLC_7956,NASA_GLC,Byrnihat,09-05-2015 00:00,Meghalaya,Byrnihat,26.048,91.8695,landslide,unknown,0,0,True,0.0295,1.0,Very Low (0-20%)
NASA_GLC_2425,NASA_GLC,"near Tuichang(?) on Tuichang river, Aizawl-Champhai rd, Mizoram",09/13/2010 12:00:00 AM,Mizoram,"near Tuichang(?) on Tuichang river, Aizawl-Champhai rd, Mizoram",23.3439,93.0748,landslide,downpour,0,0,True,,5.0,Very High (80-100%)
NASA_GLC_6970,NASA_GLC,Akonggre,06/16/2015 12:00:00 AM,Meghalaya,Akonggre,25.5084,90.2191,rock_fall,downpour,1,0,True,0.543,3.0,Moderate (40-60%)
NASA_GLC_5312,NASA_GLC,Kangtsung Village,08-11-2013 23:00,Assam,Kangtsung Village,26.7103,94.693,landslide,downpour,0,0,True,,4.0,High (60-80%)
NASA_GLC_1929,NASA_GLC,"North Sikkiim Highway, periphery of Gangtok, Sikkim East district",05/31/2010 11:00:00 PM,Sikkim,"North Sikkiim Highway, periphery of Gangtok, Sikkim East district",27.3543,88.6428,landslide,downpour,0,0,True,0.9735,5.0,Very High (80-100%)
NASA_GLC_2568,NASA_GLC,"Nungba, Tamenglong, Manipur",10-08-2010 00:00,Assam,"Nungba, Tamenglong, Manipur",24.7679,93.4108,landslide,downpour,0,0,True,0.7702,4.0,High (60-80%)
NASA_GLC_7409,NASA_GLC,Meluri Sub-Division in Phek District of Nagaland,08-02-2015 00:00,Nagaland,Meluri Sub-Division in Phek District of Nagaland,25.72,94.6219,landslide,continuous_rain,0,0,True,,5.0,Very High (80-100%)
NASA_GLC_9219,NASA_GLC,"Zunheboto, Nagaland, India",07/26/2016 11:00:00 PM,Nagaland,"Zunheboto, Nagaland, India",26.0101,94.5282,landslide,downpour,0,0,True,,5.0,Very High (80-100%)
NASA_GLC_9027,NASA_GLC,"Jade mine in HmawShan Village in Phakant Township of Kachin State, Myanmar",07-12-2016 00:00,Kachin,"Jade mine in HmawShan Village in Phakant Township of Kachin State, Myanmar",25.6566,96.3495,landslide,mining,4,0,False,,,Unclassified
NASA_GLC_274,NASA_GLC,"Multiple places along 31A, Tarkhola area in Kalimpong district and Sevoke in WB",09/20/2007 12:00:00 AM,Bengal,"Multiple places along 31A, Tarkhola area in Kalimpong district and Sevoke in WB",27.0875,88.4572,landslide,rain,0,0,True,0.8454,5.0,Very High (80-100%)
NASA_GLC_2579,NASA_GLC,"Lower Pezielietsie(Tinpati), Kohima, Manipur",10-09-2010 00:00,Nāgāland,"Lower Pezielietsie(Tinpati), Kohima, Manipur",25.682,94.1076,landslide,downpour,0,0,True,0.9889,5.0,Very High (80-100%)
NASA_GLC_1225,NASA_GLC,"20 districts, with the heaviest showers in southern Bhutan, followed by western Bhutan ",10-06-2009 00:00,Shemgang,"20 districts, with the heaviest showers in southern Bhutan, followed by western Bhutan ",27.0524,90.4997,landslide,downpour,0,0,False,,,Unclassified
NASA_GLC_8223,NASA_GLC,"Aizawl, Mizoram, India",09/14/2015 03:10:00 AM,Mizoram,"Aizawl, Mizoram, India",23.7348,92.7187,landslide,downpour,0,0,True,0.8819,5.0,Very High (80-100%)
NASA_GLC_6753,NASA_GLC,Siddique Nagar in Bandarban Sadar,02-08-2015 12:00,Chittagong,Siddique Nagar in Bandarban Sadar,22.202,92.2217,rock_fall,mining,1,4,False,,,Unclassified
NASA_GLC_2110,NASA_GLC,"Phuntsholing : 22 July, 2010 - Three people have been killed and five others injured in Pasakha and Phuentsholing by landslides and heavy rains, whic*",07/21/2010 02:00:00 AM,Chhukha,nan,26.8599,89.3943,landslide,downpour,3,0,False,,,Unclassified
NASA_GLC_6982,NASA_GLC,Muhona residential area of Sylhet,06-11-2015 09:00,Sylhet,Muhona residential area of Sylhet,24.9016,91.8771,landslide,rain,0,3,False,,,Unclassified
NASA_GLC_720,NASA_GLC,"Bobadan' village, Ruby rich Mogoke (Moegok) town",08/16/2008 12:00:00 AM,Mandalay,"Bobadan' village, Ruby rich Mogoke (Moegok) town",22.9,96.48,landslide,monsoon,6,0,False,,,Unclassified
NASA_GLC_7336,NASA_GLC,NH-62 at Sibbari,08/19/2015 09:00:00 AM,Meghalaya,NH-62 at Sibbari,25.2193,90.5549,landslide,continuous_rain,0,0,True,,3.0,Moderate (40-60%)
NASA_GLC_9252,NASA_GLC,"Dolma Lhakang complex, Lumla, Tawang,  Arunachal Pradesh, India",07/28/2016 12:00:00 AM,Arunachal Pradesh,"Dolma Lhakang complex, Lumla, Tawang,  Arunachal Pradesh, India",27.5748,91.8644,landslide,monsoon,0,0,True,0.7559,4.0,High (60-80%)
NASA_GLC_254,NASA_GLC,Baling Primary School in Trongsa,09-10-2007 00:00,Shemgang,Baling Primary School in Trongsa,27.0971,90.4032,landslide,rain,0,0,False,,,Unclassified
NASA_GLC_582,NASA_GLC,"Mogok, Mandalay Division",06-11-2008 00:00,Mandalay,"Mogok, Mandalay Division",22.9231,96.5016,landslide,downpour,11,0,False,,,Unclassified
NASA_GLC_7038,NASA_GLC,"Khahare Khola, Kurseong",07-01-2015 00:00,West Bengal,"Khahare Khola, Kurseong",26.8781,88.2807,landslide,downpour,0,0,False,,,Unclassified
NASA_GLC_5300,NASA_GLC,"Senapati, Manipur",08-09-2013 00:00,Nāgāland,"Senapati, Manipur",25.318,94.0441,landslide,downpour,0,0,True,0.8977,5.0,Very High (80-100%)
NASA_GLC_7665,NASA_GLC,Khoupum,08-11-2015 00:00,Manipur,Khoupum,24.7016,93.5291,landslide,continuous_rain,0,0,True,0.6141,4.0,High (60-80%)
NASA_GLC_133,NASA_GLC,Beldanga,07/21/2007 12:00:00 AM,Bengal,Beldanga,23.9304,88.2374,landslide,rain,1,0,False,,,Unclassified
NASA_GLC_5218,NASA_GLC,"Lal Khan Bazaar, Chittagong, Chittagong Division",07/28/2013 04:30:00 AM,Chittagong,"Lal Khan Bazaar, Chittagong, Chittagong Division",22.3521,91.8151,landslide,downpour,2,0,False,,,Unclassified
NASA_GLC_1994,NASA_GLC,"rails between Jatinga and Longrangjao(?), Assam",06/16/2010 12:00:00 AM,Assam,"rails between Jatinga and Longrangjao(?), Assam",25.0633,92.8025,landslide,downpour,0,0,True,,1.0,Very Low (0-20%)
NASA_GLC_3760,NASA_GLC,"NH-61, 1 km before reaching Botsa",07-11-2011 09:00,Nāgāland,"NH-61, 1 km before reaching Botsa",25.6703,94.1095,landslide,downpour,0,0,True,0.9796,5.0,Very High (80-100%)
NASA_GLC_1980,NASA_GLC,"Uttarpara Baganboni(?), Naikhangchhari upazila(?), Bandarban",06/15/2010 08:00:00 AM,Chittagong,"Uttarpara Baganboni(?), Naikhangchhari upazila(?), Bandarban",22.0,92.3333,landslide,downpour,4,0,False,,,Unclassified
NASA_GLC_9587,NASA_GLC,between Siliguri and Sevak,10-12-2016 00:00,West Bengal,between Siliguri and Sevak,26.8692,88.4695,landslide,downpour,0,0,False,,,Unclassified
NASA_GLC_1104,NASA_GLC,Mechi Highway at Siteni of Kolbu-9 (Kolbung??),08/19/2009 12:00:00 AM,Eastern Region,Mechi Highway at Siteni of Kolbu-9 (Kolbung??),26.8042,88.125,landslide,downpour,0,0,False,,,Unclassified
NASA_GLC_7223,NASA_GLC,Lal Khan Bazaar,07/19/2015 01:30:00 AM,Chittagong,Lal Khan Bazaar,22.3507,91.8147,other,downpour,3,0,False,,,Unclassified
NASA_GLC_7139,NASA_GLC,Kurseong,07-07-2015 23:00,West Bengal,Kurseong,26.8826,88.2806,landslide,continuous_rain,1,0,False,,,Unclassified
NASA_GLC_2116,NASA_GLC,Phuentsholing-Thimphu highway,07/22/2010 12:00:00 AM,Chhukha,Phuentsholing-Thimphu highway,27.0674,89.5615,landslide,downpour,0,0,False,,,Unclassified
NASA_GLC_692,NASA_GLC,"National Highway-39, Dimapur-Imphal road and another under Kiphire district of Nagaland",08-07-2008 00:00,Nāgāland,"National Highway-39, Dimapur-Imphal road and another under Kiphire district of Nagaland",25.705,94.04,landslide,downpour,0,0,True,0.6441,4.0,High (60-80%)
NASA_GLC_3633,NASA_GLC,Mokokchung,06/20/2011 12:00:00 AM,Nāgāland,Mokokchung,26.3186,94.5121,landslide,downpour,0,0,True,0.9909,5.0,Very High (80-100%)
NASA_GLC_7374,NASA_GLC,Ukhrul town Circular road from Rayotang to Viewland Zone II,08-01-2015 00:00,Manipur,Ukhrul town Circular road from Rayotang to Viewland Zone II,25.1122,94.3591,landslide,continuous_rain,0,0,True,0.993,5.0,Very High (80-100%)
NASA_GLC_4446,NASA_GLC,"Tuting, Upper Siang , Arunachal Pradesh",07-05-2012 00:00,Arunachal Pradesh,"Tuting, Upper Siang , Arunachal Pradesh",28.9986,94.8885,landslide,downpour,0,0,True,,1.0,Very Low (0-20%)
NASA_GLC_2341,NASA_GLC,"NH-31A at Topakhani tunnel(?) and fruit preservation factory(?) and Chisopani bridge(?), near Singtam and Gangtok and Rangpo, Sikkim",08/26/2010 11:00:00 PM,nan,"NH-31A at Topakhani tunnel(?) and fruit preservation factory(?) and Chisopani bridge(?), near Singtam and Gangtok and Rangpo, Sikkim",27.2319,88.497,landslide,downpour,0,0,True,,4.0,High (60-80%)
NASA_GLC_2098,NASA_GLC,"Jahjon ward(?), Mon town, Nagaland",07/19/2010 06:00:00 AM,Nāgāland,"Jahjon ward(?), Mon town, Nagaland",26.7215,95.0283,landslide,downpour,0,0,True,0.7682,4.0,High (60-80%)
NASA_GLC_7718,NASA_GLC,"Bāndarban : At least eight houses were damaged in similar landslides in New Gulshan, Langi Para and Banarupa Para areas of the uapzila amid incessant*",08/21/2015 12:00:00 AM,Chittagong,nan,22.1909,92.2135,landslide,continuous_rain,0,0,False,,,Unclassified
NASA_GLC_269,NASA_GLC,Geyzing-Jorethang road and Naya Bazar-Legship road,09/18/2007 12:00:00 AM,Sikkim,Geyzing-Jorethang road and Naya Bazar-Legship road,27.2872,88.2816,landslide,rain,0,0,True,,5.0,Very High (80-100%)
NASA_GLC_2205,NASA_GLC,"Dawrpui Vengthar cemetary, Aizwal, Mizoram",08-06-2010 00:00,Mizoram,"Dawrpui Vengthar cemetary, Aizwal, Mizoram",23.7365,92.7146,landslide,downpour,0,0,True,0.9814,5.0,Very High (80-100%)
NASA_GLC_2109,NASA_GLC,Sunkosh-Dagana rd,07/21/2010 12:00:00 AM,Daga,Sunkosh-Dagana rd,27.0502,89.9442,landslide,downpour,0,0,False,,,Unclassified
NASA_GLC_4610,NASA_GLC,"Dapchhuah, Mamit, Mizoram",11-11-2012 00:00,Mizoram,"Dapchhuah, Mamit, Mizoram",23.7705,92.5217,landslide,downpour,4,0,True,,2.0,Low (20-40%)
NASA_GLC_5275,NASA_GLC,"Suruhuto Town, Nagaland",08-04-2013 00:00,Nāgāland,"Suruhuto Town, Nagaland",26.1498,94.6055,landslide,monsoon,0,0,True,0.984,5.0,Very High (80-100%)
NASA_GLC_1260,NASA_GLC,"Thimphu-Paro highway near Tamchoe drupchhu, five km from Chhuzom towards Paro",10/15/2009 12:00:00 AM,Paro,"Thimphu-Paro highway near Tamchoe drupchhu, five km from Chhuzom towards Paro",27.3144,89.545,mudslide,rain,0,0,False,,,Unclassified
NASA_GLC_9138,NASA_GLC,"NH 10 between Coronation Bridge and Sevoke Kalibari, West Bengal, India",07/21/2016 09:00:00 AM,West Bengal,"NH 10 between Coronation Bridge and Sevoke Kalibari, West Bengal, India",26.9015,88.4719,landslide,rain,0,0,False,,,Unclassified
NASA_GLC_1031,NASA_GLC,"Kurseong, Darjeeling, West Bengal",05/26/2009 12:00:00 AM,Bengal,"Kurseong, Darjeeling, West Bengal",26.8836,88.2791,landslide,tropical_cyclone,7,0,False,,,Unclassified
NASA_GLC_8708,NASA_GLC,Myanmar (Burma),10/13/2015 12:00:00 AM,Mandalay,Myanmar (Burma),22.1334,96.4669,landslide,monsoon,17,0,False,,,Unclassified
NASA_GLC_2247,NASA_GLC,"Tuensang-Shamatore(Sampurre) rd, Nagaland",08/14/2010 12:00:00 AM,Nāgāland,"Tuensang-Shamatore(Sampurre) rd, Nagaland",26.148,94.8422,landslide,downpour,0,0,True,0.8984,5.0,Very High (80-100%)
NASA_GLC_727,NASA_GLC,"Lalkhan Bazar in Chittagong, Cox Bazar",08/18/2008 12:00:00 AM,Chittagong,"Lalkhan Bazar in Chittagong, Cox Bazar",22.3421,91.8242,landslide,monsoon,11,0,False,,,Unclassified
NASA_GLC_6964,NASA_GLC,"National Highway 31A, Darjeeling Hills",06/17/2015 12:00:00 AM,West Bengal,"National Highway 31A, Darjeeling Hills",27.0087,88.443,landslide,downpour,0,0,False,,,Unclassified
NASA_GLC_683,NASA_GLC,"Meghalaya, Kalaphahar kills",08-01-2008 00:00,Sylhet,"Meghalaya, Kalaphahar kills",24.896,91.9022,landslide,rain,0,0,False,,,Unclassified
NASA_GLC_3927,NASA_GLC,"Garo Hills, Tura",08/16/2011 08:00:00 AM,Meghālaya,"Garo Hills, Tura",25.5144,90.2167,landslide,downpour,6,0,True,0.5263,3.0,Moderate (40-60%)
NASA_GLC_678,NASA_GLC,"Hmawzizar Jade Mine in Phakant, Pha-Kant in Kachin state",07/30/2008 12:00:00 AM,Kachin,"Hmawzizar Jade Mine in Phakant, Pha-Kant in Kachin state",25.606,96.275,complex,downpour,20,0,False,,,Unclassified
NASA_GLC_259,NASA_GLC,"Assam-Agartala National Highway, Sonarpur in Jayantiya hills of Meghalaya",09-11-2007 00:00,Meghālaya,"Assam-Agartala National Highway, Sonarpur in Jayantiya hills of Meghalaya",25.52,91.27,landslide,rain,0,0,True,,5.0,Very High (80-100%)
NASA_GLC_7359,NASA_GLC,"District Shilpakala Academy, Chittagong city",09/27/2015 12:00:00 AM,Chittagong,"District Shilpakala Academy, Chittagong city",22.3605,91.8236,landslide,construction,0,0,False,,,Unclassified
NASA_GLC_574,NASA_GLC,"Wangkha, about 90 km south of the capital, Thimphu",06-07-2008 00:00,Chhukha,"Wangkha, about 90 km south of the capital, Thimphu",26.7969,89.591,complex,rain,12,0,False,,,Unclassified
NASA_GLC_6112,NASA_GLC,"Kharghuli Hills, Assam",06/28/2014 09:00:00 AM,Assam,"Kharghuli Hills, Assam",26.1964,91.7652,landslide,rain,0,0,True,0.0615,1.0,Very Low (0-20%)
NASA_GLC_7222,NASA_GLC,"Amin Colony, Bayazid",07/19/2015 02:00:00 AM,Chittagong,"Amin Colony, Bayazid",22.3913,91.8177,landslide,downpour,3,0,False,,,Unclassified
NASA_GLC_7039,NASA_GLC,8 mile in Kalimpong,07-01-2015 00:00,West Bengal,8 mile in Kalimpong,27.0678,88.456,landslide,downpour,0,0,False,,,Unclassified
NASA_GLC_231,NASA_GLC,Darjeeling Hills (Lebong - 10 km from Darjeeling,09-05-2007 00:00,Bengal,Darjeeling Hills (Lebong - 10 km from Darjeeling,27.06826195,88.28121204,landslide,rain,15,0,False,,,Unclassified
NASA_GLC_7390,NASA_GLC,between Tengnoupal-Sita junction and Tengnoupal Power Sub-Station,08-01-2015 00:00,Manipur,between Tengnoupal-Sita junction and Tengnoupal Power Sub-Station,24.4265,94.1913,landslide,continuous_rain,0,0,True,0.9244,5.0,Very High (80-100%)
NASA_GLC_7036,NASA_GLC,"Mahendra village, Thana Line, Tingling Garden village in Mirik",07-01-2015 00:00,West Bengal,"Mahendra village, Thana Line, Tingling Garden village in Mirik",26.8352,88.1881,landslide,downpour,42,0,False,,,Unclassified
NASA_GLC_1106,NASA_GLC,"(Okai Tea Garden) Mirik, Darjeeling, West Bengal",08/20/2009 12:00:00 AM,Bengal,"(Okai Tea Garden) Mirik, Darjeeling, West Bengal",26.8992,88.1667,landslide,continuous_rain,2,0,False,,,Unclassified
NASA_GLC_2420,NASA_GLC,"Tuikual 'C', Aizawl, Mizoram",09/13/2010 12:00:00 AM,Mizoram,"Tuikual 'C', Aizawl, Mizoram",23.72988966,92.71495623,landslide,downpour,1,0,True,0.9675,5.0,Very High (80-100%)
NASA_GLC_264,NASA_GLC,Guwahati,09/13/2007 12:00:00 AM,Assam,Guwahati,26.1833,91.8,landslide,rain,0,0,True,0.0288,1.0,Very Low (0-20%)
NASA_GLC_2034,NASA_GLC,"Toy Train rails between Siliguri and Darjeeling, West Bengal",07-04-2010 00:00,Bengal,"Toy Train rails between Siliguri and Darjeeling, West Bengal",26.8712,88.3052,landslide,rain,0,0,False,,,Unclassified
NASA_GLC_251,NASA_GLC,Hingdam village in South Sikkim,09-09-2007 00:00,Sikkim,Hingdam village in South Sikkim,27.1667,88.35,landslide,rain,1,0,True,,5.0,Very High (80-100%)
NASA_GLC_6214,NASA_GLC,Jorabat-Umiam route,10-05-2014 17:45,Meghalaya,Jorabat-Umiam route,25.9702,91.8587,landslide,rain,1,0,True,0.792,4.0,High (60-80%)
NASA_GLC_3944,NASA_GLC,"Hee-Khola, Sikkim",08/25/2011 12:00:00 AM,nan,"Hee-Khola, Sikkim",27.7344,88.633,landslide,downpour,2,0,True,0.9274,5.0,Very High (80-100%)
NASA_GLC_10022,NASA_GLC,"Landslide at Irautar, Ilam Province, Nepal",08-09-2016 04:00,nan,"Irautar, Ilam Province, Nepal",26.7903,88.11,landslide,continuous_rain,0,0,False,,,Unclassified
NASA_GLC_4411,NASA_GLC,"Tathangchen, Gangtok, Sikkim ",06/14/2012 04:00:00 AM,Sikkim,"Tathangchen, Gangtok, Sikkim ",27.339,88.6065,landslide,downpour,0,0,True,0.9935,5.0,Very High (80-100%)
NASA_GLC_252,NASA_GLC,"Mao in Manipur, Phipema and Chunikhudima in Nagaland",09-09-2007 00:00,Nāgāland,"Mao in Manipur, Phipema and Chunikhudima in Nagaland",25.4993,94.1192,landslide,rain,0,0,True,0.7872,4.0,High (60-80%)
NASA_GLC_142,NASA_GLC,Tura,07/27/2007 12:00:00 AM,Meghālaya,Tura,25.5212,90.232,rock_fall,rain,8,0,True,0.569,3.0,Moderate (40-60%)
NASA_GLC_7384,NASA_GLC,"Wayang, Khengjoi",08-01-2015 00:00,Manipur,"Wayang, Khengjoi",23.9278,94.0906,landslide,rain,0,0,True,0.73,4.0,High (60-80%)
NASA_GLC_211,NASA_GLC,Tamenglong,08/26/2007 12:00:00 AM,Manipur,Tamenglong,24.9667,93.55,mudslide,continuous_rain,1,0,True,0.8529,5.0,Very High (80-100%)
NASA_GLC_4384,NASA_GLC,"between Haflong and  Bagetar, Assam",06-03-2012 00:00,Assam,"between Haflong and  Bagetar, Assam",25.1775,93.0123,landslide,downpour,0,0,True,0.887,5.0,Very High (80-100%)
NASA_GLC_7033,NASA_GLC,NH-55 at Merry Villa,06/29/2015 12:00:00 AM,West Bengal,NH-55 at Merry Villa,27.0161,88.2478,landslide,downpour,0,0,False,,,Unclassified
NASA_GLC_4383,NASA_GLC,"between Maibang and Daotohaja, Assam",06-03-2012 00:00,Assam,"between Maibang and Daotohaja, Assam",25.3056,93.1265,landslide,downpour,0,0,True,0.6148,4.0,High (60-80%)
NASA_GLC_6758,NASA_GLC,Gulgaon Hill area under Bahubal upazila of Habiganj district,02-09-2015 11:00,Sylhet,Gulgaon Hill area under Bahubal upazila of Habiganj district,24.3311,91.5642,other,mining,2,0,False,,,Unclassified
NASA_GLC_7375,NASA_GLC,Ukhrul NH 201-Jessami road,08-01-2015 00:00,Manipur,Ukhrul NH 201-Jessami road,25.1941,94.4481,landslide,continuous_rain,0,0,True,0.9683,5.0,Very High (80-100%)
NASA_GLC_2163,NASA_GLC,"Maram area in Senapati district, National Highway 39",07/29/2010 12:00:00 AM,Nāgāland,"Maram area in Senapati district, National Highway 39",25.4196,94.1054,landslide,downpour,0,0,True,0.9909,5.0,Very High (80-100%)
NASA_GLC_6967,NASA_GLC,"Darjeeling Heritage Railway, Darjeeling",06/13/2015 06:30:00 AM,West Bengal,"Darjeeling Heritage Railway, Darjeeling",27.0165,88.2476,landslide,downpour,0,0,False,,,Unclassified
NASA_GLC_3932,NASA_GLC, Botsa  and Chiechama,08/18/2011 12:00:00 AM,Nāgāland, Botsa  and Chiechama,25.83,94.13,landslide,monsoon,0,0,True,0.4767,3.0,Moderate (40-60%)
NASA_GLC_4861,NASA_GLC,"Khongsang, Tamenglong, Manipur,",05-12-2013 00:00,Assam,"Khongsang, Tamenglong, Manipur,",24.9926,93.4946,mudslide,rain,0,0,True,0.6478,4.0,High (60-80%)
NASA_GLC_1093,NASA_GLC,"Phagutar near Mahanadi, 12km from Kurseong, Siliguri district, Darjeeling",08/16/2009 12:00:00 AM,Bengal,"Phagutar near Mahanadi, 12km from Kurseong, Siliguri district, Darjeeling",26.88211522,88.3195318,landslide,downpour,1,0,False,,,Unclassified
NASA_GLC_7972,NASA_GLC,"Mizoram, India",08/28/2015 01:45:00 AM,Mizoram,"Mizoram, India",23.4495,92.8112,landslide,downpour,0,0,True,,3.0,Moderate (40-60%)
NASA_GLC_3831,NASA_GLC,Heibok Hills,07/22/2011 12:00:00 AM,Manipur,Heibok Hills,24.7992,93.948,landslide,downpour,0,0,True,0.0401,1.0,Very Low (0-20%)
NASA_GLC_5394,NASA_GLC,"Zar Lai, Falam, Chin",08/23/2013 12:00:00 AM,Chin,"Zar Lai, Falam, Chin",22.9167,93.6833,landslide,downpour,0,0,False,,,Unclassified
NASA_GLC_5584,NASA_GLC,"Nilachal Hill, Guwahati, Assam",10-06-2013 00:00,Assam,"Nilachal Hill, Guwahati, Assam",26.1665,91.7049,landslide,downpour,0,0,True,0.0183,1.0,Very Low (0-20%)
NASA_GLC_1986,NASA_GLC,"Fazl Ali College, Mokokchung, Nagaland",06/15/2010 12:00:00 AM,Nāgāland,"Fazl Ali College, Mokokchung, Nagaland",26.3335,94.5512,landslide,downpour,0,0,True,0.9906,5.0,Very High (80-100%)
NASA_GLC_7387,NASA_GLC,Imphal-Ukhrul road,08-01-2015 00:00,Manipur,Imphal-Ukhrul road,24.954,94.2156,landslide,continuous_rain,0,0,True,0.9063,5.0,Very High (80-100%)
NASA_GLC_7002,NASA_GLC,"Banorupa Para in Sadar upazila, Bandarban",06/26/2015 03:00:00 AM,Chittagong,"Banorupa Para in Sadar upazila, Bandarban",22.2144,92.235,landslide,monsoon,2,2,False,,,Unclassified
NASA_GLC_2573,NASA_GLC,"Haflong, Assam",10-09-2010 00:00,Assam,"Haflong, Assam",25.1796,93.0083,mudslide,downpour,1,0,True,0.4151,3.0,Moderate (40-60%)
NASA_GLC_319,NASA_GLC,"Maram-Purul Road, Karong Assembly Constituency of Senapati district, Manipur",10/19/2007 12:00:00 AM,Nāgāland,"Maram-Purul Road, Karong Assembly Constituency of Senapati district, Manipur",25.4379,94.1162,landslide,rain,0,0,True,0.8739,5.0,Very High (80-100%)
NASA_GLC_6846,NASA_GLC,between Khunkhar and Shansu village,03-08-2015 00:00,Kachin,between Khunkhar and Shansu village,25.6183,96.2964,mudslide,mining,50,0,False,,,Unclassified
NASA_GLC_313,NASA_GLC,"NH-39 at Piphema,  6 km towards Dimapur from Kohima in Nagaland",10/16/2007 12:00:00 AM,Nāgāland,"NH-39 at Piphema,  6 km towards Dimapur from Kohima in Nagaland",25.7055,94.0132,landslide,rain,0,0,True,0.8676,5.0,Very High (80-100%)
NASA_GLC_9010,NASA_GLC,"Hoj-Potin Highway, Arunachal Pradesh, India",07/16/2016 12:00:00 AM,Arunachal Pradesh,"Hoj-Potin Highway, Arunachal Pradesh, India",27.3034,93.804,mudslide,downpour,1,0,True,,5.0,Very High (80-100%)
NASA_GLC_2539,NASA_GLC,"Mosing village, Upper Siang district, Arunachal Pradesh",10-03-2010 00:00,Arunāchal Pradesh,"Mosing village, Upper Siang district, Arunachal Pradesh",28.3092,95.4149,landslide,downpour,10,0,True,,5.0,Very High (80-100%)
NASA_GLC_6331,NASA_GLC,Kiphire-Seyochung road near Yangzitong village,09-08-2014 00:00,Nagaland,Kiphire-Seyochung road near Yangzitong village,25.9466,94.6279,mudslide,unknown,0,0,True,,5.0,Very High (80-100%)
NASA_GLC_5485,NASA_GLC,"Chungthang, Sikkim",09-08-2013 00:00,nan,"Chungthang, Sikkim",27.6047,88.6463,rock_fall,rain,1,2,True,0.9862,5.0,Very High (80-100%)
NASA_GLC_4554,NASA_GLC,"Thimphu-Phuentsholing Highway, between Taktikoti and Wangkha, Phuentsholing,  Chukha , Bhutan",09/15/2012 12:00:00 AM,Chhukha,"Thimphu-Phuentsholing Highway, between Taktikoti and Wangkha, Phuentsholing,  Chukha , Bhutan",26.8597,89.3903,landslide,downpour,0,0,False,,,Unclassified
NASA_GLC_94,NASA_GLC,National Highway 31A at Sevoke,06/15/2007 12:00:00 AM,Bengal,National Highway 31A at Sevoke,26.8096,88.526,landslide,rain,0,0,False,,,Unclassified
NASA_GLC_1987,NASA_GLC,"rails between Mahur and Wadringdisa(?), Assam",06/15/2010 12:00:00 AM,Assam,"rails between Mahur and Wadringdisa(?), Assam",25.2269,93.1658,landslide,downpour,0,0,True,,1.0,Very Low (0-20%)
NASA_GLC_2043,NASA_GLC,"Mon, Nagaland",07-06-2010 00:00,Nāgāland,"Mon, Nagaland",26.7225,95.0281,mudslide,monsoon,0,0,True,0.7241,4.0,High (60-80%)
NASA_GLC_7910,NASA_GLC,Chandel,08-01-2015 00:00,Manipur,Chandel,24.3481,94.1146,landslide,unknown,0,0,True,,3.0,Moderate (40-60%)
NASA_GLC_6775,NASA_GLC,Kailashpur hill,02/14/2015 12:00:00 AM,Assam,Kailashpur hill,26.1468,91.6469,landslide,mining,1,2,True,0.2953,2.0,Low (20-40%)
NASA_GLC_1776,NASA_GLC,Shillong-Jowai(Jwai)-Badarpur National Highway(NH 44) at Sunapur village in Jaintia Hills District,04/21/2010 12:00:00 AM,Meghālaya,Shillong-Jowai(Jwai)-Badarpur National Highway(NH 44) at Sunapur village in Jaintia Hills District,25.3612,92.2845,landslide,downpour,0,0,True,,2.0,Low (20-40%)
NASA_GLC_6786,NASA_GLC,"Hailākāndi : Two labourers died while another was injured in a landslide in Assam's Hailakandi district, the police said today.",02/19/2015 11:00:00 PM,Assam,nan,24.6108,92.562,landslide,mining,2,1,True,,1.0,Very Low (0-20%)
NASA_GLC_6291,NASA_GLC,National Highway 51,09/21/2014 12:00:00 AM,Meghalaya,National Highway 51,25.7354,90.3852,landslide,continuous_rain,0,0,True,,4.0,High (60-80%)
NASA_GLC_6213,NASA_GLC,Meghalaya,09/24/2014 12:00:00 AM,Meghalaya,Meghalaya,25.8143,90.5763,landslide,continuous_rain,0,0,True,,1.0,Very Low (0-20%)
NASA_GLC_2415,NASA_GLC,power lines 5 km from Kohima,09-12-2010 00:00,Nāgāland,power lines 5 km from Kohima,25.63961883,94.11112157,landslide,downpour,0,0,True,0.9822,5.0,Very High (80-100%)
NASA_GLC_9336,NASA_GLC,"Ramchandi , Hailakandi District, Assam, India",05/18/2016 08:00:00 AM,Assam,"Ramchandi , Hailakandi District, Assam, India",24.5308,92.5121,landslide,continuous_rain,1,0,True,0.0388,1.0,Very Low (0-20%)
NASA_GLC_9604,NASA_GLC,Legship,10-12-2016 00:00,Sikkim,Legship,27.2676,88.2891,landslide,continuous_rain,0,0,True,,5.0,Very High (80-100%)
NASA_GLC_1170,NASA_GLC,Tindharia and Rong Tong,09/18/2009 12:00:00 AM,Bengal,Tindharia and Rong Tong,26.8342,88.2798,landslide,rain,0,0,False,,,Unclassified
NASA_GLC_7837,NASA_GLC,three graveyards within Aizawl,08/27/2015 12:00:00 AM,Mizoram,three graveyards within Aizawl,23.7269,92.7265,landslide,downpour,0,0,True,0.9274,5.0,Very High (80-100%)
NASA_GLC_4309,NASA_GLC,"Thumangdrak, 18 km from Trongsa",04-06-2012 23:00,Shemgang,"Thumangdrak, 18 km from Trongsa",27.256,90.5257,complex,unknown,0,0,False,,,Unclassified
NASA_GLC_7267,NASA_GLC,NH-2 between Senapati and Mao,07/22/2015 12:00:00 AM,Manipur,NH-2 between Senapati and Mao,25.3908,94.0926,landslide,continuous_rain,0,0,True,0.6497,4.0,High (60-80%)
NASA_GLC_84,NASA_GLC,Chittagong,06-11-2007 10:00,Chittagong,Chittagong,22.3555,91.8205,landslide,monsoon,128,150,False,,,Unclassified
NASA_GLC_4848,NASA_GLC,"Purba Simna, Tripura",05-08-2013 00:00,Tripura,"Purba Simna, Tripura",24.0896,91.4663,landslide,rain,1,0,True,,1.0,Very Low (0-20%)
NASA_GLC_3617,NASA_GLC,Pankhabari and Rohini routes in Kurseong,06/17/2011 11:00:00 PM,Bengal,Pankhabari and Rohini routes in Kurseong,26.84850975,88.26181745,landslide,continuous_rain,0,0,False,,,Unclassified
NASA_GLC_9122,NASA_GLC,"Noonmati, Guwahati, Assam, India",07/20/2016 12:00:00 AM,Assam,"Noonmati, Guwahati, Assam, India",26.1966,91.802,landslide,rain,0,0,True,0.0349,1.0,Very Low (0-20%)
NASA_GLC_11152,NASA_GLC,Landslide in Sirakhong,04-06-2017 13:19,nan,"Sirakhong, Ukhrul Central, Ukhrul, Manipur State, India",25.08303063,94.23757741,landslide,unknown,0,0,True,0.9635,5.0,Very High (80-100%)
NASA_GLC_2574,NASA_GLC,"between Mahur and Maigrandisa(?) or Lumding, Assam",10-09-2010 00:00,Assam,"between Mahur and Maigrandisa(?) or Lumding, Assam",25.4749,93.1477,landslide,downpour,0,0,True,0.0024,1.0,Very Low (0-20%)
NASA_GLC_6282,NASA_GLC,Lalmati,09/22/2014 12:00:00 AM,Assam,Lalmati,26.1097,91.7747,landslide,rain,1,0,True,0.1614,1.0,Very Low (0-20%)
NASA_GLC_2263,NASA_GLC,"Dikhu bridge(?), Mokokchung-Tuensang road, Nagaland",08/17/2010 12:00:00 AM,Nāgāland,"Dikhu bridge(?), Mokokchung-Tuensang road, Nagaland",26.2753,94.6654,landslide,downpour,0,0,True,0.4821,3.0,Moderate (40-60%)
NASA_GLC_620,NASA_GLC,Kalimpong,06/30/2008 12:00:00 AM,Bengal,Kalimpong,27.0771,88.482,landslide,downpour,0,0,False,,,Unclassified
NASA_GLC_6289,NASA_GLC,Pamohi,09/22/2014 12:00:00 AM,Assam,Pamohi,26.1001,91.6849,landslide,rain,0,0,True,0.0153,1.0,Very Low (0-20%)
NASA_GLC_9087,NASA_GLC,"5 km off Sangam point on Aalo- Pangin road, Arunachal Pradesh, India",07/19/2016 12:00:00 AM,Arunachal Pradesh,"5 km off Sangam point on Aalo- Pangin road, Arunachal Pradesh, India",28.235,94.9612,landslide,downpour,0,0,True,,5.0,Very High (80-100%)
NASA_GLC_2279,NASA_GLC,"NH 31A at Likhuvir(?), near Teesta Bazar, 42nd Km marker(?), Kalimpong, West Bengal cutting off Sikkim and Kalimpong",08/19/2010 12:00:00 AM,Bengal,"NH 31A at Likhuvir(?), near Teesta Bazar, 42nd Km marker(?), Kalimpong, West Bengal cutting off Sikkim and Kalimpong",26.9722,88.4481,landslide,downpour,0,0,False,,,Unclassified
NASA_GLC_1030,NASA_GLC,"Darjeeling Sadar, Darjeeling West Bengal",05/26/2009 12:00:00 AM,Bengal,"Darjeeling Sadar, Darjeeling West Bengal",27.04357147,88.26522126,landslide,tropical_cyclone,14,0,False,,,Unclassified
NASA_GLC_130,NASA_GLC,Guwahati,07/19/2007 12:00:00 AM,Assam,Guwahati,26.1699,91.7986,landslide,rain,6,0,True,0.0292,1.0,Very Low (0-20%)
NASA_GLC_11167,NASA_GLC,Landslide on road near Durga Mandir,07-09-2017 13:23,nan,"Naharlagun Sub-District, Papum Pare, Arunachal Pradesh",27.11610665,93.79559574,landslide,continuous_rain,0,0,True,0.0811,1.0,Very Low (0-20%)
NASA_GLC_10980,NASA_GLC,Landslide in Mahur,04-04-2017 12:57,nan,"Mahur, Assam, India",25.181453,93.118105,landslide,rain,0,0,True,0.6124,4.0,High (60-80%)
NASA_GLC_10983,NASA_GLC,Jaflong Landslide Caused by Illegal Stone Picking,03/16/2017 04:46:00 PM,nan,"Noyabosti area beside the Piyan River, Jaflong, Gowainghat upazila, Sylhet District, Bangladesh, Y:25.178619 X:92.012806",25.178619,92.012806,landslide,mining,2,2,False,,,Unclassified
NASA_GLC_10964,NASA_GLC,Sankarsena landslide buries two during hill-cutting,11-01-2016 14:24,nan,"Sankarsena, Nabiganj upazilla, Habiganj, Gaznaipur Union, Bangladesh",24.506937,91.588893,landslide,mining,2,0,False,,,Unclassified
NASA_GLC_10988,NASA_GLC,Landslide on NH-6,07-09-2017 18:45,nan,"Pahamrynnai, Ribhoi, Meghalaya",25.82601444,91.87113067,landslide,continuous_rain,0,0,True,,4.0,High (60-80%)
NASA_GLC_11182,NASA_GLC,Landslides block roads connecting to Lhamoizingkha,07-08-2017 14:21,nan,Bhutan,27.02099026,89.90712175,landslide,downpour,0,0,False,,,Unclassified
NASA_GLC_11176,NASA_GLC,Fatal landslide in Gussar circle,06/20/2017 01:16:00 PM,nan,"Gussar, Upper Subansiri, Arunachal Pradesh",28.10756941,94.18315697,landslide,rain,1,0,True,0.6846,4.0,High (60-80%)
NASA_GLC_10955,NASA_GLC,Fatal landslide in Budungpara,06/18/2017 02:21:00 PM,nan,"Budungpara, Ragmar Upazila, Bangladesh",22.97758595,91.80439129,landslide,downpour,2,0,False,,,Unclassified
NASA_GLC_11150,NASA_GLC,NH-37 Landslide in the Tamenglong District,03/30/2017 08:28:00 PM,nan,"NH-37, between T. Laijang and K. Sinam villages, Tamenglong district, Manipur, 795008",24.79591421,93.72386429,landslide,downpour,0,0,True,,5.0,Very High (80-100%)
NASA_GLC_11179,NASA_GLC,Landslide on Phuntsholing-Thimphu road,07-08-2017 14:21,nan,"Phuntsholing-Thimphu road, Bhutan",27.02856666,89.57220662,landslide,downpour,0,0,False,,,Unclassified
NASA_GLC_10957,NASA_GLC,Landslides throuhgout Lunglei District,06-09-2017 14:21,nan,"Tlabung, Lungsen, Lunglei, Mizoram",22.90813548,92.47207294,landslide,rain,10,0,True,,4.0,High (60-80%)
NASA_GLC_10985,NASA_GLC,Fatal landslide in Mawjrong,06/17/2017 06:45:00 PM,nan,"Khatarshnong Laitkroh, East Khasi Hills, Meghalaya",25.43807422,91.79904872,landslide,continuous_rain,1,2,True,,1.0,Very Low (0-20%)
NASA_GLC_10989,NASA_GLC,Stone Quarry Landslide in Lamlyer,02/15/2017 10:56:00 PM,nan,"Mawryngkneng, East Khasi Hills, Meghalaya",25.51826286,91.9630294,landslide,mining,2,0,True,0.7405,4.0,High (60-80%)
NASA_GLC_10974,NASA_GLC,Fatal landslide in Bonda,04-05-2017 13:19,nan,"Bonda, Guwahati, Assam, India",26.16066111,91.85294885,landslide,continuous_rain,2,0,True,0.111,1.0,Very Low (0-20%)
NASA_GLC_11175,NASA_GLC,Fatal landslide in Yangte,05-03-2017 14:05,nan,"Yangte, Kra Daadi District, Arunachal Pradesh, India",27.82743132,93.62407259,landslide,rain,1,0,True,0.9088,5.0,Very High (80-100%)
NASA_GLC_11180,NASA_GLC,Landslide on road between Wangdue and Thimphu,07-08-2017 14:21,nan,"Wangdeu-Thimphu road, Bhutan",27.51353298,89.79033898,landslide,downpour,0,0,False,,,Unclassified
NASA_GLC_10962,NASA_GLC,Landslide damages Aizawl-Champhai Road,06/17/2017 01:16:00 PM,nan,"Aizawl-Champhai road, Champhai, Mizoram State, India",23.65637182,93.02746602,landslide,continuous_rain,0,0,True,0.6898,4.0,High (60-80%)
NASA_GLC_10982,NASA_GLC,Quarry Worker Killed in Companigonj Landslide,03-06-2017 20:35,nan,"Uthma Chara quarry, Companigonj Upazila, Bangladesh",25.092576,91.763689,landslide,mining,1,0,False,,,Unclassified
NASA_GLC_11164,NASA_GLC,Landslides on Itanagar-Naharlagun road,07-09-2017 13:23,nan,"NH-52A, Naharlagun Sub-District, Papum Pare, Arunachal Pradesh, 791111",27.1071241,93.65156438,landslide,continuous_rain,0,0,True,0.5244,3.0,Moderate (40-60%)
NASA_GLC_10977,NASA_GLC,Landslides along National Highway 54,04-04-2017 12:57,nan,nan,25.481623,93.141692,landslide,rain,0,0,True,0.0564,1.0,Very Low (0-20%)
NASA_GLC_11153,NASA_GLC,Landslide in Langol Laimanai,07-09-2017 13:23,nan,"Langol Laimanai, Imphal West, Manipur",24.83507319,93.89896294,landslide,continuous_rain,0,0,True,,5.0,Very High (80-100%)
NASA_GLC_11168,NASA_GLC,Large landslide at Laptap village,07-11-2017 14:21,nan,"Laptap, Papum Pare, Arunachal Pradesh, India",27.21668161,93.63051815,landslide,continuous_rain,14,0,True,,5.0,Very High (80-100%)
NASA_GLC_10967,NASA_GLC,Landslide near Molnom blocks road,07-10-2017 18:45,nan,"NH-150, Churachandpur, Manipur, 795133",24.37169581,93.70684171,landslide,rain,0,0,True,,1.0,Very Low (0-20%)
NASA_GLC_10987,NASA_GLC,Fatal landslide in Umiam,06/17/2017 06:45:00 PM,nan,"Umiam, Ribhoi, Meghalaya",25.67836832,91.9234343,landslide,continuous_rain,3,0,True,,3.0,Moderate (40-60%)
NASA_GLC_11172,NASA_GLC,Landslide at Niti Vihar,07-09-2017 13:23,nan,"Niti Vihar, Itanagar, Arunachal Pradesh, India",27.0844941,93.60505989,landslide,continuous_rain,0,0,True,0.5974,3.0,Moderate (40-60%)
NASA_GLC_10984,NASA_GLC,Makeshift Stone Quarry Landslide Kills Worker,03-08-2017 21:02,nan,"Jaflang Mandir, Gowainghat upazila, Sylhet Division, Bangladesh",25.167803,92.019575,landslide,mining,1,0,False,,,Unclassified
NASA_GLC_10966,NASA_GLC,Fatal landslide in Dimai village,06/18/2017 02:21:00 PM,nan,"Dimai village (??), Barlekha Upazila, Bangaldesh",24.70412149,92.23034662,landslide,rain,2,0,False,,,Unclassified
NASA_GLC_10979,NASA_GLC,Landslide in Phaiding,04-04-2017 12:57,nan,"Phaiding, Assam, India",25.195355,93.172758,landslide,rain,0,0,True,,5.0,Very High (80-100%)
NASA_GLC_10963,NASA_GLC,Damaging landslide in Serchhip District,06-12-2017 14:21,nan,"Serchhip District, Mizoram, 796230",23.33501164,92.85410625,landslide,rain,1,0,True,,5.0,Very High (80-100%)
NASA_GLC_10981,NASA_GLC,Companiganj Landslide in Stone Quarry,01/23/2017 02:49:00 PM,nan,"Companiganj, Sylhet Division, Bangladesh",25.08734272,91.75063827,landslide,mining,5,0,False,,,Unclassified
NASA_GLC_10968,NASA_GLC,Landslide blocks road near Thanlon,07-09-2017 13:23,nan,"Thanlon, Churachandpur, Manipur",24.27173018,93.28039349,landslide,continuous_rain,0,0,True,0.9095,5.0,Very High (80-100%)
NASA_GLC_11177,NASA_GLC,Landslide in Tawang,07-11-2017 14:24,nan,"Tawang, Arunchal Pradesh",27.583849,91.876945,landslide,rain,19,0,True,0.874,5.0,Very High (80-100%)
NASA_GLC_11158,NASA_GLC,"Landslide destroys houses in Kohiama, near High School area",07-12-2017 13:28,nan,"Kohima, Nagaland, India",25.69111465,94.09483333,landslide,rain,0,0,True,0.9655,5.0,Very High (80-100%)
NASA_GLC_11183,NASA_GLC,"Cars crushed by deadly landslide on Chongey road, Sikkim",07-10-2017 12:55,nan,East Sikkim,27.360364,88.651914,rock_fall,nan,0,0,True,0.9803,5.0,Very High (80-100%)
NASA_GLC_10969,NASA_GLC,Kalay-Tiddim-Reed Route Landslide near Sozan village suspends border trade,03/19/2017 03:47:00 PM,nan,"Kalay-Tiddim-Reed Route, near Sozan Village, Chin State, Myanmar",23.32140323,93.75079688,landslide,unknown,0,0,False,,,Unclassified
NASA_GLC_11170,NASA_GLC,Mudslides in Borum and Nyorch,07-09-2017 13:23,nan,"Naharlagun Sub-District, Papum Pare, Arunachal Pradesh",27.14163897,93.66495709,mudslide,continuous_rain,0,0,True,0.6893,4.0,High (60-80%)
NASA_GLC_11169,NASA_GLC,Landslide on Itanagar- Jote-Tapiasso road,07-09-2017 14:21,nan,"Itanagar- Jote-Tapiasso road, Papum Pare, Arunachal Pradesh",27.05957271,93.50102778,landslide,continuous_rain,0,0,True,0.7878,4.0,High (60-80%)
NASA_GLC_10958,NASA_GLC,Landslide Triggered by Digging at Rangamati,03/16/2017 08:44:00 PM,nan,"a hill in Rangamati, College Gate area, Bangladesh",22.64753,92.15455,landslide,construction,3,1,False,,,Unclassified
NASA_GLC_11171,NASA_GLC,Landslide on Senki View road,04/26/2017 01:17:00 PM,nan,"Senki View, Itanagar, Papum Pare, Arunachal Pradesh, India",27.104022,93.61156568,landslide,continuous_rain,0,0,True,0.3683,2.0,Low (20-40%)
NASA_GLC_10976,NASA_GLC,Landslide in Harangajao,04-04-2017 12:57,nan,"Harangajao, Assam, India",25.118398,92.853913,landslide,rain,0,0,True,0.7973,4.0,High (60-80%)
NASA_GLC_10970,NASA_GLC,Jade Mine Collapse in Hpakant in Kachin State Kills 9,02-09-2017 17:05,nan,"Hpakant, Kachin, Myanmar (Burma)",25.61953667,96.3086022,landslide,mining,9,0,False,,,Unclassified
NASA_GLC_10978,NASA_GLC,Landslide in N. Leikul,04-04-2017 12:57,nan,"N. Leikul, Assam, India",25.132228,93.04681,landslide,rain,0,0,True,0.9376,5.0,Very High (80-100%)
NASA_GLC_11165,NASA_GLC,"Landslide near Civil Secretariat, Itanagar",07-09-2017 13:23,nan,"Civil Secretariat, Itanagar, Arunachal Pradesh, India",27.092916,93.61882043,landslide,continuous_rain,0,0,True,0.6807,4.0,High (60-80%)
NASA_GLC_11159,NASA_GLC,Landslide on NH-2 between Sinam and Laijang,07-09-2017 13:23,nan,"Jakhama, Kohima, Nagaland",25.6320357,94.10065403,landslide,continuous_rain,0,0,True,0.84,5.0,Very High (80-100%)
NASA_GLC_10959,NASA_GLC,Comilla Landslide Kills Two,03/16/2017 08:44:00 PM,nan,"Tipra Bazar, near Cantonment area, Bangladesh",23.438189,91.125374,landslide,construction,2,1,False,,,Unclassified
NASA_GLC_11178,NASA_GLC,Landslide traps commuters,06/18/2017 01:16:00 PM,nan,"Bhalukpong, Assam",26.96437841,92.78260587,landslide,monsoon,0,0,True,0.5179,3.0,Moderate (40-60%)
NASA_GLC_11163,NASA_GLC,Fatal landslide in Narayanpur,07-10-2017 14:21,nan,"Narayanpur, Lakhimpur, Assam, 784164",26.95223279,93.85748748,landslide,continuous_rain,2,0,True,0.0038,1.0,Very Low (0-20%)
NASA_GLC_10961,NASA_GLC,Landslide blocks NH-54,04/25/2017 05:58:00 PM,nan,"NH-54, North Thingdawl, Kolasib, Mizoram, 796075",24.0135808,92.67420963,landslide,continuous_rain,0,0,True,,5.0,Very High (80-100%)
NASA_GLC_11156,NASA_GLC,Landslide on NH-29 between Dimapur and Kohima,05/16/2017 02:05:00 PM,nan,"NH-29, Sechu (Zubza), Kohima, Nagaland, 797002",25.73318099,93.99655231,landslide,continuous_rain,0,0,True,0.8591,5.0,Very High (80-100%)
NASA_GLC_11161,NASA_GLC,Landslide on road isolates villages,06/24/2017 01:23:00 PM,nan,"Alongkima, Mokokchung, Nagaland",26.66354481,94.62220277,landslide,rain,0,0,True,,3.0,Moderate (40-60%)
NASA_GLC_10864,NASA_GLC,Brickfield Worker Killed in Pirgachha upazila During Work,02-07-2017 18:52,nan,"Pirgachha Upazila, Rangpur Division, Bangladesh, পীরগাছা",25.64319355,89.45570226,mudslide,construction,1,1,False,,,Unclassified
NASA_GLC_11155,NASA_GLC,Landslides at Kiruphema village,07-08-2017 13:23,nan,"Kiruphema village, Kohima, Nagaland",25.72019272,94.03225673,landslide,continuous_rain,0,0,True,0.866,5.0,Very High (80-100%)
NASA_GLC_11154,NASA_GLC,Landslide blocks NH-29 between Pherima and Phiphema,04-07-2017 13:19,nan,"Medziphema, Dimapur, Nagaland",25.77171292,93.93507183,landslide,rain,0,0,True,0.3433,2.0,Low (20-40%)
NASA_GLC_10965,NASA_GLC,Landslide in Lawachara National Park,06/19/2017 02:21:00 PM,nan,"Lawachara National Park, Bangladesh",24.33197035,91.8008536,landslide,rain,0,0,False,,,Unclassified
NASA_GLC_10956,NASA_GLC,Fatal landslide in Lakhsmichhari,06/18/2017 02:21:00 PM,nan,"Lakshmichhari Upazila, Bangladesh",22.84756674,91.95656252,landslide,rain,1,0,False,,,Unclassified
NASA_GLC_10986,NASA_GLC,Landslide on NH-6,07-06-2017 13:16,nan,"Umsning, Ribhoi, Meghalaya State, India",25.82860033,91.876717,landslide,downpour,0,0,True,,4.0,High (60-80%)
NASA_GLC_11166,NASA_GLC,Landslides in Aalo,07-09-2017 13:23,nan,"Aalo, Itanagar, Papum Pare, Arunachal Pradesh",27.07671517,93.59755441,landslide,continuous_rain,0,0,True,0.379,2.0,Low (20-40%)
NASA_GLC_11181,NASA_GLC,Landslide blocks road between Dagapela and Dagana,07-08-2017 14:21,nan,Bhutan,27.04040393,89.90633458,landslide,downpour,0,0,False,,,Unclassified
NASA_GLC_10960,NASA_GLC,Landslide in Mizoram,09/17/2016 02:54:00 PM,nan,"Mizoram, India",23.725943,92.7178,landslide,nan,5,0,True,0.9608,5.0,Very High (80-100%)
NASA_GLC_11157,NASA_GLC,Significant landslide blocks NH-29 near Peducha,07-09-2017 13:23,nan,"Peducha, Kohima, Nagaland State, India",25.73111942,93.98827528,landslide,continuous_rain,0,0,True,0.8446,5.0,Very High (80-100%)
NASA_GLC_11151,NASA_GLC,Landslides along Lamlang River,07-08-2017 13:23,nan,"Ukhrul Central, Ukhrul, Manipur",25.06466676,94.27420555,landslide,continuous_rain,0,0,True,0.9185,5.0,Very High (80-100%)
NASA_GLC_11160,NASA_GLC,Landslide in Tuensang Village,07-10-2017 14:21,nan,"Tuensang, Nagaland",26.2632687,94.81481951,landslide,unknown,0,0,True,0.9942,5.0,Very High (80-100%)
NASA_GLC_11174,NASA_GLC,Fatal landslide near Palin,04/22/2017 06:27:00 PM,nan,"Palin, Kurung Kumey, Arunachal Pradesh",27.6802471,93.62592773,landslide,continuous_rain,3,0,True,0.8798,5.0,Very High (80-100%)
NASA_GLC_10865,NASA_GLC,Landslide on Samdrupjongkhar to Trashigang road,07-08-2017 14:21,nan,Bhutan,27.16009861,91.6036289,landslide,rain,0,0,False,,,Unclassified
NASA_GLC_11149,NASA_GLC,Landslide on NH-37,07-09-2017 13:23,nan,"NH-37, Manipur State, India",24.82767572,93.51825,landslide,continuous_rain,0,0,True,0.6636,4.0,High (60-80%)
NASA_GLC_11173,NASA_GLC,Landslide at IMC Ward Number 18,04/22/2017 06:27:00 PM,nan,"IMC ward #18 (??), Lower Subansiri, Arunachal Pradesh",27.61790706,93.84196894,landslide,monsoon,0,0,True,0.8971,5.0,Very High (80-100%)
NASA_GLC_10975,NASA_GLC,Fatal landslide in Makhim village,04/29/2017 01:17:00 PM,nan,"Makhim (??), West Karbi Anglong, Assam",25.61919207,92.7094701,landslide,continuous_rain,3,0,True,0.0434,1.0,Very Low (0-20%)
NASA_GLC_11162,NASA_GLC,Landslide blocks NH-37,07-09-2017 18:45,nan,"Burapahar, Nagaon, Assam",26.56636244,93.13195098,landslide,continuous_rain,0,0,True,,1.0,Very Low (0-20%)
NASA_GLC_10973,NASA_GLC,Landslide at Pub Sarania Hill,12/15/2016 05:00:00 AM,nan,"Pub Sarania Hill, Guwahati, Assam, India",26.181606,91.772042,landslide,unknown,1,0,True,0.1146,1.0,Very Low (0-20%)
SIKKIM_INV_0001,Sikkim_State_Inventory,Sikkim Debris flow - Gangtok basin,nan,Sikkim,Gangtok basin - Geology: LHS Daling,27.28073438539538,88.57053834258154,Debris flow,Monsoon Rainfall / Slope Instability,0,0,True,0.8965,5.0,Very High (80-100%)
SIKKIM_INV_0002,Sikkim_State_Inventory,Sikkim Debris flow - Gangtok basin,nan,Sikkim,Gangtok basin - Geology: LHS Daling,27.25534523128074,88.63093819820688,Debris flow,Monsoon Rainfall / Slope Instability,0,0,True,0.9845,5.0,Very High (80-100%)
SIKKIM_INV_0003,Sikkim_State_Inventory,Sikkim Debris flow - Gangtok basin,Image 3/12/2012,Sikkim,Gangtok basin - Geology: LHS Daling,27.30864166666666,88.66735833333334,Debris flow,Monsoon Rainfall / Slope Instability,0,0,True,0.6984,4.0,High (60-80%)
SIKKIM_INV_0004,Sikkim_State_Inventory,Sikkim Debris flow - Gangtok basin,2017,Sikkim,Gangtok basin - Geology: LHS Daling,27.26288611111112,88.59082222222222,Debris flow,Monsoon Rainfall / Slope Instability,0,0,True,0.9635,5.0,Very High (80-100%)
SIKKIM_INV_0005,Sikkim_State_Inventory,Sikkim Debris flow - Gangtok basin,2017,Sikkim,Gangtok basin - Geology: LHS Daling,27.32809315135169,88.62380516376776,Debris flow,Monsoon Rainfall / Slope Instability,0,0,True,0.9524,5.0,Very High (80-100%)
SIKKIM_INV_0006,Sikkim_State_Inventory,Sikkim Debris flow - Gangtok basin,2011,Sikkim,Gangtok basin - Geology: MCT zone,27.35486944444445,88.66125833333334,Debris flow,Monsoon Rainfall / Slope Instability,0,0,True,0.9879,5.0,Very High (80-100%)
SIKKIM_INV_0007,Sikkim_State_Inventory,Sikkim Debris flow - Gangtok basin,2010,Sikkim,Gangtok basin - Geology: MCT zone,27.35799166666667,88.66255833333334,Debris flow,Monsoon Rainfall / Slope Instability,0,0,True,0.9841,5.0,Very High (80-100%)
SIKKIM_INV_0008,Sikkim_State_Inventory,Sikkim Debris flow - Gangtok basin,2010,Sikkim,Gangtok basin - Geology: MCT zone,27.35724722222222,88.66389444444445,Debris flow,Monsoon Rainfall / Slope Instability,0,0,True,0.9828,5.0,Very High (80-100%)
SIKKIM_INV_0009,Sikkim_State_Inventory,Sikkim Debris flow - Gangtok basin,2012,Sikkim,Gangtok basin - Geology: MCT zone,27.352625,88.65876111111112,Debris flow,Monsoon Rainfall / Slope Instability,0,0,True,0.9658,5.0,Very High (80-100%)
SIKKIM_INV_0010,Sikkim_State_Inventory,Sikkim Debris flow - Gangtok basin,2010,Sikkim,Gangtok basin - Geology: GHS paro,27.29975,88.69376111111112,Debris flow,Monsoon Rainfall / Slope Instability,0,0,True,0.8846,5.0,Very High (80-100%)
SIKKIM_INV_0011,Sikkim_State_Inventory,Sikkim Debris flow - Gangtok basin,Active,Sikkim,Gangtok basin - Geology: GHS paro,27.38047000212643,88.68308427441023,Debris flow,Monsoon Rainfall / Slope Instability,0,0,True,0.7993,4.0,High (60-80%)
SIKKIM_INV_0012,Sikkim_State_Inventory,Sikkim Debris flow - Gangtok basin,Image 9/27/2011,Sikkim,Gangtok basin - Geology: Lingtse,27.26688611111111,88.557125,Debris flow,Monsoon Rainfall / Slope Instability,0,0,True,0.9508,5.0,Very High (80-100%)
SIKKIM_INV_0013,Sikkim_State_Inventory,Sikkim Debris flow - Gangtok basin,Image 10/27/2009,Sikkim,Gangtok basin - Geology: Lingtse,27.26787777777778,88.5586111111111,Debris flow,Monsoon Rainfall / Slope Instability,0,0,True,0.9716,5.0,Very High (80-100%)
SIKKIM_INV_0014,Sikkim_State_Inventory,Sikkim Debris flow - Gangtok basin,2011,Sikkim,Gangtok basin - Geology: Lingtse,27.28628611111111,88.54847777777778,Debris flow,Monsoon Rainfall / Slope Instability,0,0,True,0.9922,5.0,Very High (80-100%)
SIKKIM_INV_0015,Sikkim_State_Inventory,Sikkim Debris flow - East Sikkim,nan,Sikkim,East Sikkim - Geology: LHS Daling,27.25210683417693,88.68219186467816,Debris flow,Monsoon Rainfall / Slope Instability,0,0,True,0.9102,5.0,Very High (80-100%)
SIKKIM_INV_0016,Sikkim_State_Inventory,Sikkim Debris flow - East Sikkim,2006,Sikkim,East Sikkim - Geology: LHS Daling,27.19174595343439,88.64391913232053,Debris flow,Monsoon Rainfall / Slope Instability,0,0,True,0.9497,5.0,Very High (80-100%)
SIKKIM_INV_0017,Sikkim_State_Inventory,Sikkim Debris flow - East Sikkim,2011,Sikkim,East Sikkim - Geology: GHS paro,27.28974742811852,88.74852563526115,Debris flow,Monsoon Rainfall / Slope Instability,0,0,True,0.9739,5.0,Very High (80-100%)
SIKKIM_INV_0018,Sikkim_State_Inventory,Sikkim Debris flow - East Sikkim,nan,Sikkim,East Sikkim - Geology: GHS paro,27.26222246906145,88.73167796945613,Debris flow,Monsoon Rainfall / Slope Instability,0,0,True,0.9384,5.0,Very High (80-100%)
SIKKIM_INV_0019,Sikkim_State_Inventory,Sikkim Debris flow - East Sikkim,nan,Sikkim,East Sikkim - Geology: GHS paro,27.33162777777778,88.86180470109319,Debris flow,Monsoon Rainfall / Slope Instability,0,0,True,,5.0,Very High (80-100%)
SIKKIM_INV_0020,Sikkim_State_Inventory,Sikkim Debris flow - East Sikkim,nan,Sikkim,East Sikkim - Geology: GHS paro,27.33007877526835,88.85977316426641,Debris flow,Monsoon Rainfall / Slope Instability,0,0,True,,5.0,Very High (80-100%)
SIKKIM_INV_0021,Sikkim_State_Inventory,Sikkim Debris flow - East Sikkim,nan,Sikkim,East Sikkim - Geology: GHS paro,27.3294340174302,88.85915227076975,Debris flow,Monsoon Rainfall / Slope Instability,0,0,True,,5.0,Very High (80-100%)
SIKKIM_INV_0022,Sikkim_State_Inventory,Sikkim Debris flow - East Sikkim,nan,Sikkim,East Sikkim - Geology: GHS paro,27.29094683741536,88.87426383055326,Debris flow,Monsoon Rainfall / Slope Instability,0,0,True,,5.0,Very High (80-100%)
SIKKIM_INV_0023,Sikkim_State_Inventory,Sikkim Debris flow - East Sikkim,nan,Sikkim,East Sikkim - Geology: GHS paro,27.41098611111111,88.75459416488353,Debris flow,Monsoon Rainfall / Slope Instability,0,0,True,0.9477,5.0,Very High (80-100%)
SIKKIM_INV_0024,Sikkim_State_Inventory,Sikkim Debris flow - East Sikkim,nan,Sikkim,East Sikkim - Geology: GHS paro,27.41181156201286,88.74598902239659,Debris flow,Monsoon Rainfall / Slope Instability,0,0,True,0.9742,5.0,Very High (80-100%)
SIKKIM_INV_0025,Sikkim_State_Inventory,Sikkim Debris flow - East Sikkim,nan,Sikkim,East Sikkim - Geology: GHS paro,27.28504021971184,88.79251830306967,Debris flow,Monsoon Rainfall / Slope Instability,0,0,True,,5.0,Very High (80-100%)
SIKKIM_INV_0026,Sikkim_State_Inventory,Sikkim Debris flow - East Sikkim,nan,Sikkim,East Sikkim - Geology: GHS paro,27.39428131221561,88.82048835549513,Debris flow,Monsoon Rainfall / Slope Instability,0,0,True,,5.0,Very High (80-100%)
SIKKIM_INV_0027,Sikkim_State_Inventory,Sikkim Debris flow - East Sikkim,nan,Sikkim,East Sikkim - Geology: GHS paro,27.38234357101308,88.74135653941927,Debris flow,Monsoon Rainfall / Slope Instability,0,0,True,0.9158,5.0,Very High (80-100%)
SIKKIM_INV_0028,Sikkim_State_Inventory,Sikkim Debris flow - East Sikkim,nan,Sikkim,East Sikkim - Geology: GHS paro,27.40117613418454,88.81546101380998,Debris flow,Monsoon Rainfall / Slope Instability,0,0,True,,5.0,Very High (80-100%)
SIKKIM_INV_0029,Sikkim_State_Inventory,Sikkim Debris flow - East Sikkim,nan,Sikkim,East Sikkim - Geology: GHS paro,27.39767848740543,88.81353310482173,Debris flow,Monsoon Rainfall / Slope Instability,0,0,True,,5.0,Very High (80-100%)
SIKKIM_INV_0030,Sikkim_State_Inventory,Sikkim Debris flow - East Sikkim,nan,Sikkim,East Sikkim - Geology: GHS paro,27.39797224560936,88.81427029311833,Debris flow,Monsoon Rainfall / Slope Instability,0,0,True,,5.0,Very High (80-100%)
SIKKIM_INV_0031,Sikkim_State_Inventory,Sikkim Debris flow - East Sikkim,nan,Sikkim,East Sikkim - Geology: GHS paro,27.41100045784546,88.75182980441224,Debris flow,Monsoon Rainfall / Slope Instability,0,0,True,0.9473,5.0,Very High (80-100%)
SIKKIM_INV_0032,Sikkim_State_Inventory,Sikkim Debris flow - East Sikkim,2011,Sikkim,East Sikkim - Geology: GHS paro,27.286875,88.73990555555555,Debris flow,Monsoon Rainfall / Slope Instability,0,0,True,0.9794,5.0,Very High (80-100%)
SIKKIM_INV_0033,Sikkim_State_Inventory,Sikkim Debris flow - East Sikkim,Image 10/5/2011,Sikkim,East Sikkim - Geology: GHS paro,27.2703586795352,88.85630846700964,Debris flow,Monsoon Rainfall / Slope Instability,0,0,True,,5.0,Very High (80-100%)
SIKKIM_INV_0034,Sikkim_State_Inventory,Sikkim Debris flow - East Sikkim,nan,Sikkim,East Sikkim - Geology: GHS paro,27.29192233711034,88.84036757844505,Debris flow,Monsoon Rainfall / Slope Instability,0,0,True,,5.0,Very High (80-100%)
SIKKIM_INV_0035,Sikkim_State_Inventory,Sikkim Debris flow - East Sikkim,nan,Sikkim,East Sikkim - Geology: GHS paro,27.29244971029751,88.84062111228512,Debris flow,Monsoon Rainfall / Slope Instability,0,0,True,,5.0,Very High (80-100%)
SIKKIM_INV_0036,Sikkim_State_Inventory,Sikkim Debris flow - East Sikkim,nan,Sikkim,East Sikkim - Geology: GHS paro,27.35604556650621,88.82425738107906,Debris flow,Monsoon Rainfall / Slope Instability,0,0,True,,5.0,Very High (80-100%)
SIKKIM_INV_0037,Sikkim_State_Inventory,Sikkim Debris flow - East Sikkim,nan,Sikkim,East Sikkim - Geology: GHS paro,27.31521415421343,88.86251265193629,Debris flow,Monsoon Rainfall / Slope Instability,0,0,True,,5.0,Very High (80-100%)
SIKKIM_INV_0038,Sikkim_State_Inventory,Sikkim Debris flow - East Sikkim,"Active
Image 10/5/2011",Sikkim,East Sikkim - Geology: GHS paro,27.30451934574344,88.8827354489395,Debris flow,Monsoon Rainfall / Slope Instability,0,0,True,,5.0,Very High (80-100%)
SIKKIM_INV_0039,Sikkim_State_Inventory,Sikkim Debris flow? - East Sikkim,nan,Sikkim,East Sikkim - Geology: GHS paro,27.28327412582142,88.88891076512013,Debris flow?,Monsoon Rainfall / Slope Instability,0,0,True,,5.0,Very High (80-100%)
SIKKIM_INV_0040,Sikkim_State_Inventory,Sikkim Debris flow - East Sikkim,nan,Sikkim,East Sikkim - Geology: GHS paro,27.29169828518166,88.84007468411453,Debris flow,Monsoon Rainfall / Slope Instability,0,0,True,,5.0,Very High (80-100%)
SIKKIM_INV_0041,Sikkim_State_Inventory,Sikkim Debris flow - East Sikkim,10/5/2011,Sikkim,East Sikkim - Geology: GHS paro,27.24694166666667,88.78705,Debris flow,Monsoon Rainfall / Slope Instability,0,0,True,,5.0,Very High (80-100%)
SIKKIM_INV_0042,Sikkim_State_Inventory,Sikkim Debris flow - East Sikkim,12/3/2010,Sikkim,East Sikkim - Geology: GHS paro,27.23971944444445,88.7763138888889,Debris flow,Monsoon Rainfall / Slope Instability,0,0,True,0.9826,5.0,Very High (80-100%)
SIKKIM_INV_0043,Sikkim_State_Inventory,Sikkim Debris flow - East Sikkim,Image 10//2011,Sikkim,East Sikkim - Geology: GHS paro,27.26429722222223,88.83901666666667,Debris flow,Monsoon Rainfall / Slope Instability,0,0,True,,5.0,Very High (80-100%)
SIKKIM_INV_0044,Sikkim_State_Inventory,Sikkim Debris flow - East Sikkim,Image 10/5/2011,Sikkim,East Sikkim - Geology: GHS paro,27.26833055555555,88.83188888888888,Debris flow,Monsoon Rainfall / Slope Instability,0,0,True,,5.0,Very High (80-100%)
SIKKIM_INV_0045,Sikkim_State_Inventory,Sikkim Debris flow - East Sikkim,10/5/2011,Sikkim,East Sikkim - Geology: GHS paro,27.29276388888889,88.77533611111112,Debris flow,Monsoon Rainfall / Slope Instability,0,0,True,0.8716,5.0,Very High (80-100%)
SIKKIM_INV_0046,Sikkim_State_Inventory,Sikkim Debris flow? - East Sikkim,Image 10/5/2011,Sikkim,East Sikkim - Geology: GHS paro,27.29582222222223,88.78614722222223,Debris flow?,Monsoon Rainfall / Slope Instability,0,0,True,,5.0,Very High (80-100%)
SIKKIM_INV_0047,Sikkim_State_Inventory,Sikkim Debris flow - East Sikkim,nan,Sikkim,East Sikkim - Geology: GHS paro,27.41307090535702,88.76545478239635,Debris flow,Monsoon Rainfall / Slope Instability,0,0,True,0.9409,5.0,Very High (80-100%)
SIKKIM_INV_0048,Sikkim_State_Inventory,Sikkim Debris flow? - East Sikkim,Image 1/16/2010,Sikkim,East Sikkim - Geology: GHS paro,27.25164444444445,88.74196388888889,Debris flow?,Monsoon Rainfall / Slope Instability,0,0,True,0.9331,5.0,Very High (80-100%)
SIKKIM_INV_0049,Sikkim_State_Inventory,Sikkim Debris flow - East Sikkim,2011,Sikkim,East Sikkim - Geology: GHS paro,27.29145277777778,88.70227777777778,Debris flow,Monsoon Rainfall / Slope Instability,0,0,True,0.9483,5.0,Very High (80-100%)
SIKKIM_INV_0050,Sikkim_State_Inventory,Sikkim Debris flow - East Sikkim,2011,Sikkim,East Sikkim - Geology: GHS paro,27.28393888888889,88.71533333333333,Debris flow,Monsoon Rainfall / Slope Instability,0,0,True,0.9845,5.0,Very High (80-100%)
SIKKIM_INV_0051,Sikkim_State_Inventory,Sikkim Debris flow - East Sikkim,2011,Sikkim,East Sikkim - Geology: GHS paro,27.28454166666667,88.71551111111111,Debris flow,Monsoon Rainfall / Slope Instability,0,0,True,0.9858,5.0,Very High (80-100%)
SIKKIM_INV_0052,Sikkim_State_Inventory,Sikkim Debris flow - East Sikkim,2011,Sikkim,East Sikkim - Geology: GHS paro,27.28466666666667,88.71256666666667,Debris flow,Monsoon Rainfall / Slope Instability,0,0,True,0.9825,5.0,Very High (80-100%)
SIKKIM_INV_0053,Sikkim_State_Inventory,Sikkim Debris flow - East Sikkim,2011,Sikkim,East Sikkim - Geology: GHS paro,27.28579444444445,88.73972222222223,Debris flow,Monsoon Rainfall / Slope Instability,0,0,True,0.9647,5.0,Very High (80-100%)
SIKKIM_INV_0054,Sikkim_State_Inventory,Sikkim Debris flow - East Sikkim,2011,Sikkim,East Sikkim - Geology: GHS paro,27.28455833333334,88.74000555555556,Debris flow,Monsoon Rainfall / Slope Instability,0,0,True,0.9705,5.0,Very High (80-100%)
SIKKIM_INV_0055,Sikkim_State_Inventory,Sikkim Debris flow - East Sikkim,2011,Sikkim,East Sikkim - Geology: GHS paro,27.28396388888889,88.73071388888889,Debris flow,Monsoon Rainfall / Slope Instability,0,0,True,0.9801,5.0,Very High (80-100%)
SIKKIM_INV_0056,Sikkim_State_Inventory,Sikkim Debris flow - East Sikkim,2011,Sikkim,East Sikkim - Geology: GHS paro,27.30692222222222,88.72035277777778,Debris flow,Monsoon Rainfall / Slope Instability,0,0,True,0.9695,5.0,Very High (80-100%)
SIKKIM_INV_0057,Sikkim_State_Inventory,Sikkim Debris flow - East Sikkim,2011,Sikkim,East Sikkim - Geology: GHS paro,27.30773611111111,88.72998333333334,Debris flow,Monsoon Rainfall / Slope Instability,0,0,True,0.981,5.0,Very High (80-100%)
SIKKIM_INV_0058,Sikkim_State_Inventory,Sikkim Debris flow - East Sikkim,2011,Sikkim,East Sikkim - Geology: GHS paro,27.29695555555556,88.75791111111111,Debris flow,Monsoon Rainfall / Slope Instability,0,0,True,0.9345,5.0,Very High (80-100%)
SIKKIM_INV_0059,Sikkim_State_Inventory,Sikkim Debris flow - East Sikkim,2011,Sikkim,East Sikkim - Geology: GHS paro,27.30737777777778,88.74410833333333,Debris flow,Monsoon Rainfall / Slope Instability,0,0,True,0.8927,5.0,Very High (80-100%)
SIKKIM_INV_0060,Sikkim_State_Inventory,Sikkim Debris flow - East Sikkim,2011,Sikkim,East Sikkim - Geology: GHS paro,27.30657222222221,88.74369444444444,Debris flow,Monsoon Rainfall / Slope Instability,0,0,True,0.8927,5.0,Very High (80-100%)
SIKKIM_INV_0061,Sikkim_State_Inventory,Sikkim Debris flow - East Sikkim,2011,Sikkim,East Sikkim - Geology: GHS paro,27.29933611111111,88.77169166666667,Debris flow,Monsoon Rainfall / Slope Instability,0,0,True,0.9427,5.0,Very High (80-100%)
SIKKIM_INV_0062,Sikkim_State_Inventory,Sikkim Debris flow - East Sikkim,2011,Sikkim,East Sikkim - Geology: GHS paro,27.29409722222222,88.75883611111111,Debris flow,Monsoon Rainfall / Slope Instability,0,0,True,0.9715,5.0,Very High (80-100%)
SIKKIM_INV_0063,Sikkim_State_Inventory,Sikkim Debris flow - East Sikkim,"Active
2011",Sikkim,East Sikkim - Geology: GHS paro,27.30500833333333,88.88196111111111,Debris flow,Monsoon Rainfall / Slope Instability,0,0,True,,5.0,Very High (80-100%)
SIKKIM_INV_0064,Sikkim_State_Inventory,Sikkim Debris flow - East Sikkim,nan,Sikkim,East Sikkim - Geology: GHS paro,27.29390398562222,88.7495911462523,Debris flow,Monsoon Rainfall / Slope Instability,0,0,True,0.9617,5.0,Very High (80-100%)
SIKKIM_INV_0065,Sikkim_State_Inventory,Sikkim Debris flow - East Sikkim,2005,Sikkim,East Sikkim - Geology: GHS paro,27.27645479310381,88.79754610840237,Debris flow,Monsoon Rainfall / Slope Instability,0,0,True,,5.0,Very High (80-100%)
SIKKIM_INV_0066,Sikkim_State_Inventory,Sikkim Debris flow - East Sikkim,nan,Sikkim,East Sikkim - Geology: GHS paro,27.29161188257799,88.75007560026702,Debris flow,Monsoon Rainfall / Slope Instability,0,0,True,0.953,5.0,Very High (80-100%)
SIKKIM_INV_0067,Sikkim_State_Inventory,Sikkim Debris flow - East Sikkim,2005,Sikkim,East Sikkim - Geology: GHS paro,27.27846944444444,88.79468333333332,Debris flow,Monsoon Rainfall / Slope Instability,0,0,True,,5.0,Very High (80-100%)
SIKKIM_INV_0068,Sikkim_State_Inventory,Sikkim Debris flow - East Sikkim,Active,Sikkim,East Sikkim - Geology: GHS paro,27.39307270497994,88.68033287587353,Debris flow,Monsoon Rainfall / Slope Instability,0,0,True,0.9566,5.0,Very High (80-100%)
SIKKIM_INV_0069,Sikkim_State_Inventory,Sikkim Debris flow - East Sikkim,Active,Sikkim,East Sikkim - Geology: GHS paro,27.39383957010557,88.68120913031072,Debris flow,Monsoon Rainfall / Slope Instability,0,0,True,0.9343,5.0,Very High (80-100%)
SIKKIM_INV_0070,Sikkim_State_Inventory,Sikkim Debris flow - East Sikkim,Active,Sikkim,East Sikkim - Geology: GHS paro,27.39179722222222,88.67811666666667,Debris flow,Monsoon Rainfall / Slope Instability,0,0,True,0.9046,5.0,Very High (80-100%)
SIKKIM_INV_0071,Sikkim_State_Inventory,Sikkim Debris flow - East Sikkim,nan,Sikkim,East Sikkim - Geology: GHS paro,27.40390333690794,88.70941133300761,Debris flow,Monsoon Rainfall / Slope Instability,0,0,True,0.6759,4.0,High (60-80%)
SIKKIM_INV_0072,Sikkim_State_Inventory,Sikkim Debris flow - East Sikkim,2010,Sikkim,East Sikkim - Geology: GHS paro,27.30452381400508,88.72083547491528,Debris flow,Monsoon Rainfall / Slope Instability,0,0,True,0.9818,5.0,Very High (80-100%)
SIKKIM_INV_0073,Sikkim_State_Inventory,Sikkim Debris flow - East Sikkim,2011,Sikkim,East Sikkim - Geology: GHS paro,27.19613611111111,88.72096111111111,Debris flow,Monsoon Rainfall / Slope Instability,0,0,True,0.9921,5.0,Very High (80-100%)
SIKKIM_INV_0074,Sikkim_State_Inventory,Sikkim Debris flow - East Sikkim,2011,Sikkim,East Sikkim - Geology: GHS paro,27.30923029835148,88.72246040182499,Debris flow,Monsoon Rainfall / Slope Instability,0,0,True,0.9862,5.0,Very High (80-100%)
SIKKIM_INV_0075,Sikkim_State_Inventory,Sikkim Debris flow - East Sikkim,2011,Sikkim,East Sikkim - Geology: GHS paro,27.30038611111112,88.71930555555556,Debris flow,Monsoon Rainfall / Slope Instability,0,0,True,0.9784,5.0,Very High (80-100%)
SIKKIM_INV_0076,Sikkim_State_Inventory,Sikkim Debris flow - East Sikkim,2011,Sikkim,East Sikkim - Geology: GHS paro,27.29355833333333,88.717825,Debris flow,Monsoon Rainfall / Slope Instability,0,0,True,0.9844,5.0,Very High (80-100%)
SIKKIM_INV_0077,Sikkim_State_Inventory,Sikkim Debris flow - East Sikkim,2011,Sikkim,East Sikkim - Geology: GHS paro,27.29686388888889,88.71896666666667,Debris flow,Monsoon Rainfall / Slope Instability,0,0,True,0.9863,5.0,Very High (80-100%)
SIKKIM_INV_0078,Sikkim_State_Inventory,Sikkim Debris flow - East Sikkim,2011,Sikkim,East Sikkim - Geology: GHS paro,27.2516,88.79554444444445,Debris flow,Monsoon Rainfall / Slope Instability,0,0,True,,5.0,Very High (80-100%)
SIKKIM_INV_0079,Sikkim_State_Inventory,Sikkim Debris flow - East Sikkim,2011,Sikkim,East Sikkim - Geology: GHS paro,27.30835630000655,88.7213211418203,Debris flow,Monsoon Rainfall / Slope Instability,0,0,True,0.9824,5.0,Very High (80-100%)
SIKKIM_INV_0080,Sikkim_State_Inventory,Sikkim Debris flow - East Sikkim,2011,Sikkim,East Sikkim - Geology: GHS paro,27.30124166666667,88.71953611111111,Debris flow,Monsoon Rainfall / Slope Instability,0,0,True,0.9887,5.0,Very High (80-100%)
SIKKIM_INV_0081,Sikkim_State_Inventory,Sikkim Debris flow - East Sikkim,2011,Sikkim,East Sikkim - Geology: GHS paro,27.30213333333333,88.72052222222223,Debris flow,Monsoon Rainfall / Slope Instability,0,0,True,0.9916,5.0,Very High (80-100%)
SIKKIM_INV_0082,Sikkim_State_Inventory,Sikkim Debris flow - East Sikkim,2011,Sikkim,East Sikkim - Geology: GHS paro,27.30571944444445,88.72093611111111,Debris flow,Monsoon Rainfall / Slope Instability,0,0,True,0.9893,5.0,Very High (80-100%)
SIKKIM_INV_0083,Sikkim_State_Inventory,Sikkim Debris flow - East Sikkim,2011,Sikkim,East Sikkim - Geology: GHS paro,27.30852099877428,88.72153486550467,Debris flow,Monsoon Rainfall / Slope Instability,0,0,True,0.9862,5.0,Very High (80-100%)
SIKKIM_INV_0084,Sikkim_State_Inventory,Sikkim Debris flow - East Sikkim,2011,Sikkim,East Sikkim - Geology: GHS paro,27.31255555555556,88.72418611111111,Debris flow,Monsoon Rainfall / Slope Instability,0,0,True,0.9825,5.0,Very High (80-100%)
SIKKIM_INV_0085,Sikkim_State_Inventory,Sikkim Debris flow - East Sikkim,2011,Sikkim,East Sikkim - Geology: GHS paro,27.30874444444445,88.73506111111111,Debris flow,Monsoon Rainfall / Slope Instability,0,0,True,0.9465,5.0,Very High (80-100%)
SIKKIM_INV_0086,Sikkim_State_Inventory,Sikkim Rock fall - East Sikkim,nan,Sikkim,East Sikkim - Geology: GHS paro,27.31184435229498,88.84442901511731,Rock fall,Monsoon Rainfall / Slope Instability,0,0,True,,5.0,Very High (80-100%)
SIKKIM_INV_0087,Sikkim_State_Inventory,Sikkim Rock fall - East Sikkim,image 10/18/2017,Sikkim,East Sikkim - Geology: GHS paro,27.41556111111111,88.78766666666667,Rock fall,Monsoon Rainfall / Slope Instability,0,0,True,,5.0,Very High (80-100%)
SIKKIM_INV_0088,Sikkim_State_Inventory,Sikkim Rock fall - East Sikkim,nan,Sikkim,East Sikkim - Geology: GHS paro,27.40671567439315,88.80273481565719,Rock fall,Monsoon Rainfall / Slope Instability,0,0,True,,5.0,Very High (80-100%)
SIKKIM_INV_0089,Sikkim_State_Inventory,Sikkim Rock fall - East Sikkim,nan,Sikkim,East Sikkim - Geology: GHS paro,27.40668695253415,88.80342775558407,Rock fall,Monsoon Rainfall / Slope Instability,0,0,True,,5.0,Very High (80-100%)
SIKKIM_INV_0090,Sikkim_State_Inventory,Sikkim Rock fall - East Sikkim,nan,Sikkim,East Sikkim - Geology: GHS paro,27.40695526764349,88.8041632537063,Rock fall,Monsoon Rainfall / Slope Instability,0,0,True,,5.0,Very High (80-100%)
SIKKIM_INV_0091,Sikkim_State_Inventory,Sikkim Rock fall - East Sikkim,nan,Sikkim,East Sikkim - Geology: GHS paro,27.39833033265133,88.81518114438398,Rock fall,Monsoon Rainfall / Slope Instability,0,0,True,,5.0,Very High (80-100%)
SIKKIM_INV_0092,Sikkim_State_Inventory,Sikkim Rock fall - East Sikkim,nan,Sikkim,East Sikkim - Geology: GHS paro,27.4041800068718,88.80970098011481,Rock fall,Monsoon Rainfall / Slope Instability,0,0,True,,5.0,Very High (80-100%)
SIKKIM_INV_0093,Sikkim_State_Inventory,Sikkim Debris flow - East Sikkim,nan,Sikkim,East Sikkim - Geology: GHS paro,27.40589502680407,88.80641658423534,Debris flow,Monsoon Rainfall / Slope Instability,0,0,True,,3.0,Moderate (40-60%)
SIKKIM_INV_0094,Sikkim_State_Inventory,Sikkim Rock slide - East Sikkim,nan,Sikkim,East Sikkim - Geology: GHS paro,27.40665015824408,88.80578991733844,Rock slide,Monsoon Rainfall / Slope Instability,0,0,True,,4.0,High (60-80%)
SIKKIM_INV_0095,Sikkim_State_Inventory,Sikkim Debris flow - East Sikkim,nan,Sikkim,East Sikkim - Geology: GHS paro,27.40482081787735,88.80386120519165,Debris flow,Monsoon Rainfall / Slope Instability,0,0,True,,4.0,High (60-80%)
SIKKIM_INV_0096,Sikkim_State_Inventory,Sikkim Rock slide - debris flow - East Sikkim,nan,Sikkim,East Sikkim - Geology: GHS paro,27.40369072680698,88.79820924593324,Rock slide - debris flow,Monsoon Rainfall / Slope Instability,0,0,True,,5.0,Very High (80-100%)
SIKKIM_INV_0097,Sikkim_State_Inventory,Sikkim Rock fall - East Sikkim,nan,Sikkim,East Sikkim - Geology: GHS paro,27.40761772673079,88.80520902801109,Rock fall,Monsoon Rainfall / Slope Instability,0,0,True,,5.0,Very High (80-100%)
SIKKIM_INV_0098,Sikkim_State_Inventory,Sikkim Rock fall - East Sikkim,nan,Sikkim,East Sikkim - Geology: GHS paro,27.40737388799134,88.80476890773008,Rock fall,Monsoon Rainfall / Slope Instability,0,0,True,,5.0,Very High (80-100%)
SIKKIM_INV_0099,Sikkim_State_Inventory,Sikkim Debris flow - East Sikkim,nan,Sikkim,East Sikkim - Geology: GHS paro,27.41417009524894,88.80466204398704,Debris flow,Monsoon Rainfall / Slope Instability,0,0,True,,5.0,Very High (80-100%)
SIKKIM_INV_0100,Sikkim_State_Inventory,Sikkim Debris flow - East Sikkim,nan,Sikkim,East Sikkim - Geology: GHS paro,27.41427393613874,88.80364022798892,Debris flow,Monsoon Rainfall / Slope Instability,0,0,True,,5.0,Very High (80-100%)
SIKKIM_INV_0101,Sikkim_State_Inventory,Sikkim Debris flow - East Sikkim,nan,Sikkim,East Sikkim - Geology: GHS paro,27.41482912594406,88.80322023642574,Debris flow,Monsoon Rainfall / Slope Instability,0,0,True,,5.0,Very High (80-100%)
SIKKIM_INV_0102,Sikkim_State_Inventory,Sikkim Rock fall - East Sikkim,nan,Sikkim,East Sikkim - Geology: GHS paro,27.41198966400558,88.79684583317271,Rock fall,Monsoon Rainfall / Slope Instability,0,0,True,,5.0,Very High (80-100%)
SIKKIM_INV_0103,Sikkim_State_Inventory,Sikkim Rock fall - East Sikkim,nan,Sikkim,East Sikkim - Geology: GHS paro,27.41248855395779,88.79655510027685,Rock fall,Monsoon Rainfall / Slope Instability,0,0,True,,5.0,Very High (80-100%)
SIKKIM_INV_0104,Sikkim_State_Inventory,Sikkim Rock fall - East Sikkim,nan,Sikkim,East Sikkim - Geology: GHS paro,27.41289045387628,88.796270599554,Rock fall,Monsoon Rainfall / Slope Instability,0,0,True,,5.0,Very High (80-100%)
SIKKIM_INV_0105,Sikkim_State_Inventory,Sikkim Rock fall - East Sikkim,nan,Sikkim,East Sikkim - Geology: GHS paro,27.41389560511123,88.79557892283405,Rock fall,Monsoon Rainfall / Slope Instability,0,0,True,,5.0,Very High (80-100%)
SIKKIM_INV_0106,Sikkim_State_Inventory,Sikkim Debris flow - East Sikkim,nan,Sikkim,East Sikkim - Geology: GHS paro,27.41400459107975,88.79383035450796,Debris flow,Monsoon Rainfall / Slope Instability,0,0,True,,5.0,Very High (80-100%)
SIKKIM_INV_0107,Sikkim_State_Inventory,Sikkim Debris flow - East Sikkim,nan,Sikkim,East Sikkim - Geology: GHS paro,27.41729368629538,88.79111515483228,Debris flow,Monsoon Rainfall / Slope Instability,0,0,True,,5.0,Very High (80-100%)
SIKKIM_INV_0108,Sikkim_State_Inventory,Sikkim Debris flow - East Sikkim,nan,Sikkim,East Sikkim - Geology: GHS paro,27.41663883335053,88.79346695605366,Debris flow,Monsoon Rainfall / Slope Instability,0,0,True,,5.0,Very High (80-100%)
SIKKIM_INV_0109,Sikkim_State_Inventory,Sikkim Debris flow - East Sikkim,nan,Sikkim,East Sikkim - Geology: GHS paro,27.4161011696527,88.7967213129255,Debris flow,Monsoon Rainfall / Slope Instability,0,0,True,,5.0,Very High (80-100%)
SIKKIM_INV_0110,Sikkim_State_Inventory,Sikkim Debris flow - East Sikkim,nan,Sikkim,East Sikkim - Geology: GHS paro,27.41612208414823,88.79563568189525,Debris flow,Monsoon Rainfall / Slope Instability,0,0,True,,5.0,Very High (80-100%)
SIKKIM_INV_0111,Sikkim_State_Inventory,Sikkim Rock fall - East Sikkim,nan,Sikkim,East Sikkim - Geology: GHS paro,27.41645466907499,88.79483410576539,Rock fall,Monsoon Rainfall / Slope Instability,0,0,True,,5.0,Very High (80-100%)
SIKKIM_INV_0112,Sikkim_State_Inventory,Sikkim Debris flow - East Sikkim,nan,Sikkim,East Sikkim - Geology: GHS paro,27.41658759912672,88.79806417480142,Debris flow,Monsoon Rainfall / Slope Instability,0,0,True,,5.0,Very High (80-100%)
SIKKIM_INV_0113,Sikkim_State_Inventory,Sikkim Rock fall - East Sikkim,nan,Sikkim,East Sikkim - Geology: GHS paro,27.4032026124998,88.78890470339161,Rock fall,Monsoon Rainfall / Slope Instability,0,0,True,,5.0,Very High (80-100%)
SIKKIM_INV_0114,Sikkim_State_Inventory,Sikkim Rock fall - East Sikkim,nan,Sikkim,East Sikkim - Geology: GHS paro,27.40537503739312,88.79214535847622,Rock fall,Monsoon Rainfall / Slope Instability,0,0,True,,5.0,Very High (80-100%)
SIKKIM_INV_0115,Sikkim_State_Inventory,Sikkim Debris flow - East Sikkim,nan,Sikkim,East Sikkim - Geology: GHS paro,27.40241892654273,88.78812522866012,Debris flow,Monsoon Rainfall / Slope Instability,0,0,True,,5.0,Very High (80-100%)
SIKKIM_INV_0116,Sikkim_State_Inventory,Sikkim Debris flow - East Sikkim,nan,Sikkim,East Sikkim - Geology: GHS paro,27.40166436912834,88.78824338896689,Debris flow,Monsoon Rainfall / Slope Instability,0,0,True,,5.0,Very High (80-100%)
SIKKIM_INV_0117,Sikkim_State_Inventory,Sikkim Debris flow - East Sikkim,nan,Sikkim,East Sikkim - Geology: GHS paro,27.40083331882461,88.78626718622523,Debris flow,Monsoon Rainfall / Slope Instability,0,0,True,,5.0,Very High (80-100%)
SIKKIM_INV_0118,Sikkim_State_Inventory,Sikkim Rock fall - East Sikkim,nan,Sikkim,East Sikkim - Geology: GHS paro,27.38502726863654,88.7907296783926,Rock fall,Monsoon Rainfall / Slope Instability,0,0,True,,5.0,Very High (80-100%)
SIKKIM_INV_0119,Sikkim_State_Inventory,Sikkim Debris flow - East Sikkim,nan,Sikkim,East Sikkim - Geology: GHS paro,27.38590818133828,88.79163544238146,Debris flow,Monsoon Rainfall / Slope Instability,0,0,True,,5.0,Very High (80-100%)
SIKKIM_INV_0120,Sikkim_State_Inventory,Sikkim Rock fall/debris flow - East Sikkim,nan,Sikkim,East Sikkim - Geology: GHS paro,27.37029182313335,88.83840180560426,Rock fall/debris flow,Monsoon Rainfall / Slope Instability,0,0,True,,5.0,Very High (80-100%)
SIKKIM_INV_0121,Sikkim_State_Inventory,Sikkim Debris flow - East Sikkim,image 10/19/2017,Sikkim,East Sikkim - Geology: GHS paro,27.36868888888889,88.84880833333332,Debris flow,Monsoon Rainfall / Slope Instability,0,0,True,,5.0,Very High (80-100%)
SIKKIM_INV_0122,Sikkim_State_Inventory,Sikkim Rock slide - East Sikkim,Dipslope,Sikkim,East Sikkim - Geology: GHS paro,27.38219404377141,88.8525635429216,Rock slide,Monsoon Rainfall / Slope Instability,0,0,False,,,Unclassified
SIKKIM_INV_0123,Sikkim_State_Inventory,Sikkim Rock fall - East Sikkim,nan,Sikkim,East Sikkim - Geology: GHS paro,27.37418499215418,88.86287077031803,Rock fall,Monsoon Rainfall / Slope Instability,0,0,True,,5.0,Very High (80-100%)
SIKKIM_INV_0124,Sikkim_State_Inventory,Sikkim Debris flow - East Sikkim,nan,Sikkim,East Sikkim - Geology: GHS paro,27.36037670887603,88.88019581971824,Debris flow,Monsoon Rainfall / Slope Instability,0,0,True,,5.0,Very High (80-100%)
SIKKIM_INV_0125,Sikkim_State_Inventory,Sikkim Debris flow - East Sikkim,nan,Sikkim,East Sikkim - Geology: GHS paro,27.34747842584173,88.863660440244,Debris flow,Monsoon Rainfall / Slope Instability,0,0,True,,5.0,Very High (80-100%)
SIKKIM_INV_0126,Sikkim_State_Inventory,Sikkim Rock slide - East Sikkim,nan,Sikkim,East Sikkim - Geology: GHS paro,27.29727135475122,88.85529986394172,Rock slide,Monsoon Rainfall / Slope Instability,0,0,True,,5.0,Very High (80-100%)
SIKKIM_INV_0127,Sikkim_State_Inventory,Sikkim Rock fall - East Sikkim,nan,Sikkim,East Sikkim - Geology: GHS paro,27.40504607525647,88.80672144844651,Rock fall,Monsoon Rainfall / Slope Instability,0,0,True,,5.0,Very High (80-100%)
SIKKIM_INV_0128,Sikkim_State_Inventory,Sikkim Debris flow - Sikkim,2011,Sikkim,Sikkim - Geology: LHS Daling,27.27038611111111,88.38180833333332,Debris flow,Monsoon Rainfall / Slope Instability,0,0,True,,5.0,Very High (80-100%)
SIKKIM_INV_0129,Sikkim_State_Inventory,Sikkim Debris flow - Sikkim,2005,Sikkim,Sikkim - Geology: LHS Daling,27.37193515768285,88.27445913122476,Debris flow,Monsoon Rainfall / Slope Instability,0,0,True,,5.0,Very High (80-100%)
SIKKIM_INV_0130,Sikkim_State_Inventory,Sikkim Debris flow - Sikkim,2002,Sikkim,Sikkim - Geology: LHS Daling,27.33821944444444,88.28630833333334,Debris flow,Monsoon Rainfall / Slope Instability,0,0,True,,5.0,Very High (80-100%)
SIKKIM_INV_0131,Sikkim_State_Inventory,Sikkim Debris flow - Sikkim,nan,Sikkim,Sikkim - Geology: LHS Daling,27.11244835875492,88.39664375645215,Debris flow,Monsoon Rainfall / Slope Instability,0,0,True,0.7476,4.0,High (60-80%)
SIKKIM_INV_0132,Sikkim_State_Inventory,Sikkim Debris flow - Sikkim,2011,Sikkim,Sikkim - Geology: LHS Daling,27.11174005194307,88.40181870389887,Debris flow,Monsoon Rainfall / Slope Instability,0,0,True,0.9358,5.0,Very High (80-100%)
SIKKIM_INV_0133,Sikkim_State_Inventory,Sikkim Debris flow - Sikkim,nan,Sikkim,Sikkim - Geology: LHS Daling,27.47796100595076,88.62898994374542,Debris flow,Monsoon Rainfall / Slope Instability,0,0,True,0.6248,4.0,High (60-80%)
SIKKIM_INV_0134,Sikkim_State_Inventory,Sikkim Debris flow - Sikkim,Active,Sikkim,Sikkim - Geology: LHS Daling,27.30454002064661,88.39427848218234,Debris flow,Monsoon Rainfall / Slope Instability,0,0,True,,5.0,Very High (80-100%)
SIKKIM_INV_0135,Sikkim_State_Inventory,Sikkim Debris flow - Sikkim,Active,Sikkim,Sikkim - Geology: LHS Daling,27.29571388888889,88.28200555555556,Debris flow,Monsoon Rainfall / Slope Instability,0,0,True,,5.0,Very High (80-100%)
SIKKIM_INV_0136,Sikkim_State_Inventory,Sikkim Debris slide-flow - Sikkim,2005,Sikkim,Sikkim - Geology: LHS Daling,27.390625,88.33044166666666,Debris slide-flow,Monsoon Rainfall / Slope Instability,0,0,True,,5.0,Very High (80-100%)
SIKKIM_INV_0137,Sikkim_State_Inventory,Sikkim Debris flow - Sikkim,nan,Sikkim,Sikkim - Geology: LHS Daling,27.29668333333333,88.29248888888888,Debris flow,Monsoon Rainfall / Slope Instability,0,0,True,,5.0,Very High (80-100%)
SIKKIM_INV_0138,Sikkim_State_Inventory,Sikkim Debris flow - Sikkim,2015,Sikkim,Sikkim - Geology: LHS Daling,27.30374444444444,88.33492222222222,Debris flow,Monsoon Rainfall / Slope Instability,0,0,True,,5.0,Very High (80-100%)
SIKKIM_INV_0139,Sikkim_State_Inventory,Sikkim Debris flow - Sikkim,2015,Sikkim,Sikkim - Geology: LHS Daling,27.30457222222222,88.33746666666666,Debris flow,Monsoon Rainfall / Slope Instability,0,0,True,,5.0,Very High (80-100%)
SIKKIM_INV_0140,Sikkim_State_Inventory,Sikkim Debris flow - Sikkim,2017,Sikkim,Sikkim - Geology: LHS Daling,27.30546111111111,88.33938611111111,Debris flow,Monsoon Rainfall / Slope Instability,0,0,True,,5.0,Very High (80-100%)
SIKKIM_INV_0141,Sikkim_State_Inventory,Sikkim Debris flow - Sikkim,2011,Sikkim,Sikkim - Geology: LHS Daling,27.49129444444445,88.49766111111111,Debris flow,Monsoon Rainfall / Slope Instability,0,0,True,0.9096,5.0,Very High (80-100%)
SIKKIM_INV_0142,Sikkim_State_Inventory,Sikkim Debris flow - Sikkim,2011,Sikkim,Sikkim - Geology: LHS Daling,27.13973611111111,88.43181666666668,Debris flow,Monsoon Rainfall / Slope Instability,0,0,True,0.9901,5.0,Very High (80-100%)
SIKKIM_INV_0143,Sikkim_State_Inventory,Sikkim Debris flow - Sikkim,nan,Sikkim,Sikkim - Geology: MCT zone,27.47769101844211,88.62982331151524,Debris flow,Monsoon Rainfall / Slope Instability,0,0,True,0.873,5.0,Very High (80-100%)
SIKKIM_INV_0144,Sikkim_State_Inventory,Sikkim Debris flow - Sikkim,2011,Sikkim,Sikkim - Geology: MCT zone,27.29692350400217,88.22167704839114,Debris flow,Monsoon Rainfall / Slope Instability,0,0,True,0.9922,5.0,Very High (80-100%)
SIKKIM_INV_0145,Sikkim_State_Inventory,Sikkim Debris flow - Sikkim,nan,Sikkim,Sikkim - Geology: GHS paro,27.44541028468453,88.25940399409617,Debris flow,Monsoon Rainfall / Slope Instability,0,0,True,,5.0,Very High (80-100%)
SIKKIM_INV_0146,Sikkim_State_Inventory,Sikkim Debris flow - Sikkim,nan,Sikkim,Sikkim - Geology: GHS paro,27.42475419842505,88.72104605731994,Debris flow,Monsoon Rainfall / Slope Instability,0,0,True,0.8518,5.0,Very High (80-100%)
SIKKIM_INV_0147,Sikkim_State_Inventory,Sikkim Debris flow - Sikkim,"Definite
Active
With depositional fan",Sikkim,Sikkim - Geology: GHS paro,27.44313611111111,88.14748333333334,Debris flow,Monsoon Rainfall / Slope Instability,0,0,True,,5.0,Very High (80-100%)
SIKKIM_INV_0148,Sikkim_State_Inventory,Sikkim Debris flow - Sikkim,2015,Sikkim,Sikkim - Geology: GHS paro,27.36486111111111,88.12391388888888,Debris flow,Monsoon Rainfall / Slope Instability,0,0,True,0.9237,5.0,Very High (80-100%)
SIKKIM_INV_0149,Sikkim_State_Inventory,Sikkim Debris flow - Sikkim,nan,Sikkim,Sikkim - Geology: GHS paro,27.37141403837876,88.11652508336468,Debris flow,Monsoon Rainfall / Slope Instability,0,0,True,0.9639,5.0,Very High (80-100%)
SIKKIM_INV_0150,Sikkim_State_Inventory,Sikkim Debris flow - Sikkim,2010,Sikkim,Sikkim - Geology: GHS paro,27.37864722222222,88.09322222222222,Debris flow,Monsoon Rainfall / Slope Instability,0,0,True,0.9913,5.0,Very High (80-100%)
SIKKIM_INV_0151,Sikkim_State_Inventory,Sikkim Debris flow - Sikkim,2010,Sikkim,Sikkim - Geology: GHS paro,27.38167222222222,88.09961944444444,Debris flow,Monsoon Rainfall / Slope Instability,0,0,True,0.9746,5.0,Very High (80-100%)
SIKKIM_INV_0152,Sikkim_State_Inventory,Sikkim Debris flow - Sikkim,2010,Sikkim,Sikkim - Geology: GHS paro,27.40443444744539,88.08862276653403,Debris flow,Monsoon Rainfall / Slope Instability,0,0,True,0.8792,5.0,Very High (80-100%)
SIKKIM_INV_0153,Sikkim_State_Inventory,Sikkim Debris flow - Sikkim,2010,Sikkim,Sikkim - Geology: GHS paro,27.47396111111111,88.12204166666666,Debris flow,Monsoon Rainfall / Slope Instability,0,0,True,,5.0,Very High (80-100%)
SIKKIM_INV_0154,Sikkim_State_Inventory,Sikkim Debris flow - Sikkim,2010,Sikkim,Sikkim - Geology: GHS paro,27.47333888888889,88.12066666666666,Debris flow,Monsoon Rainfall / Slope Instability,0,0,True,,5.0,Very High (80-100%)
SIKKIM_INV_0155,Sikkim_State_Inventory,Sikkim Debris flow - Sikkim,"Definite 
Active",Sikkim,Sikkim - Geology: GHS paro,27.46508333333333,88.16581388888889,Debris flow,Monsoon Rainfall / Slope Instability,0,0,True,,5.0,Very High (80-100%)
SIKKIM_INV_0156,Sikkim_State_Inventory,Sikkim Debris flow - Sikkim,"Definite
Active",Sikkim,Sikkim - Geology: GHS paro,27.45095,88.23802500000001,Debris flow,Monsoon Rainfall / Slope Instability,0,0,True,,5.0,Very High (80-100%)
SIKKIM_INV_0157,Sikkim_State_Inventory,Sikkim Debris flow - Sikkim,Earliest image 11/24/2007,Sikkim,Sikkim - Geology: GHS paro,27.42742614074958,88.71490065012237,Debris flow,Monsoon Rainfall / Slope Instability,0,0,True,0.9481,5.0,Very High (80-100%)
SIKKIM_INV_0158,Sikkim_State_Inventory,Sikkim Debris flow - Sikkim,Image 1/20/2015,Sikkim,Sikkim - Geology: GHS paro,27.40873888888889,88.69441666666667,Debris flow,Monsoon Rainfall / Slope Instability,0,0,True,0.9189,5.0,Very High (80-100%)
SIKKIM_INV_0159,Sikkim_State_Inventory,Sikkim Debris flow - Sikkim,nan,Sikkim,Sikkim - Geology: GHS paro,27.4135676265499,88.69712099198249,Debris flow,Monsoon Rainfall / Slope Instability,0,0,True,0.9472,5.0,Very High (80-100%)
SIKKIM_INV_0160,Sikkim_State_Inventory,Sikkim Debris flow - Sikkim,nan,Sikkim,Sikkim - Geology: GHS paro,27.41876666666667,88.69899722222223,Debris flow,Monsoon Rainfall / Slope Instability,0,0,True,0.9115,5.0,Very High (80-100%)
SIKKIM_INV_0161,Sikkim_State_Inventory,Sikkim Debris flow - Sikkim,nan,Sikkim,Sikkim - Geology: GHS paro,27.42773611111112,88.69818333333333,Debris flow,Monsoon Rainfall / Slope Instability,0,0,True,0.7389,4.0,High (60-80%)
SIKKIM_INV_0162,Sikkim_State_Inventory,Sikkim Debris flow - Sikkim,nan,Sikkim,Sikkim - Geology: GHS paro,27.42941151292416,88.71105507723804,Debris flow,Monsoon Rainfall / Slope Instability,0,0,True,0.8227,5.0,Very High (80-100%)
SIKKIM_INV_0163,Sikkim_State_Inventory,Sikkim Debris flow - Sikkim,nan,Sikkim,Sikkim - Geology: GHS paro,27.47121215945204,88.06854326203201,Debris flow,Monsoon Rainfall / Slope Instability,0,0,True,,4.0,High (60-80%)
SIKKIM_INV_0164,Sikkim_State_Inventory,Sikkim Debris flow - Sikkim,Active,Sikkim,Sikkim - Geology: GHS paro,27.46105555555555,88.06689444444444,Debris flow,Monsoon Rainfall / Slope Instability,0,0,True,,3.0,Moderate (40-60%)
SIKKIM_INV_0165,Sikkim_State_Inventory,Sikkim Debris flow - Sikkim,2015,Sikkim,Sikkim - Geology: GHS paro,27.44161832548429,88.26050921259251,Debris flow,Monsoon Rainfall / Slope Instability,0,0,True,,5.0,Very High (80-100%)
SIKKIM_INV_0166,Sikkim_State_Inventory,Sikkim Debris flow - Sikkim,2012,Sikkim,Sikkim - Geology: GHS paro,27.45406388888889,88.66667222222223,Debris flow,Monsoon Rainfall / Slope Instability,0,0,True,0.9247,5.0,Very High (80-100%)
SIKKIM_INV_0167,Sikkim_State_Inventory,Sikkim Rock fall - Sikkim,nan,Sikkim,Sikkim - Geology: GHS paro,27.42749537475755,88.79302889314532,Rock fall,Monsoon Rainfall / Slope Instability,0,0,True,,5.0,Very High (80-100%)
SIKKIM_INV_0168,Sikkim_State_Inventory,Sikkim Rock fall - Sikkim,nan,Sikkim,Sikkim - Geology: GHS paro,27.42733495463688,88.7903615450172,Rock fall,Monsoon Rainfall / Slope Instability,0,0,True,,5.0,Very High (80-100%)
SIKKIM_INV_0169,Sikkim_State_Inventory,Sikkim Rock fall - Sikkim,nan,Sikkim,Sikkim - Geology: GHS paro,27.42795716182562,88.79143659342029,Rock fall,Monsoon Rainfall / Slope Instability,0,0,True,,5.0,Very High (80-100%)
SIKKIM_INV_0170,Sikkim_State_Inventory,Sikkim Rock fall - Sikkim,nan,Sikkim,Sikkim - Geology: GHS paro,27.43458359869217,88.79201219921964,Rock fall,Monsoon Rainfall / Slope Instability,0,0,True,,5.0,Very High (80-100%)
SIKKIM_INV_0171,Sikkim_State_Inventory,Sikkim Rock fall - Sikkim,nan,Sikkim,Sikkim - Geology: GHS paro,27.43621239868231,88.79037370049178,Rock fall,Monsoon Rainfall / Slope Instability,0,0,True,,5.0,Very High (80-100%)
SIKKIM_INV_0172,Sikkim_State_Inventory,Sikkim Rock fall - Sikkim,nan,Sikkim,Sikkim - Geology: GHS paro,27.43613207759973,88.7898994342073,Rock fall,Monsoon Rainfall / Slope Instability,0,0,True,,5.0,Very High (80-100%)
SIKKIM_INV_0173,Sikkim_State_Inventory,Sikkim Rock fall - Sikkim,nan,Sikkim,Sikkim - Geology: GHS paro,27.4361556947761,88.78944193209672,Rock fall,Monsoon Rainfall / Slope Instability,0,0,True,,5.0,Very High (80-100%)
SIKKIM_INV_0174,Sikkim_State_Inventory,Sikkim Rock fall - Sikkim,nan,Sikkim,Sikkim - Geology: GHS paro,27.43597324509556,88.78937168663943,Rock fall,Monsoon Rainfall / Slope Instability,0,0,True,,5.0,Very High (80-100%)
SIKKIM_INV_0175,Sikkim_State_Inventory,Sikkim Rock fall/debris flow - Sikkim,nan,Sikkim,Sikkim - Geology: GHS paro,27.43704731206275,88.79065386126524,Rock fall/debris flow,Monsoon Rainfall / Slope Instability,0,0,True,,5.0,Very High (80-100%)
SIKKIM_INV_0176,Sikkim_State_Inventory,Sikkim Rock fall/debris flow - Sikkim,nan,Sikkim,Sikkim - Geology: GHS paro,27.43804184648138,88.79077923824208,Rock fall/debris flow,Monsoon Rainfall / Slope Instability,0,0,True,,5.0,Very High (80-100%)
SIKKIM_INV_0177,Sikkim_State_Inventory,Sikkim Rock fall - Sikkim,nan,Sikkim,Sikkim - Geology: GHS paro,27.43386080441394,88.79261283713156,Rock fall,Monsoon Rainfall / Slope Instability,0,0,True,,5.0,Very High (80-100%)
SIKKIM_INV_0178,Sikkim_State_Inventory,Sikkim Debris flow - Sikkim,2009,Sikkim,Sikkim - Geology: LHS,27.19178611111111,88.30263055555555,Debris flow,Monsoon Rainfall / Slope Instability,0,0,True,,5.0,Very High (80-100%)
SIKKIM_INV_0179,Sikkim_State_Inventory,Sikkim Debris flow - Sikkim,2011,Sikkim,Sikkim - Geology: LHS,27.20736388888889,88.3612861111111,Debris flow,Monsoon Rainfall / Slope Instability,0,0,True,,5.0,Very High (80-100%)
SIKKIM_INV_0180,Sikkim_State_Inventory,Sikkim Debris flow - Sikkim,nan,Sikkim,Sikkim - Geology: Lingtse,27.47841156411558,88.62808103042212,Debris flow,Monsoon Rainfall / Slope Instability,0,0,True,0.8114,5.0,Very High (80-100%)
SIKKIM_INV_0181,Sikkim_State_Inventory,Sikkim Debris flow - Sikkim,2012,Sikkim,Sikkim - Geology: Lingtse,27.39975555555555,88.63502500000001,Debris flow,Monsoon Rainfall / Slope Instability,0,0,True,0.9098,5.0,Very High (80-100%)
SIKKIM_INV_0182,Sikkim_State_Inventory,Sikkim Debris flow - nan,Image 10/5/2011,Sikkim,nan - Geology: GHS paro,27.21328111048475,88.81982083633417,Debris flow,Monsoon Rainfall / Slope Instability,0,0,False,,,Unclassified
SIKKIM_INV_0183,Sikkim_State_Inventory,Sikkim Debris flow - nan,nan,Sikkim,nan - Geology: GHS paro,27.26480340780678,88.88943225803166,Debris flow,Monsoon Rainfall / Slope Instability,0,0,False,,,Unclassified
SIKKIM_INV_0184,Sikkim_State_Inventory,Sikkim Debris flow - nan,Image 10/5/2011,Sikkim,nan - Geology: GHS paro,27.21424166666667,88.82013333333333,Debris flow,Monsoon Rainfall / Slope Instability,0,0,False,,,Unclassified
SIKKIM_INV_0185,Sikkim_State_Inventory,Sikkim Rock fall - nan,nan,Sikkim,nan - Geology: GHS paro,27.40865719865226,88.80898867958042,Rock fall,Monsoon Rainfall / Slope Instability,0,0,True,,5.0,Very High (80-100%)
MIZORAM_INV_001,Mizoram_State_Inventory,"Mizoram Landslide: Tlangval village, Aizawl district",2016-09-17,Mizoram,5 killed (incl. 4-yr-old); 10 houses destroyed; 6 dismantled; 17 families evacuated; 80+ graves exposed at 2 cemeteries,23.73,92.72,Debris slide (rainfall-triggered),Heavy Monsoon Downpour,0,0,True,0.9887,5.0,Very High (80-100%)
MIZORAM_INV_002,Mizoram_State_Inventory,"Mizoram Landslide: College Veng road section, Sikulpuikawn–Bethlehem Veng road, SE Aizawl",2017-09-17,Mizoram,"Road damage; slide 75 ft long, 25 ft high; no reported casualties",23.7246,92.7245,Dip-slope shale failure,Heavy Monsoon Downpour,0,0,True,0.9297,5.0,Very High (80-100%)
MIZORAM_INV_003,Mizoram_State_Inventory,"Mizoram Landslide: Durtlang Leitan, BSUP housing complex, ~5 km N of Aizawl",2019-07-02,Mizoram,3 killed; 9 injured; 3 of 20 apartment blocks collapsed,23.7725,92.7439,Translational slide on dipping shale beds,Heavy Monsoon Downpour,0,0,True,0.846,5.0,Very High (80-100%)
MIZORAM_INV_004,Mizoram_State_Inventory,"Mizoram Landslide: Thuampui, Bawngkawn police station area, NE Aizawl",2021-06-11,Mizoram,4 children killed (aged 3–16); 2 injured; retaining wall collapse swept away house,23.75,92.73,Retaining wall failure / debris slide,Heavy Monsoon Downpour,0,0,True,0.8785,5.0,Very High (80-100%)
MIZORAM_INV_005,Mizoram_State_Inventory,"Mizoram Landslide: Ngaizel, Kulikawn locality, Aizawl town",2021-06-13,Mizoram,Road blocked by debris; no reported fatalities; classified as High Susceptibility Zone,23.73,92.73,Rock slide / rock fall in interbedded sandstone–shale,Heavy Monsoon Downpour,0,0,True,0.8614,5.0,Very High (80-100%)
MIZORAM_INV_006,Mizoram_State_Inventory,"Mizoram Landslide: Melthum stone quarry, S outskirts of Aizawl",2024-05-28,Mizoram,"15 killed; houses and worker camps buried; 10 houses destroyed, 22 vehicles damaged",23.7,92.72,Quarry collapse / debris slide,Heavy Monsoon Downpour,0,0,True,0.9571,5.0,Very High (80-100%)
MIZORAM_INV_007,Mizoram_State_Inventory,"Mizoram Landslide: Hlimen, S outskirts of Aizawl (adjacent to Melthum)",2024-05-28,Mizoram,6 killed; structures damaged,23.7,92.72,Debris slide,Heavy Monsoon Downpour,0,0,True,0.9571,5.0,Very High (80-100%)
MIZORAM_INV_008,Mizoram_State_Inventory,"Mizoram Landslide: Salem Veng, Aizawl city",2024-05-28,Mizoram,3 killed; building caved in,23.74,92.72,Building collapse from landslide,Heavy Monsoon Downpour,0,0,True,0.982,5.0,Very High (80-100%)
MIZORAM_INV_009,Mizoram_State_Inventory,"Mizoram Landslide: Falkawn village, ~15 km from Aizawl",2024-05-28,Mizoram,2 killed; houses swept away,23.68,92.73,Debris slide,Heavy Monsoon Downpour,0,0,True,0.7391,4.0,High (60-80%)
MIZORAM_INV_010,Mizoram_State_Inventory,"Mizoram Landslide: Chawnpui, Aizawl district",2024-05-28,Mizoram,8 family members swept away,23.72,92.71,Debris slide,Heavy Monsoon Downpour,0,0,True,0.9253,5.0,Very High (80-100%)
MIZORAM_INV_011,Mizoram_State_Inventory,"Mizoram Landslide: Republic Veng, Kanan Veng, Kulikawn cemeteries, Aizawl",2024-05-28,Mizoram,300+ graves displaced/damaged; no fatalities,23.73,92.72,Multiple debris slides,Heavy Monsoon Downpour,0,0,True,0.9887,5.0,Very High (80-100%)
MIZORAM_INV_012,Mizoram_State_Inventory,"Mizoram Landslide: BSUP complex, Durtlang (same site as 2019 event)",2024-05-28,Mizoram,Debris flow; lower portion of complex slid; debris thickness 1.6 m,23.7725,92.7439,Debris flow on shale bed (dip 32°),Heavy Monsoon Downpour,0,0,True,0.846,5.0,Very High (80-100%)
MIZORAM_INV_013,Mizoram_State_Inventory,Mizoram Landslide: NH-6 at Hunthar and NH-54 at Bungbangla,2024-05-28,Mizoram,Aizawl cut off from rest of India; major road blockages,23.74,92.71,Landslide / road blockage,Heavy Monsoon Downpour,0,0,True,0.9803,5.0,Very High (80-100%)
MIZORAM_INV_014,Mizoram_State_Inventory,"Mizoram Landslide: Thuampui, NE Aizawl",2024-05-30,Mizoram,1 killed (wall collapse on labourers' camp),23.75,92.73,Retaining wall failure,Heavy Monsoon Downpour,0,0,True,0.8785,5.0,Very High (80-100%)
MIZORAM_INV_015,Mizoram_State_Inventory,"Mizoram Landslide: Zemabawk High School Veng, N outskirts of Aizawl",2024-07-02,Mizoram,"3 killed — Isak Chhangte (32), wife Lalrinthari (25), daughter Abigail (4); building buried",23.76,92.74,Rainfall-triggered debris slide,Heavy Monsoon Downpour,0,0,True,0.9674,5.0,Very High (80-100%)
MIZORAM_INV_016,Mizoram_State_Inventory,"Mizoram Landslide: Zuangtui and Bawngkawn, Aizawl",2024-07-02,Mizoram,"3 buildings swept away in Zuangtui, 1 in Bawngkawn; no casualties (occupants evacuated)",23.76,92.73,Debris slides,Heavy Monsoon Downpour,0,0,True,0.9494,5.0,Very High (80-100%)
MIZORAM_INV_017,Mizoram_State_Inventory,"Mizoram Landslide: Kawnpui, Kolasib/Aizawl district border",2024-08-28,Mizoram,Newly constructed railway station partially collapsed; no casualties,24.03,92.62,Landslide,Heavy Monsoon Downpour,0,0,True,,1.0,Very Low (0-20%)
MIZORAM_INV_018,Mizoram_State_Inventory,"Mizoram Landslide: Thuampui, NE Aizawl",2025-05-30,Mizoram,"1 killed (37-yr-old man), 1 injured; retaining wall collapse onto labourers' camp",23.75,92.73,Retaining wall failure,Heavy Monsoon Downpour,0,0,True,0.8785,5.0,Very High (80-100%)
MIZORAM_INV_019,Mizoram_State_Inventory,"Mizoram Landslide: Rangvamual (W Aizawl), Berawtlang (E Aizawl), Ramhlun South",2025-05-30,Mizoram,"Retaining wall collapse, bridge road collapse, massive rockfall blocking road; no casualties",23.74,92.72,"Multiple types (retaining wall, rockfall)",Heavy Monsoon Downpour,0,0,True,0.982,5.0,Very High (80-100%)
MIZORAM_INV_023,Mizoram_State_Inventory,Mizoram Landslide: nan,nan,Mizoram,nan,24.03,92.7439,nan,Heavy Monsoon Downpour,0,0,True,,3.0,Moderate (40-60%)
MIZORAM_INV_024,Mizoram_State_Inventory,Mizoram Landslide: nan,nan,Mizoram,nan,23.68,92.62,nan,Heavy Monsoon Downpour,0,0,True,,5.0,Very High (80-100%)
